{
  "episode_return": 128.82356528860225,
  "success": 1.0,
  "collision": 0.0,
  "distance_to_goal": 0.8999271988868713,
  "route_line_lateral_error": 0.8402659893035889,
  "route_progress_ratio": 0.9077589633065826,
  "min_obstacle_distance": 0.9645556211471558,
  "min_clearance": 0.6145556211471558,
  "path_length": 3.7540588477204437,
  "start_to_goal_distance": 3.4931728839874268,
  "steps": 573.0,
  "control_effort": 0.6729844623419211,
  "episode_duration": 19.1,
  "time_to_goal": 19.1,
  "episode_seed": 100007
}