{
  "case_label": "Best Reached Stage",
  "stage_name": "target_bypass_intro_v2",
  "model_path": "checkpoints/default/stages/target_bypass_intro_v2/best_model.pth",
  "model_source": "stage_best",
  "summary": {
    "num_episodes": 1,
    "success_rate": 1.0,
    "collision_rate": 0.0,
    "avg_episode_return": 128.8235626220703,
    "avg_path_length": 3.754058837890625,
    "avg_episode_duration": 19.100000381469727,
    "avg_time_to_goal": 19.100000381469727,
    "avg_distance_to_goal": 0.8999271988868713,
    "avg_route_line_lateral_error": 0.8402659893035889,
    "avg_min_obstacle_distance": 0.9645556211471558,
    "avg_min_clearance": 0.6145555973052979,
    "avg_control_effort": 0.6729844808578491,
    "avg_path_efficiency": 0.930505633354187,
    "avg_steps": 573.0,
    "best_distance_to_goal": 0.8999271988868713,
    "best_route_line_lateral_error": 0.8402659893035889,
    "best_episode_return": 128.8235626220703,
    "deterministic": 1.0,
    "seed_offset": 100000,
    "stage_name": "target_bypass_intro_v2",
    "case_label": "Best Reached Stage"
  },
  "best_episode_seed": 100007,
  "plot_2d": "results/default/showcase/target_bypass_intro_v2/best_episode_2d.png",
  "plot_3d": "results/default/showcase/target_bypass_intro_v2/best_episode_3d.png",
  "video_path": "results/default/showcase/target_bypass_intro_v2/best_episode.mp4",
  "video_error": null,
  "video_metrics": {
    "episode_return": 131.66994545278638,
    "success": 1.0,
    "collision": 0.0,
    "distance_to_goal": 0.8986297249794006,
    "route_line_lateral_error": 0.8584251999855042,
    "route_progress_ratio": 0.9239130872490322,
    "min_obstacle_distance": 0.985030472278595,
    "min_clearance": 0.635030472278595,
    "path_length": 3.71246745443932,
    "start_to_goal_distance": 3.4931728839874268,
    "steps": 546.0,
    "control_effort": 0.6709063189588623,
    "episode_duration": 18.2,
    "time_to_goal": 18.2
  },
  "episodes": [
    {
      "episode_return": 128.82356528860225,
      "success": 1.0,
      "collision": 0.0,
      "distance_to_goal": 0.8999271988868713,
      "route_line_lateral_error": 0.8402659893035889,
      "route_progress_ratio": 0.9077589633065826,
      "min_obstacle_distance": 0.9645556211471558,
      "min_clearance": 0.6145556211471558,
      "path_length": 3.7540588477204437,
      "start_to_goal_distance": 3.4931728839874268,
      "steps": 573.0,
      "control_effort": 0.6729844623419211,
      "episode_duration": 19.1,
      "time_to_goal": 19.1
    }
  ]
}