{
  "stage_index": 8,
  "stage_name": "target_bypass_commit_v2",
  "train_episode": 800,
  "stage_episode": 20,
  "eval_index": 1,
  "num_episodes": 12,
  "success_rate": 0.4166666567325592,
  "collision_rate": 0.1666666716337204,
  "avg_episode_return": 10.393216133117676,
  "avg_path_length": 3.855778694152832,
  "avg_episode_duration": 20.322221755981445,
  "avg_time_to_goal": 19.479999542236328,
  "avg_distance_to_goal": 1.1328684091567993,
  "avg_route_line_lateral_error": 0.7432024478912354,
  "avg_min_obstacle_distance": 0.6142884492874146,
  "avg_min_clearance": 0.26428845524787903,
  "avg_control_effort": 0.6613998413085938,
  "avg_path_efficiency": 0.4068796932697296,
  "avg_steps": 609.6666870117188,
  "best_distance_to_goal": 0.737484335899353,
  "best_route_line_lateral_error": 0.2800185978412628,
  "best_episode_return": 144.55679321289062,
  "deterministic": 1.0,
  "seed_offset": 100000
}