{
  "stage_index": 7,
  "stage_name": "target_bypass_intro_v2",
  "train_episode": 780,
  "stage_episode": 140,
  "eval_index": 16,
  "num_episodes": 12,
  "success_rate": 0.9166666865348816,
  "collision_rate": 0.0833333358168602,
  "avg_episode_return": 118.81832885742188,
  "avg_path_length": 3.092500686645508,
  "avg_episode_duration": 14.588890075683594,
  "avg_time_to_goal": 15.039395332336426,
  "avg_distance_to_goal": 0.9398260116577148,
  "avg_route_line_lateral_error": 0.6614712476730347,
  "avg_min_obstacle_distance": 0.620292603969574,
  "avg_min_clearance": 0.27029263973236084,
  "avg_control_effort": 0.6785423755645752,
  "avg_path_efficiency": 0.9111712574958801,
  "avg_steps": 437.6666564941406,
  "best_distance_to_goal": 0.8955748081207275,
  "best_route_line_lateral_error": 0.4661949574947357,
  "best_episode_return": 141.9388427734375,
  "deterministic": 1.0,
  "seed_offset": 100000
}