{
  "case_label": "Wanted Stage",
  "stage_name": "target_default",
  "model_path": "checkpoints/default/last_model.pth",
  "model_source": "global_checkpoint",
  "summary": {
    "num_episodes": 12,
    "success_rate": 0.0,
    "collision_rate": 0.1666666716337204,
    "avg_episode_return": -78.79176330566406,
    "avg_path_length": 3.0704033374786377,
    "avg_episode_duration": 25.788888931274414,
    "avg_time_to_goal": 0.0,
    "avg_distance_to_goal": 2.951174020767212,
    "avg_route_line_lateral_error": 1.8601049184799194,
    "avg_min_obstacle_distance": 0.8089725375175476,
    "avg_min_clearance": 0.4589724838733673,
    "avg_control_effort": 0.8148074746131897,
    "avg_path_efficiency": 0.0,
    "avg_steps": 773.6666870117188,
    "best_distance_to_goal": 2.543759822845459,
    "best_route_line_lateral_error": 0.6615006327629089,
    "best_episode_return": -53.781455993652344,
    "deterministic": 1.0,
    "seed_offset": 100000,
    "stage_name": "target_default",
    "case_label": "Wanted Stage"
  },
  "best_episode_seed": 100008,
  "plot_2d": "results/default/showcase/target_default/best_episode_2d.png",
  "plot_3d": "results/default/showcase/target_default/best_episode_3d.png",
  "video_path": "results/default/showcase/target_default/best_episode.mp4",
  "video_error": null,
  "video_metrics": {
    "episode_return": -120.64326088438793,
    "success": 0.0,
    "collision": 0.0,
    "distance_to_goal": 2.600325107574463,
    "route_line_lateral_error": 2.1785502433776855,
    "route_progress_ratio": 0.649809471856315,
    "min_obstacle_distance": 0.40185683965682983,
    "min_clearance": 0.051856839656829856,
    "path_length": 3.60145925872488,
    "start_to_goal_distance": 4.054143905639648,
    "steps": 880.0,
    "control_effort": 0.8171302888881077,
    "episode_duration": 29.333333333333332,
    "time_to_goal": null
  },
  "episodes": [
    {
      "episode_return": -66.66378095094686,
      "success": 0.0,
      "collision": 0.0,
      "distance_to_goal": 2.825671911239624,
      "route_line_lateral_error": 1.448636770248413,
      "route_progress_ratio": 0.4523872923713371,
      "min_obstacle_distance": 0.706289529800415,
      "min_clearance": 0.35628952980041506,
      "path_length": 2.526388240677491,
      "start_to_goal_distance": 4.4302873611450195,
      "steps": 880.0,
      "control_effort": 0.8116491723467003,
      "episode_duration": 29.333333333333332,
      "time_to_goal": null
    },
    {
      "episode_return": -132.8808983765362,
      "success": 0.0,
      "collision": 0.0,
      "distance_to_goal": 2.543759822845459,
      "route_line_lateral_error": 2.079836130142212,
      "route_progress_ratio": 0.6387446901703521,
      "min_obstacle_distance": 0.3528456687927246,
      "min_clearance": 0.0028456687927246316,
      "path_length": 3.4202445519052844,
      "start_to_goal_distance": 4.054143905639648,
      "steps": 880.0,
      "control_effort": 0.8205147482454777,
      "episode_duration": 29.333333333333332,
      "time_to_goal": null
    },
    {
      "episode_return": -75.3932610124518,
      "success": 0.0,
      "collision": 0.0,
      "distance_to_goal": 2.8718013763427734,
      "route_line_lateral_error": 1.6158466339111328,
      "route_progress_ratio": 0.4393447245420426,
      "min_obstacle_distance": 1.5242811441421509,
      "min_clearance": 1.1742811441421508,
      "path_length": 2.520840434599638,
      "start_to_goal_distance": 4.2344841957092285,
      "steps": 880.0,
      "control_effort": 0.8284683291207661,
      "episode_duration": 29.333333333333332,
      "time_to_goal": null
    },
    {
      "episode_return": -90.32939244133492,
      "success": 0.0,
      "collision": 0.0,
      "distance_to_goal": 2.933997869491577,
      "route_line_lateral_error": 2.8936350345611572,
      "route_progress_ratio": 0.8795260132682551,
      "min_obstacle_distance": 0.8664498925209045,
      "min_clearance": 0.5164498925209046,
      "path_length": 4.874127151269931,
      "start_to_goal_distance": 4.0257248878479,
      "steps": 880.0,
      "control_effort": 0.7997320559214461,
      "episode_duration": 29.333333333333332,
      "time_to_goal": null
    },
    {
      "episode_return": -73.8521540357522,
      "success": 0.0,
      "collision": 0.0,
      "distance_to_goal": 2.93019437789917,
      "route_line_lateral_error": 1.4935839176177979,
      "route_progress_ratio": 0.424480315638641,
      "min_obstacle_distance": 1.2167609930038452,
      "min_clearance": 0.8667609930038452,
      "path_length": 2.5878408944080604,
      "start_to_goal_distance": 4.380321979522705,
      "steps": 880.0,
      "control_effort": 0.8103269279680468,
      "episode_duration": 29.333333333333332,
      "time_to_goal": null
    },
    {
      "episode_return": -82.74514428466652,
      "success": 0.0,
      "collision": 0.0,
      "distance_to_goal": 3.1797220706939697,
      "route_line_lateral_error": 2.7615270614624023,
      "route_progress_ratio": 0.6434688948590075,
      "min_obstacle_distance": 0.9744418859481812,
      "min_clearance": 0.6244418859481812,
      "path_length": 4.069358932213461,
      "start_to_goal_distance": 4.421105861663818,
      "steps": 880.0,
      "control_effort": 0.8235964533957568,
      "episode_duration": 29.333333333333332,
      "time_to_goal": null
    },
    {
      "episode_return": -69.81920322868382,
      "success": 0.0,
      "collision": 0.0,
      "distance_to_goal": 2.5464444160461426,
      "route_line_lateral_error": 2.002401828765869,
      "route_progress_ratio": 0.6105193411518037,
      "min_obstacle_distance": 1.4198390245437622,
      "min_clearance": 1.0698390245437621,
      "path_length": 3.328087407454852,
      "start_to_goal_distance": 4.039068222045898,
      "steps": 880.0,
      "control_effort": 0.8392258933999321,
      "episode_duration": 29.333333333333332,
      "time_to_goal": null
    },
    {
      "episode_return": -75.94146031108032,
      "success": 0.0,
      "collision": 0.0,
      "distance_to_goal": 2.729811906814575,
      "route_line_lateral_error": 2.56095814704895,
      "route_progress_ratio": 0.7804979549024316,
      "min_obstacle_distance": 0.6060879230499268,
      "min_clearance": 0.2560879230499268,
      "path_length": 4.536097869917285,
      "start_to_goal_distance": 4.306018829345703,
      "steps": 880.0,
      "control_effort": 0.8108505796979774,
      "episode_duration": 29.333333333333332,
      "time_to_goal": null
    },
    {
      "episode_return": -55.655557451241194,
      "success": 0.0,
      "collision": 0.0,
      "distance_to_goal": 2.634557008743286,
      "route_line_lateral_error": 1.6656099557876587,
      "route_progress_ratio": 0.5484971638003019,
      "min_obstacle_distance": 0.7731503248214722,
      "min_clearance": 0.4231503248214722,
      "path_length": 3.0714661085711725,
      "start_to_goal_distance": 4.520975589752197,
      "steps": 880.0,
      "control_effort": 0.8109879171306437,
      "episode_duration": 29.333333333333332,
      "time_to_goal": null
    },
    {
      "episode_return": -81.64327485427813,
      "success": 0.0,
      "collision": 0.0,
      "distance_to_goal": 3.1593098640441895,
      "route_line_lateral_error": 1.467293381690979,
      "route_progress_ratio": 0.37517518372927705,
      "min_obstacle_distance": 0.5698652863502502,
      "min_clearance": 0.21986528635025027,
      "path_length": 2.268475511673236,
      "start_to_goal_distance": 4.477908611297607,
      "steps": 880.0,
      "control_effort": 0.8370763202282515,
      "episode_duration": 29.333333333333332,
      "time_to_goal": null
    },
    {
      "episode_return": -86.79556815160231,
      "success": 0.0,
      "collision": 1.0,
      "distance_to_goal": 3.5846312046051025,
      "route_line_lateral_error": 0.6615006327629089,
      "route_progress_ratio": 0.19089348469555206,
      "min_obstacle_distance": 0.34998464584350586,
      "min_clearance": -1.535415649411842e-05,