{
  "stage_index": 1,
  "stage_name": "corridor_dash",
  "train_episode": 60,
  "stage_episode": 40,
  "eval_index": 2,
  "num_episodes": 12,
  "success_rate": 1.0,
  "collision_rate": 0.0,
  "avg_episode_return": 87.70075225830078,
  "avg_path_length": 0.5814585089683533,
  "avg_episode_duration": 2.633333444595337,
  "avg_time_to_goal": 2.633333444595337,
  "avg_distance_to_goal": 1.0947155952453613,
  "avg_route_line_lateral_error": 0.05380694195628166,
  "avg_min_obstacle_distance": 3.1209723949432373,
  "avg_min_clearance": 2.77097225189209,
  "avg_control_effort": 0.6803340315818787,
  "avg_path_efficiency": 1.0,
  "avg_steps": 79.0,
  "best_distance_to_goal": 1.090766191482544,
  "best_route_line_lateral_error": 0.005738744977861643,
  "best_episode_return": 94.93864440917969,
  "deterministic": 1.0,
  "seed_offset": 100000
}