{
  "stage_index": 6,
  "stage_name": "medium_crossing",
  "train_episode": 400,
  "stage_episode": 20,
  "eval_index": 1,
  "num_episodes": 6,
  "success_rate": 1.0,
  "collision_rate": 0.0,
  "avg_episode_return": 129.75994873046875,
  "avg_path_length": 2.4468166828155518,
  "avg_episode_duration": 9.80555534362793,
  "avg_time_to_goal": 9.80555534362793,
  "avg_min_obstacle_distance": 1.5452800989151,
  "avg_min_clearance": 1.1952803134918213,
  "avg_control_effort": 0.7054784893989563,
  "avg_path_efficiency": 1.0,
  "avg_steps": 294.1666564941406,
  "best_episode_return": 131.564697265625,
  "deterministic": 1.0,
  "seed_offset": 100000
}