{
  "stage_index": 4,
  "stage_name": "bridge_crossing_commit",
  "train_episode": 300,
  "stage_episode": 60,
  "eval_index": 3,
  "num_episodes": 12,
  "success_rate": 1.0,
  "collision_rate": 0.0,
  "avg_episode_return": 96.0981216430664,
  "avg_path_length": 1.9094876050949097,
  "avg_episode_duration": 7.719444274902344,
  "avg_time_to_goal": 7.719444274902344,
  "avg_distance_to_goal": 0.9148923754692078,
  "avg_route_line_lateral_error": 0.10976260900497437,
  "avg_min_obstacle_distance": 2.078005790710449,
  "avg_min_clearance": 1.7280058860778809,
  "avg_control_effort": 0.704669713973999,
  "avg_path_efficiency": 1.0,
  "avg_steps": 231.5833282470703,
  "best_distance_to_goal": 0.9104357957839966,
  "best_route_line_lateral_error": 0.033090535551309586,
  "best_episode_return": 101.08880615234375,
  "deterministic": 1.0,
  "seed_offset": 100000
}