{
  "stage_index": 6,
  "stage_name": "medium_crossing",
  "train_episode": 400,
  "stage_episode": 20,
  "eval_index": 1,
  "num_episodes": 12,
  "success_rate": 1.0,
  "collision_rate": 0.0,
  "avg_episode_return": 130.2810516357422,
  "avg_path_length": 2.731281280517578,
  "avg_episode_duration": 11.105555534362793,
  "avg_time_to_goal": 11.105555534362793,
  "avg_distance_to_goal": 0.8371260166168213,
  "avg_route_line_lateral_error": 0.4784577190876007,
  "avg_min_obstacle_distance": 1.3466405868530273,
  "avg_min_clearance": 0.9966404438018799,
  "avg_control_effort": 0.7009822726249695,
  "avg_path_efficiency": 1.0,
  "avg_steps": 333.1666564941406,
  "best_distance_to_goal": 0.8324475288391113,
  "best_route_line_lateral_error": 0.2954545319080353,
  "best_episode_return": 135.54812622070312,
  "deterministic": 1.0,
  "seed_offset": 100000
}