{
  "stage_index": 0,
  "stage_name": "short_hop_goal_lock",
  "train_episode": 20,
  "stage_episode": 20,
  "eval_index": 1,
  "num_episodes": 12,
  "success_rate": 1.0,
  "collision_rate": 0.0,
  "avg_episode_return": 73.80047607421875,
  "avg_path_length": 0.4896279275417328,
  "avg_episode_duration": 2.316666603088379,
  "avg_time_to_goal": 2.316666603088379,
  "avg_distance_to_goal": 1.0957872867584229,
  "avg_route_line_lateral_error": 0.06501103192567825,
  "avg_min_obstacle_distance": 3.130211114883423,
  "avg_min_clearance": 2.7802114486694336,
  "avg_control_effort": 0.6718757748603821,
  "avg_path_efficiency": 1.0,
  "avg_steps": 69.5,
  "best_distance_to_goal": 1.0923408269882202,
  "best_route_line_lateral_error": 0.021763918921351433,
  "best_episode_return": 79.05768585205078,
  "deterministic": 1.0,
  "seed_offset": 100000
}