{
  "stage_index": 5,
  "stage_name": "medium_crossing_intro",
  "train_episode": 360,
  "stage_episode": 20,
  "eval_index": 1,
  "num_episodes": 12,
  "success_rate": 1.0,
  "collision_rate": 0.0,
  "avg_episode_return": 141.1602020263672,
  "avg_path_length": 2.223280191421509,
  "avg_episode_duration": 8.897221565246582,
  "avg_time_to_goal": 8.897221565246582,
  "avg_distance_to_goal": 0.915975034236908,
  "avg_route_line_lateral_error": 0.3118687570095062,
  "avg_min_obstacle_distance": 1.8038749694824219,
  "avg_min_clearance": 1.453874945640564,
  "avg_control_effort": 0.7082977294921875,
  "avg_path_efficiency": 1.0,
  "avg_steps": 266.9166564941406,
  "best_distance_to_goal": 0.9108059406280518,
  "best_route_line_lateral_error": 0.21844644844532013,
  "best_episode_return": 147.56430053710938,
  "deterministic": 1.0,
  "seed_offset": 100000
}