{
  "summary": {
    "train_episode": 2640,
    "stage_index": 7,
    "stage_name": "target_default_intro",
    "stage_episode": 1880,
    "stage_eval_index": 110,
    "stage_target_hit": 0.0,
    "stage_success_streak": 0,
    "stage_best_success_rate": 0.5,
    "stage_best_collision_rate": 0.0,
    "stage_best_avg_return": 73.55451202392578,
    "stage_bad_eval_streak": 94,
    "stage_regression_active": 1.0,
    "stage_regression_bad_eval": 1.0,
    "stage_regression_absolute_drop": 0.5,
    "stage_regression_relative_drop": 1.0,
    "stage_regression_detected": 1.0,
    "stage_rollback_applied": 0.0,
    "stage_plateau_recovery_applied": 0.0,
    "num_episodes": 6,
    "success_rate": 0.0,
    "collision_rate": 0.1666666716337204,
    "avg_episode_return": -61.101070404052734,
    "avg_path_length": 3.57055926322937,
    "avg_episode_duration": 17.794443130493164,
    "avg_time_to_goal": 0.0,
    "avg_min_obstacle_distance": 1.028157353401184,
    "avg_min_clearance": 0.678157389163971,
    "avg_control_effort": 0.47596368193626404,
    "avg_path_efficiency": 0.0,
    "avg_steps": 533.8333129882812,
    "best_episode_return": 0.5805099606513977,
    "deterministic": 1.0,
    "seed_offset": 100000
  },
  "episodes": [
    {
      "episode_return": -83.63474425120609,
      "success": 0.0,
      "collision": 0.0,
      "min_obstacle_distance": 1.8435413837432861,
      "min_clearance": 1.493541383743286,
      "path_length": 3.2386552725248805,
      "start_to_goal_distance": 5.67656946182251,
      "steps": 620.0,
      "control_effort": 0.4727733946134967,
      "episode_duration": 20.666666666666668,
      "time_to_goal": null
    },
    {
      "episode_return": -80.68286128898225,
      "success": 0.0,
      "collision": 0.0,
      "min_obstacle_distance": 0.9267245531082153,
      "min_clearance": 0.5767245531082154,
      "path_length": 4.29997853632085,
      "start_to_goal_distance": 3.87174391746521,
      "steps": 620.0,
      "control_effort": 0.4614597681068605,
      "episode_duration": 20.666666666666668,
      "time_to_goal": null
    },
    {
      "episode_return": -83.96284394384512,
      "success": 0.0,
      "collision": 0.0,
      "min_obstacle_distance": 1.0985686779022217,
      "min_clearance": 0.7485686779022217,
      "path_length": 4.292633251170628,
      "start_to_goal_distance": 4.218926906585693,
      "steps": 620.0,
      "control_effort": 0.4851966692555335,
      "episode_duration": 20.666666666666668,
      "time_to_goal": null
    },
    {
      "episode_return": -70.1049390274282,
      "success": 0.0,
      "collision": 0.0,
      "min_obstacle_distance": 1.288861632347107,
      "min_clearance": 0.938861632347107,
      "path_length": 4.4773050809744745,
      "start_to_goal_distance": 3.8663716316223145,
      "steps": 620.0,
      "control_effort": 0.49226548253528535,
      "episode_duration": 20.666666666666668,
      "time_to_goal": null
    },
    {
      "episode_return": -48.801540938799114,
      "success": 0.0,
      "collision": 1.0,
      "min_obstacle_distance": 0.3467751443386078,
      "min_clearance": -0.0032248556613921897,
      "path_length": 0.7020931207807735,
      "start_to_goal_distance": 4.319121837615967,
      "steps": 103.0,
      "control_effort": 0.4562082452681458,
      "episode_duration": 3.433333333333333,
      "time_to_goal": null
    },
    {
      "episode_return": 0.5805099865164038,
      "success": 0.0,
      "collision": 0.0,
      "min_obstacle_distance": 0.6644732356071472,
      "min_clearance": 0.31447323560714724,
      "path_length": 4.412689496413805,
      "start_to_goal_distance": 5.195745468139648,
      "steps": 620.0,
      "control_effort": 0.4878783334166773,
      "episode_duration": 20.666666666666668,
      "time_to_goal": null
    }
  ]
}