{
  "episode_return": -2.9257545825608062,
  "success": 0.0,
  "collision": 0.0,
  "min_obstacle_distance": 0.9005517959594727,
  "min_clearance": 0.5505517959594727,
  "path_length": 4.5251672641607,
  "start_to_goal_distance": 3.8663716316223145,
  "steps": 620.0,
  "control_effort": 0.55290736892531,
  "episode_duration": 20.666666666666668,
  "time_to_goal": null
}