{
  "episode_return": -1.2668271187329623,
  "success": 0.0,
  "collision": 0.0,
  "min_obstacle_distance": 0.6778422594070435,
  "min_clearance": 0.3278422594070435,
  "path_length": 4.559409784327727,
  "start_to_goal_distance": 3.8663716316223145,
  "steps": 620.0,
  "control_effort": 0.5906573579196007,
  "episode_duration": 20.666666666666668,
  "time_to_goal": null
}