{
  "episode_return": -2.0216301864590065,
  "success": 0.0,
  "collision": 0.0,
  "min_obstacle_distance": 1.273339033126831,
  "min_clearance": 0.9233390331268311,
  "path_length": 4.428286795679014,
  "start_to_goal_distance": 3.8663716316223145,
  "steps": 620.0,
  "control_effort": 0.5540373209984072,
  "episode_duration": 20.666666666666668,
  "time_to_goal": null
}