{
  "summary": {
    "train_episode": 2360,
    "stage_index": 7,
    "stage_name": "target_default_intro",
    "stage_episode": 1600,
    "stage_eval_index": 96,
    "stage_target_hit": 0.0,
    "stage_success_streak": 0,
    "stage_best_success_rate": 0.5,
    "stage_best_collision_rate": 0.0,
    "stage_best_avg_return": 73.55451202392578,
    "stage_bad_eval_streak": 80,
    "stage_regression_active": 1.0,
    "stage_regression_bad_eval": 1.0,
    "stage_regression_absolute_drop": 0.5,
    "stage_regression_relative_drop": 1.0,
    "stage_regression_detected": 1.0,
    "stage_rollback_applied": 0.0,
    "stage_plateau_recovery_applied": 0.0,
    "num_episodes": 6,
    "success_rate": 0.0,
    "collision_rate": 0.1666666716337204,
    "avg_episode_return": -45.248775482177734,
    "avg_path_length": 3.4634273052215576,
    "avg_episode_duration": 17.799999237060547,
    "avg_time_to_goal": 0.0,
    "avg_min_obstacle_distance": 0.9627501964569092,
    "avg_min_clearance": 0.6127501726150513,
    "avg_control_effort": 0.48564085364341736,
    "avg_path_efficiency": 0.0,
    "avg_steps": 534.0,
    "best_episode_return": -7.050175189971924,
    "deterministic": 1.0,
    "seed_offset": 100000
  },
  "episodes": [
    {
      "episode_return": -65.14128696561538,
      "success": 0.0,
      "collision": 0.0,
      "min_obstacle_distance": 1.750858187675476,
      "min_clearance": 1.400858187675476,
      "path_length": 2.614624864254125,
      "start_to_goal_distance": 5.67656946182251,
      "steps": 620.0,
      "control_effort": 0.5013501114422275,
      "episode_duration": 20.666666666666668,
      "time_to_goal": null
    },
    {
      "episode_return": -46.23248443150188,
      "success": 0.0,
      "collision": 0.0,
      "min_obstacle_distance": 0.7580611109733582,
      "min_clearance": 0.4080611109733582,
      "path_length": 4.363134242303204,
      "start_to_goal_distance": 3.87174391746521,
      "steps": 620.0,
      "control_effort": 0.47037861034754785,
      "episode_duration": 20.666666666666668,
      "time_to_goal": null
    },
    {
      "episode_return": -79.9820742307266,
      "success": 0.0,
      "collision": 0.0,
      "min_obstacle_distance": 1.0743335485458374,
      "min_clearance": 0.7243335485458374,
      "path_length": 4.499025268713012,
      "start_to_goal_distance": 4.218926906585693,
      "steps": 620.0,
      "control_effort": 0.5147900428502791,
      "episode_duration": 20.666666666666668,
      "time_to_goal": null
    },
    {
      "episode_return": -31.72439987070709,
      "success": 0.0,
      "collision": 0.0,
      "min_obstacle_distance": 1.2765412330627441,
      "min_clearance": 0.9265412330627442,
      "path_length": 4.42028435273096,
      "start_to_goal_distance": 3.8663716316223145,
      "steps": 620.0,
      "control_effort": 0.5073167544218802,
      "episode_duration": 20.666666666666668,
      "time_to_goal": null
    },
    {
      "episode_return": -41.36224006438129,
      "success": 0.0,
      "collision": 1.0,
      "min_obstacle_distance": 0.3492972254753113,
      "min_clearance": -0.0007027745246886985,
      "path_length": 0.6776168944779783,
      "start_to_goal_distance": 4.319121837615967,
      "steps": 104.0,
      "control_effort": 0.4479604082611891,
      "episode_duration": 3.466666666666667,
      "time_to_goal": null
    },
    {
      "episode_return": -7.050174992913135,
      "success": 0.0,
      "collision": 0.0,
      "min_obstacle_distance": 0.5674098134040833,
      "min_clearance": 0.21740981340408327,
      "path_length": 4.205877105647232,
      "start_to_goal_distance": 5.195745468139648,
      "steps": 620.0,
      "control_effort": 0.4720491619840745,
      "episode_duration": 20.666666666666668,
      "time_to_goal": null
    }
  ]
}