{
  "summary": {
    "train_episode": 1060,
    "stage_index": 7,
    "stage_name": "target_default_intro",
    "stage_episode": 300,
    "stage_eval_index": 31,
    "stage_target_hit": 0.0,
    "stage_success_streak": 0,
    "stage_best_success_rate": 0.5,
    "stage_best_collision_rate": 0.0,
    "stage_best_avg_return": 73.55451202392578,
    "stage_bad_eval_streak": 15,
    "stage_regression_active": 1.0,
    "stage_regression_bad_eval": 1.0,
    "stage_regression_absolute_drop": 0.5,
    "stage_regression_relative_drop": 1.0,
    "stage_regression_detected": 1.0,
    "stage_rollback_applied": 0.0,
    "stage_plateau_recovery_applied": 0.0,
    "num_episodes": 6,
    "success_rate": 0.0,
    "collision_rate": 0.3333333432674408,
    "avg_episode_return": -14.70864200592041,
    "avg_path_length": 3.386141777038574,
    "avg_episode_duration": 18.466665267944336,
    "avg_time_to_goal": 0.0,
    "avg_min_obstacle_distance": 0.8399778008460999,
    "avg_min_clearance": 0.4899778366088867,
    "avg_control_effort": 0.6083782911300659,
    "avg_path_efficiency": 0.0,
    "avg_steps": 554.0,
    "best_episode_return": 15.149947166442871,
    "deterministic": 1.0,
    "seed_offset": 100000
  },
  "episodes": [
    {
      "episode_return": -27.721409554981857,
      "success": 0.0,
      "collision": 0.0,
      "min_obstacle_distance": 1.5020736455917358,
      "min_clearance": 1.1520736455917358,
      "path_length": 2.9319068023745736,
      "start_to_goal_distance": 5.67656946182251,
      "steps": 620.0,
      "control_effort": 0.6140784432811122,
      "episode_duration": 20.666666666666668,
      "time_to_goal": null
    },
    {
      "episode_return": -36.12394186470948,
      "success": 0.0,
      "collision": 1.0,
      "min_obstacle_distance": 0.34969666600227356,
      "min_clearance": -0.0003033339977264182,
      "path_length": 1.9021693575778045,
      "start_to_goal_distance": 3.87174391746521,
      "steps": 285.0,
      "control_effort": 0.61095810271146,
      "episode_duration": 9.5,
      "time_to_goal": null
    },
    {
      "episode_return": -13.078490367493075,
      "success": 0.0,
      "collision": 0.0,
      "min_obstacle_distance": 1.2879027128219604,
      "min_clearance": 0.9379027128219605,
      "path_length": 4.062421352065428,
      "start_to_goal_distance": 4.218926906585693,
      "steps": 620.0,
      "control_effort": 0.6125099055228694,
      "episode_duration": 20.666666666666668,
      "time_to_goal": null
    },
    {
      "episode_return": 15.149947326882256,
      "success": 0.0,
      "collision": 0.0,
      "min_obstacle_distance": 0.7217446565628052,
      "min_clearance": 0.3717446565628052,
      "path_length": 4.53466294707323,
      "start_to_goal_distance": 3.8663716316223145,
      "steps": 620.0,
      "control_effort": 0.5996523346631758,
      "episode_duration": 20.666666666666668,
      "time_to_goal": null
    },
    {
      "episode_return": -13.74247178886463,
      "success": 0.0,
      "collision": 0.0,
      "min_obstacle_distance": 0.8332963585853577,
      "min_clearance": 0.4832963585853577,
      "path_length": 2.964101871310504,
      "start_to_goal_distance": 4.319121837615967,
      "steps": 620.0,
      "control_effort": 0.6030953129453044,
      "episode_duration": 20.666666666666668,
      "time_to_goal": null
    },
    {
      "episode_return": -12.735487698979192,
      "success": 0.0,
      "collision": 1.0,
      "min_obstacle_distance": 0.34515294432640076,
      "min_clearance": -0.004847055673599221,
      "path_length": 3.9215892195352353,
      "start_to_goal_distance": 5.195745468139648,
      "steps": 559.0,
      "control_effort": 0.6099755621127024,
      "episode_duration": 18.633333333333333,
      "time_to_goal": null
    }
  ]
}