{
  "summary": {
    "train_episode": 2900,
    "stage_index": 7,
    "stage_name": "target_default_intro",
    "stage_episode": 2140,
    "stage_eval_index": 123,
    "stage_target_hit": 0.0,
    "stage_success_streak": 0,
    "stage_best_success_rate": 0.5,
    "stage_best_collision_rate": 0.0,
    "stage_best_avg_return": 73.55451202392578,
    "stage_bad_eval_streak": 107,
    "stage_regression_active": 1.0,
    "stage_regression_bad_eval": 1.0,
    "stage_regression_absolute_drop": 0.5,
    "stage_regression_relative_drop": 1.0,
    "stage_regression_detected": 1.0,
    "stage_rollback_applied": 0.0,
    "stage_plateau_recovery_applied": 0.0,
    "num_episodes": 6,
    "success_rate": 0.0,
    "collision_rate": 0.1666666716337204,
    "avg_episode_return": -100.43441772460938,
    "avg_path_length": 3.53938364982605,
    "avg_episode_duration": 18.572221755981445,
    "avg_time_to_goal": 0.0,
    "avg_min_obstacle_distance": 0.8985652327537537,
    "avg_min_clearance": 0.5485652089118958,
    "avg_control_effort": 0.49084386229515076,
    "avg_path_efficiency": 0.0,
    "avg_steps": 557.1666870117188,
    "best_episode_return": 4.143947601318359,
    "deterministic": 1.0,
    "seed_offset": 100000
  },
  "episodes": [
    {
      "episode_return": -102.96066537622129,
      "success": 0.0,
      "collision": 0.0,
      "min_obstacle_distance": 1.8082205057144165,
      "min_clearance": 1.4582205057144164,
      "path_length": 2.237771756843614,
      "start_to_goal_distance": 5.67656946182251,
      "steps": 620.0,
      "control_effort": 0.5404219034698702,
      "episode_duration": 20.666666666666668,
      "time_to_goal": null
    },
    {
      "episode_return": -171.1148968447547,
      "success": 0.0,
      "collision": 0.0,
      "min_obstacle_distance": 0.371380478143692,
      "min_clearance": 0.02138047814369204,
      "path_length": 4.321996361075435,
      "start_to_goal_distance": 3.87174391746521,
      "steps": 620.0,
      "control_effort": 0.4836755410798134,
      "episode_duration": 20.666666666666668,
      "time_to_goal": null
    },
    {
      "episode_return": -130.35155753836784,
      "success": 0.0,
      "collision": 0.0,
      "min_obstacle_distance": 1.2512229681015015,
      "min_clearance": 0.9012229681015015,
      "path_length": 4.365143656680459,
      "start_to_goal_distance": 4.218926906585693,
      "steps": 620.0,
      "control_effort": 0.5098447617984587,
      "episode_duration": 20.666666666666668,
      "time_to_goal": null
    },
    {
      "episode_return": -89.51464708060135,
      "success": 0.0,
      "collision": 0.0,
      "min_obstacle_distance": 1.0595866441726685,
      "min_clearance": 0.7095866441726685,
      "path_length": 4.324692162917927,
      "start_to_goal_distance": 3.8663716316223145,
      "steps": 620.0,
      "control_effort": 0.487134510134497,
      "episode_duration": 20.666666666666668,
      "time_to_goal": null
    },
    {
      "episode_return": -112.80864904782501,
      "success": 0.0,
      "collision": 1.0,
      "min_obstacle_distance": 0.3492237627506256,
      "min_clearance": -0.0007762372493743674,
      "path_length": 1.6668183715082705,
      "start_to_goal_distance": 4.319121837615967,
      "steps": 243.0,
      "control_effort": 0.42758411254902434,
      "episode_duration": 8.1,
      "time_to_goal": null
    },
    {
      "episode_return": 4.143947365986364,
      "success": 0.0,
      "collision": 0.0,
      "min_obstacle_distance": 0.5517572164535522,
      "min_clearance": 0.20175721645355227,
      "path_length": 4.319878478301689,
      "start_to_goal_distance": 5.195745468139648,
      "steps": 620.0,
      "control_effort": 0.49640220168136784,
      "episode_duration": 20.666666666666668,
      "time_to_goal": null
    }
  ]
}