{
  "episode_return": 14.470101683010753,
  "success": 0.0,
  "collision": 0.0,
  "min_obstacle_distance": 0.938836932182312,
  "min_clearance": 0.588836932182312,
  "path_length": 4.5071526966494275,
  "start_to_goal_distance": 3.8663716316223145,
  "steps": 620.0,
  "control_effort": 0.6359885519550693,
  "episode_duration": 20.666666666666668,
  "time_to_goal": null
}