{
  "episode_return": -10.533311416042512,
  "success": 0.0,
  "collision": 0.0,
  "min_obstacle_distance": 1.0636954307556152,
  "min_clearance": 0.7136954307556153,
  "path_length": 4.4335577508900315,
  "start_to_goal_distance": 3.8663716316223145,
  "steps": 620.0,
  "control_effort": 0.5387450945954169,
  "episode_duration": 20.666666666666668,
  "time_to_goal": null
}