{
  "summary": {
    "train_episode": 1140,
    "stage_index": 7,
    "stage_name": "target_default_intro",
    "stage_episode": 380,
    "stage_eval_index": 35,
    "stage_target_hit": 0.0,
    "stage_success_streak": 0,
    "stage_best_success_rate": 0.5,
    "stage_best_collision_rate": 0.0,
    "stage_best_avg_return": 73.55451202392578,
    "stage_bad_eval_streak": 19,
    "stage_regression_active": 1.0,
    "stage_regression_bad_eval": 1.0,
    "stage_regression_absolute_drop": 0.3333333283662796,
    "stage_regression_relative_drop": 0.6666666567325592,
    "stage_regression_detected": 1.0,
    "stage_rollback_applied": 0.0,
    "stage_plateau_recovery_applied": 0.0,
    "num_episodes": 6,
    "success_rate": 0.1666666716337204,
    "collision_rate": 0.1666666716337204,
    "avg_episode_return": 0.8501377105712891,
    "avg_path_length": 3.3861029148101807,
    "avg_episode_duration": 19.75555419921875,
    "avg_time_to_goal": 16.766666412353516,
    "avg_min_obstacle_distance": 0.8904664516448975,
    "avg_min_clearance": 0.5404663681983948,
    "avg_control_effort": 0.6051531434059143,
    "avg_path_efficiency": 0.1666666716337204,
    "avg_steps": 592.6666870117188,
    "best_episode_return": 156.99148559570312,
    "deterministic": 1.0,
    "seed_offset": 100000
  },
  "episodes": [
    {
      "episode_return": -28.4967885350695,
      "success": 0.0,
      "collision": 0.0,
      "min_obstacle_distance": 1.5713942050933838,
      "min_clearance": 1.2213942050933837,
      "path_length": 2.6542743551839862,
      "start_to_goal_distance": 5.67656946182251,
      "steps": 620.0,
      "control_effort": 0.6084102606581103,
      "episode_duration": 20.666666666666668,
      "time_to_goal": null
    },
    {
      "episode_return": -86.2906421787263,
      "success": 0.0,
      "collision": 0.0,
      "min_obstacle_distance": 0.37589606642723083,
      "min_clearance": 0.025896066427230857,
      "path_length": 3.5912201915414954,
      "start_to_goal_distance": 3.87174391746521,
      "steps": 620.0,
      "control_effort": 0.5933907732848198,
      "episode_duration": 20.666666666666668,
      "time_to_goal": null
    },
    {
      "episode_return": -1.434872403018737,
      "success": 0.0,
      "collision": 0.0,
      "min_obstacle_distance": 1.2009588479995728,
      "min_clearance": 0.8509588479995728,
      "path_length": 3.7348243853237193,
      "start_to_goal_distance": 4.218926906585693,
      "steps": 620.0,
      "control_effort": 0.615867702134194,
      "episode_duration": 20.666666666666668,
      "time_to_goal": null
    },
    {
      "episode_return": 156.99148363651383,
      "success": 1.0,
      "collision": 0.0,
      "min_obstacle_distance": 1.0255067348480225,
      "min_clearance": 0.6755067348480225,
      "path_length": 3.544680465638521,
      "start_to_goal_distance": 3.8663716316223145,
      "steps": 503.0,
      "control_effort": 0.6079249047853837,
      "episode_duration": 16.766666666666666,
      "time_to_goal": 16.766666666666666
    },
    {
      "episode_return": -17.911582286973797,
      "success": 0.0,
      "collision": 0.0,
      "min_obstacle_distance": 0.8252109289169312,
      "min_clearance": 0.4752109289169312,
      "path_length": 2.649161019295491,
      "start_to_goal_distance": 4.319121837615967,
      "steps": 620.0,
      "control_effort": 0.5935258230855388,
      "episode_duration": 20.666666666666668,
      "time_to_goal": null
    },
    {
      "episode_return": -17.75677085965846,
      "success": 0.0,
      "collision": 1.0,
      "min_obstacle_distance": 0.3438319265842438,
      "min_clearance": -0.006168073415756203,
      "path_length": 4.142457402020227,
      "start_to_goal_distance": 5.195745468139648,
      "steps": 573.0,
      "control_effort": 0.611799624993955,
      "episode_duration": 19.1,
      "time_to_goal": null
    }
  ]
}