{
  "summary": {
    "train_episode": 80,
    "stage_index": 1,
    "stage_name": "corridor_dash",
    "stage_episode": 60,
    "stage_eval_index": 3,
    "stage_target_hit": 1.0,
    "stage_success_streak": 2,
    "stage_best_success_rate": 1.0,
    "stage_best_collision_rate": 0.0,
    "stage_best_avg_return": 86.4417953491211,
    "stage_bad_eval_streak": 0,
    "stage_regression_active": 1.0,
    "stage_regression_bad_eval": 0.0,
    "stage_regression_absolute_drop": 0.0,
    "stage_regression_relative_drop": 0.0,
    "stage_regression_detected": 0.0,
    "stage_rollback_applied": 0.0,
    "stage_plateau_recovery_applied": 0.0,
    "num_episodes": 6,
    "success_rate": 1.0,
    "collision_rate": 0.0,
    "avg_episode_return": 86.4417953491211,
    "avg_path_length": 0.5133791565895081,
    "avg_episode_duration": 2.299999952316284,
    "avg_time_to_goal": 2.299999952316284,
    "avg_min_obstacle_distance": 3.205932378768921,
    "avg_min_clearance": 2.8559324741363525,
    "avg_control_effort": 0.6840207576751709,
    "avg_path_efficiency": 1.0,
    "avg_steps": 69.0,
    "best_episode_return": 90.3838119506836,
    "deterministic": 1.0,
    "seed_offset": 100000
  },
  "episodes": [
    {
      "episode_return": 90.38380868664393,
      "success": 1.0,
      "collision": 0.0,
      "min_obstacle_distance": 3.179382562637329,
      "min_clearance": 2.829382562637329,
      "path_length": 0.6777745887375204,
      "start_to_goal_distance": 1.7638744115829468,
      "steps": 84.0,
      "control_effort": 0.6840207711571739,
      "episode_duration": 2.8,
      "time_to_goal": 2.8
    },
    {
      "episode_return": 80.16341643086189,
      "success": 1.0,
      "collision": 0.0,
      "min_obstacle_distance": 3.6355793476104736,
      "min_clearance": 3.2855793476104735,
      "path_length": 0.287611675739754,
      "start_to_goal_distance": 1.3737833499908447,
      "steps": 44.0,
      "control_effort": 0.6840213279832493,
      "episode_duration": 1.4666666666666666,
      "time_to_goal": 1.4666666666666666
    },
    {
      "episode_return": 88.34974085941516,
      "success": 1.0,
      "collision": 0.0,
      "min_obstacle_distance": 3.5068602561950684,
      "min_clearance": 3.1568602561950683,
      "path_length": 0.5014611686638091,
      "start_to_goal_distance": 1.5775760412216187,
      "steps": 70.0,
      "control_effort": 0.6840212319578444,
      "episode_duration": 2.3333333333333335,
      "time_to_goal": 2.3333333333333335
    },
    {
      "episode_return": 79.32511503972276,
      "success": 1.0,
      "collision": 0.0,
      "min_obstacle_distance": 2.398545980453491,
      "min_clearance": 2.048545980453491,
      "path_length": 0.2611613753979327,
      "start_to_goal_distance": 1.3524121046066284,
      "steps": 42.0,
      "control_effort": 0.6840197018214634,
      "episode_duration": 1.4,
      "time_to_goal": 1.4
    },
    {
      "episode_return": 90.09185463950524,
      "success": 1.0,
      "collision": 0.0,
      "min_obstacle_distance": 3.274308681488037,
      "min_clearance": 2.924308681488037,
      "path_length": 0.6551428245438728,
      "start_to_goal_distance": 1.7396578788757324,
      "steps": 84.0,
      "control_effort": 0.6840210088661739,
      "episode_duration": 2.8,
      "time_to_goal": 2.8
    },
    {
      "episode_return": 90.3368412110899,
      "success": 1.0,
      "collision": 0.0,
      "min_obstacle_distance": 3.240917921066284,
      "min_clearance": 2.890917921066284,
      "path_length": 0.6971232434007106,
      "start_to_goal_distance": 1.7545193433761597,
      "steps": 90.0,
      "control_effort": 0.6840206901232402,
      "episode_duration": 3.0,
      "time_to_goal": 3.0
    }
  ]
}