{
  "episode_return": -4.3001872600215165,
  "success": 0.0,
  "collision": 0.0,
  "min_obstacle_distance": 1.3584401607513428,
  "min_clearance": 1.0084401607513427,
  "path_length": 4.495300394715741,
  "start_to_goal_distance": 3.8663716316223145,
  "steps": 620.0,
  "control_effort": 0.5628786165387399,
  "episode_duration": 20.666666666666668,
  "time_to_goal": null
}