{
  "episode_return": -27.373926187489026,
  "success": 0.0,
  "collision": 0.0,
  "min_obstacle_distance": 0.42041200399398804,
  "min_clearance": 0.07041200399398806,
  "path_length": 4.269643174193334,
  "start_to_goal_distance": 5.195745468139648,
  "steps": 620.0,
  "control_effort": 0.4731216652739433,
  "episode_duration": 20.666666666666668,
  "time_to_goal": null
}