{
  "summary": {
    "train_episode": 1720,
    "stage_index": 7,
    "stage_name": "target_default_intro",
    "stage_episode": 960,
    "stage_eval_index": 64,
    "stage_target_hit": 0.0,
    "stage_success_streak": 0,
    "stage_best_success_rate": 0.5,
    "stage_best_collision_rate": 0.0,
    "stage_best_avg_return": 73.55451202392578,
    "stage_bad_eval_streak": 48,
    "stage_regression_active": 1.0,
    "stage_regression_bad_eval": 1.0,
    "stage_regression_absolute_drop": 0.5,
    "stage_regression_relative_drop": 1.0,
    "stage_regression_detected": 1.0,
    "stage_rollback_applied": 0.0,
    "stage_plateau_recovery_applied": 0.0,
    "num_episodes": 6,
    "success_rate": 0.0,
    "collision_rate": 0.0,
    "avg_episode_return": -13.240638732910156,
    "avg_path_length": 4.407783031463623,
    "avg_episode_duration": 20.66666603088379,
    "avg_time_to_goal": 0.0,
    "avg_min_obstacle_distance": 0.8618449568748474,
    "avg_min_clearance": 0.5118449330329895,
    "avg_control_effort": 0.561360776424408,
    "avg_path_efficiency": 0.0,
    "avg_steps": 620.0,
    "best_episode_return": 6.200099468231201,
    "deterministic": 1.0,
    "seed_offset": 100000
  },
  "episodes": [
    {
      "episode_return": -6.251173960944328,
      "success": 0.0,
      "collision": 0.0,
      "min_obstacle_distance": 0.6945027709007263,
      "min_clearance": 0.34450277090072634,
      "path_length": 4.448982436617371,
      "start_to_goal_distance": 5.67656946182251,
      "steps": 620.0,
      "control_effort": 0.5731234411078114,
      "episode_duration": 20.666666666666668,
      "time_to_goal": null
    },
    {
      "episode_return": 2.3699318150444597,
      "success": 0.0,
      "collision": 0.0,
      "min_obstacle_distance": 0.8999822735786438,
      "min_clearance": 0.5499822735786438,
      "path_length": 4.531945018155966,
      "start_to_goal_distance": 3.87174391746521,
      "steps": 620.0,
      "control_effort": 0.5459750800844162,
      "episode_duration": 20.666666666666668,
      "time_to_goal": null
    },
    {
      "episode_return": 6.200099423033002,
      "success": 0.0,
      "collision": 0.0,
      "min_obstacle_distance": 1.1300235986709595,
      "min_clearance": 0.7800235986709595,
      "path_length": 4.324768058315385,
      "start_to_goal_distance": 4.218926906585693,
      "steps": 620.0,
      "control_effort": 0.5702857921681096,
      "episode_duration": 20.666666666666668,
      "time_to_goal": null
    },
    {
      "episode_return": -1.411695648847946,
      "success": 0.0,
      "collision": 0.0,
      "min_obstacle_distance": 1.2257237434387207,
      "min_clearance": 0.8757237434387207,
      "path_length": 4.4591583331348374,
      "start_to_goal_distance": 3.8663716316223145,
      "steps": 620.0,
      "control_effort": 0.5665806769844024,
      "episode_duration": 20.666666666666668,
      "time_to_goal": null
    },
    {
      "episode_return": -36.81468201569367,
      "success": 0.0,
      "collision": 0.0,
      "min_obstacle_distance": 0.4841578006744385,
      "min_clearance": 0.1341578006744385,
      "path_length": 4.459188125038054,
      "start_to_goal_distance": 4.319121837615967,
      "steps": 620.0,
      "control_effort": 0.5529709709267463,
      "episode_duration": 20.666666666666668,
      "time_to_goal": null
    },
    {
      "episode_return": -43.536307863399294,
      "success": 0.0,
      "collision": 0.0,
      "min_obstacle_distance": 0.7366794347763062,
      "min_clearance": 0.3866794347763062,
      "path_length": 4.222656596626621,
      "start_to_goal_distance": 5.195745468139648,
      "steps": 620.0,
      "control_effort": 0.5592289772725875,
      "episode_duration": 20.666666666666668,
      "time_to_goal": null
    }
  ]
}