{
  "episode_return": 26.617829916303183,
  "success": 0.0,
  "collision": 0.0,
  "min_obstacle_distance": 0.67745441198349,
  "min_clearance": 0.32745441198349,
  "path_length": 4.337122756522149,
  "start_to_goal_distance": 3.8663716316223145,
  "steps": 620.0,
  "control_effort": 0.5848923080390499,
  "episode_duration": 20.666666666666668,
  "time_to_goal": null
}