{
  "summary": {
    "train_episode": 2840,
    "stage_index": 7,
    "stage_name": "target_default_intro",
    "stage_episode": 2080,
    "stage_eval_index": 120,
    "stage_target_hit": 0.0,
    "stage_success_streak": 0,
    "stage_best_success_rate": 0.5,
    "stage_best_collision_rate": 0.0,
    "stage_best_avg_return": 73.55451202392578,
    "stage_bad_eval_streak": 104,
    "stage_regression_active": 1.0,
    "stage_regression_bad_eval": 1.0,
    "stage_regression_absolute_drop": 0.5,
    "stage_regression_relative_drop": 1.0,
    "stage_regression_detected": 1.0,
    "stage_rollback_applied": 0.0,
    "stage_plateau_recovery_applied": 0.0,
    "num_episodes": 6,
    "success_rate": 0.0,
    "collision_rate": 0.1666666716337204,
    "avg_episode_return": -100.3630142211914,
    "avg_path_length": 3.49053692817688,
    "avg_episode_duration": 18.59444236755371,
    "avg_time_to_goal": 0.0,
    "avg_min_obstacle_distance": 0.9504196047782898,
    "avg_min_clearance": 0.6004195809364319,
    "avg_control_effort": 0.4927513599395752,
    "avg_path_efficiency": 0.0,
    "avg_steps": 557.8333129882812,
    "best_episode_return": -0.04908440634608269,
    "deterministic": 1.0,
    "seed_offset": 100000
  },
  "episodes": [
    {
      "episode_return": -94.4698185222449,
      "success": 0.0,
      "collision": 0.0,
      "min_obstacle_distance": 1.856245517730713,
      "min_clearance": 1.5062455177307128,
      "path_length": 1.9821462353197319,
      "start_to_goal_distance": 5.67656946182251,
      "steps": 620.0,
      "control_effort": 0.5204220310814919,
      "episode_duration": 20.666666666666668,
      "time_to_goal": null
    },
    {
      "episode_return": -159.79930976816502,
      "success": 0.0,
      "collision": 0.0,
      "min_obstacle_distance": 0.3943920135498047,
      "min_clearance": 0.04439201354980471,
      "path_length": 4.278790898388252,
      "start_to_goal_distance": 3.87174391746521,
      "steps": 620.0,
      "control_effort": 0.4810506993243771,
      "episode_duration": 20.666666666666668,
      "time_to_goal": null
    },
    {
      "episode_return": -121.77916947042267,
      "success": 0.0,
      "collision": 0.0,
      "min_obstacle_distance": 1.410032033920288,
      "min_clearance": 1.060032033920288,
      "path_length": 4.004879626322463,
      "start_to_goal_distance": 4.218926906585693,
      "steps": 620.0,
      "control_effort": 0.5198123852572133,
      "episode_duration": 20.666666666666668,
      "time_to_goal": null
    },
    {
      "episode_return": -101.93603569379701,
      "success": 0.0,
      "collision": 0.0,
      "min_obstacle_distance": 1.0225536823272705,
      "min_clearance": 0.6725536823272705,
      "path_length": 4.51295320544159,
      "start_to_goal_distance": 3.8663716316223145,
      "steps": 620.0,
      "control_effort": 0.49935726633956357,
      "episode_duration": 20.666666666666668,
      "time_to_goal": null
    },
    {
      "episode_return": -124.14469580627957,
      "success": 0.0,
      "collision": 1.0,
      "min_obstacle_distance": 0.34820622205734253,
      "min_clearance": -0.0017937779426574485,
      "path_length": 1.7323758554994129,
      "start_to_goal_distance": 4.319121837615967,
      "steps": 247.0,
      "control_effort": 0.42821877941428893,
      "episode_duration": 8.233333333333333,
      "time_to_goal": null
    },
    {
      "episode_return": -0.04908440785042245,
      "success": 0.0,
      "collision": 0.0,
      "min_obstacle_distance": 0.6710882782936096,
      "min_clearance": 0.32108827829360964,
      "path_length": 4.432075345714111,
      "start_to_goal_distance": 5.195745468139648,
      "steps": 620.0,
      "control_effort": 0.5076471224907906,
      "episode_duration": 20.666666666666668,
      "time_to_goal": null
    }
  ]
}