{
  "episode_return": 157.42146413461063,
  "success": 1.0,
  "collision": 0.0,
  "min_obstacle_distance": 0.9225718975067139,
  "min_clearance": 0.5725718975067139,
  "path_length": 3.3872602588671725,
  "start_to_goal_distance": 3.8663716316223145,
  "steps": 478.0,
  "control_effort": 0.6527947729850913,
  "episode_duration": 15.933333333333334,
  "time_to_goal": 15.933333333333334
}