{
  "summary": {
    "train_episode": 720,
    "stage_index": 7,
    "stage_name": "target_default_intro",
    "stage_episode": 60,
    "stage_eval_index": 14,
    "stage_target_hit": 0.0,
    "stage_success_streak": 0,
    "stage_best_success_rate": 0.5,
    "stage_best_collision_rate": 0.0,
    "stage_best_avg_return": 73.55451202392578,
    "stage_bad_eval_streak": 2,
    "stage_regression_active": 1.0,
    "stage_regression_bad_eval": 1.0,
    "stage_regression_absolute_drop": 0.5,
    "stage_regression_relative_drop": 1.0,
    "stage_regression_detected": 1.0,
    "stage_rollback_applied": 0.0,
    "stage_plateau_recovery_applied": 0.0,
    "num_episodes": 6,
    "success_rate": 0.0,
    "collision_rate": 0.1666666716337204,
    "avg_episode_return": -6.287662506103516,
    "avg_path_length": 4.106767654418945,
    "avg_episode_duration": 18.73333168029785,
    "avg_time_to_goal": 0.0,
    "avg_min_obstacle_distance": 0.8054130673408508,
    "avg_min_clearance": 0.45541301369667053,
    "avg_control_effort": 0.6567800641059875,
    "avg_path_efficiency": 0.0,
    "avg_steps": 562.0,
    "best_episode_return": 28.19367790222168,
    "deterministic": 1.0,
    "seed_offset": 100000
  },
  "episodes": [
    {
      "episode_return": -31.44538247590725,
      "success": 0.0,
      "collision": 0.0,
      "min_obstacle_distance": 1.1944326162338257,
      "min_clearance": 0.8444326162338257,
      "path_length": 4.46542058531486,
      "start_to_goal_distance": 5.67656946182251,
      "steps": 620.0,
      "control_effort": 0.6642938382202579,
      "episode_duration": 20.666666666666668,
      "time_to_goal": null
    },
    {
      "episode_return": -23.17236851592251,
      "success": 0.0,
      "collision": 1.0,
      "min_obstacle_distance": 0.3430038094520569,
      "min_clearance": -0.006996190547943093,
      "path_length": 1.8393256653944263,
      "start_to_goal_distance": 3.87174391746521,
      "steps": 272.0,
      "control_effort": 0.6488775582436253,
      "episode_duration": 9.066666666666666,
      "time_to_goal": null
    },
    {
      "episode_return": -7.234584527458029,
      "success": 0.0,
      "collision": 0.0,
      "min_obstacle_distance": 1.0543200969696045,
      "min_clearance": 0.7043200969696045,
      "path_length": 4.436779760610079,
      "start_to_goal_distance": 4.218926906585693,
      "steps": 620.0,
      "control_effort": 0.6586730368675724,
      "episode_duration": 20.666666666666668,
      "time_to_goal": null
    },
    {
      "episode_return": -5.772464191086307,
      "success": 0.0,
      "collision": 0.0,
      "min_obstacle_distance": 0.7958236932754517,
      "min_clearance": 0.4458236932754517,
      "path_length": 4.593977033015108,
      "start_to_goal_distance": 3.8663716316223145,
      "steps": 620.0,
      "control_effort": 0.6545208949235177,
      "episode_duration": 20.666666666666668,
      "time_to_goal": null
    },
    {
      "episode_return": 1.7051452101584985,
      "success": 0.0,
      "collision": 0.0,
      "min_obstacle_distance": 0.8583779335021973,
      "min_clearance": 0.5083779335021973,
      "path_length": 4.546462601283565,
      "start_to_goal_distance": 4.319121837615967,
      "steps": 620.0,
      "control_effort": 0.6651612585590732,
      "episode_duration": 20.666666666666668,
      "time_to_goal": null
    },
    {
      "episode_return": 28.193678814958183,
      "success": 0.0,
      "collision": 0.0,
      "min_obstacle_distance": 0.5865203738212585,
      "min_clearance": 0.23652037382125857,
      "path_length": 4.75864042264584,
      "start_to_goal_distance": 5.195745468139648,
      "steps": 620.0,
      "control_effort": 0.6491538678446124,
      "episode_duration": 20.666666666666668,
      "time_to_goal": null
    }
  ]
}