{
  "summary": {
    "train_episode": 2300,
    "stage_index": 7,
    "stage_name": "target_default_intro",
    "stage_episode": 1540,
    "stage_eval_index": 93,
    "stage_target_hit": 0.0,
    "stage_success_streak": 0,
    "stage_best_success_rate": 0.5,
    "stage_best_collision_rate": 0.0,
    "stage_best_avg_return": 73.55451202392578,
    "stage_bad_eval_streak": 77,
    "stage_regression_active": 1.0,
    "stage_regression_bad_eval": 1.0,
    "stage_regression_absolute_drop": 0.5,
    "stage_regression_relative_drop": 1.0,
    "stage_regression_detected": 1.0,
    "stage_rollback_applied": 0.0,
    "stage_plateau_recovery_applied": 0.0,
    "num_episodes": 6,
    "success_rate": 0.0,
    "collision_rate": 0.1666666716337204,
    "avg_episode_return": -60.94916915893555,
    "avg_path_length": 3.4763896465301514,
    "avg_episode_duration": 19.044443130493164,
    "avg_time_to_goal": 0.0,
    "avg_min_obstacle_distance": 0.857536792755127,
    "avg_min_clearance": 0.5075367093086243,
    "avg_control_effort": 0.5040157437324524,
    "avg_path_efficiency": 0.0,
    "avg_steps": 571.3333129882812,
    "best_episode_return": -5.4518585205078125,
    "deterministic": 1.0,
    "seed_offset": 100000
  },
  "episodes": [
    {
      "episode_return": -49.65717520763741,
      "success": 0.0,
      "collision": 0.0,
      "min_obstacle_distance": 1.7845934629440308,
      "min_clearance": 1.4345934629440307,
      "path_length": 2.4239658800320854,
      "start_to_goal_distance": 5.67656946182251,
      "steps": 620.0,
      "control_effort": 0.5253402305706855,
      "episode_duration": 20.666666666666668,
      "time_to_goal": null
    },
    {
      "episode_return": -33.18303096654911,
      "success": 0.0,
      "collision": 1.0,
      "min_obstacle_distance": 0.34897735714912415,
      "min_clearance": -0.0010226428508758323,
      "path_length": 2.34617448260542,
      "start_to_goal_distance": 3.87174391746521,
      "steps": 328.0,
      "control_effort": 0.4581347912004808,
      "episode_duration": 10.933333333333334,
      "time_to_goal": null
    },
    {
      "episode_return": -77.81360782651721,
      "success": 0.0,
      "collision": 0.0,
      "min_obstacle_distance": 1.2482298612594604,
      "min_clearance": 0.8982298612594605,
      "path_length": 3.879843519251736,
      "start_to_goal_distance": 4.218926906585693,
      "steps": 620.0,
      "control_effort": 0.5262586680150801,
      "episode_duration": 20.666666666666668,
      "time_to_goal": null
    },
    {
      "episode_return": -55.8774165175247,
      "success": 0.0,
      "collision": 0.0,
      "min_obstacle_distance": 0.871108889579773,
      "min_clearance": 0.521108889579773,
      "path_length": 4.353172264469322,
      "start_to_goal_distance": 3.8663716316223145,
      "steps": 620.0,
      "control_effort": 0.5242161355191661,
      "episode_duration": 20.666666666666668,
      "time_to_goal": null
    },
    {
      "episode_return": -143.71196444749336,
      "success": 0.0,
      "collision": 0.0,
      "min_obstacle_distance": 0.3838101327419281,
      "min_clearance": 0.03381013274192812,
      "path_length": 3.6288084466546806,
      "start_to_goal_distance": 4.319121837615967,
      "steps": 620.0,
      "control_effort": 0.49720527034613393,
      "episode_duration": 20.666666666666668,
      "time_to_goal": null
    },
    {
      "episode_return": -5.451858293690684,
      "success": 0.0,
      "collision": 0.0,
      "min_obstacle_distance": 0.5085009932518005,
      "min_clearance": 0.15850099325180056,
      "path_length": 4.2263715548906475,
      "start_to_goal_distance": 5.195745468139648,
      "steps": 620.0,
      "control_effort": 0.4929394403772969,
      "episode_duration": 20.666666666666668,
      "time_to_goal": null
    }
  ]
}