{
  "summary": {
    "train_episode": 420,
    "stage_index": 6,
    "stage_name": "medium_crossing",
    "stage_episode": 40,
    "stage_eval_index": 2,
    "stage_target_hit": 0.0,
    "stage_success_streak": 0,
    "stage_best_success_rate": 1.0,
    "stage_best_collision_rate": 0.0,
    "stage_best_avg_return": 129.75994873046875,
    "stage_bad_eval_streak": 0,
    "stage_regression_active": 1.0,
    "stage_regression_bad_eval": 0.0,
    "stage_regression_absolute_drop": 0.0,
    "stage_regression_relative_drop": 0.0,
    "stage_regression_detected": 0.0,
    "stage_rollback_applied": 0.0,
    "stage_plateau_recovery_applied": 0.0,
    "num_episodes": 6,
    "success_rate": 1.0,
    "collision_rate": 0.0,
    "avg_episode_return": 129.62046813964844,
    "avg_path_length": 2.462244987487793,
    "avg_episode_duration": 10.01111125946045,
    "avg_time_to_goal": 10.01111125946045,
    "avg_min_obstacle_distance": 1.5793222188949585,
    "avg_min_clearance": 1.229322075843811,
    "avg_control_effort": 0.7051618695259094,
    "avg_path_efficiency": 1.0,
    "avg_steps": 300.3333435058594,
    "best_episode_return": 131.58035278320312,
    "deterministic": 1.0,
    "seed_offset": 100000
  },
  "episodes": [
    {
      "episode_return": 131.2580534830438,
      "success": 1.0,
      "collision": 0.0,
      "min_obstacle_distance": 1.6237744092941284,
      "min_clearance": 1.2737744092941283,
      "path_length": 2.760620542394463,
      "start_to_goal_distance": 3.3919737339019775,
      "steps": 332.0,
      "control_effort": 0.7049321713576834,
      "episode_duration": 11.066666666666666,
      "time_to_goal": 11.066666666666666
    },
    {
      "episode_return": 127.81067234373452,
      "success": 1.0,
      "collision": 0.0,
      "min_obstacle_distance": 1.5522994995117188,
      "min_clearance": 1.2022994995117187,
      "path_length": 2.2019586899405112,
      "start_to_goal_distance": 3.0145561695098877,
      "steps": 272.0,
      "control_effort": 0.7053285558872363,
      "episode_duration": 9.066666666666666,
      "time_to_goal": 9.066666666666666
    },
    {
      "episode_return": 129.39441757651036,
      "success": 1.0,
      "collision": 0.0,
      "min_obstacle_distance": 2.086422920227051,
      "min_clearance": 1.7364229202270507,
      "path_length": 2.396546042553382,
      "start_to_goal_distance": 3.1743738651275635,
      "steps": 289.0,
      "control_effort": 0.7054481710529658,
      "episode_duration": 9.633333333333333,
      "time_to_goal": 9.633333333333333
    },
    {
      "episode_return": 127.16564459278955,
      "success": 1.0,
      "collision": 0.0,
      "min_obstacle_distance": 1.206382155418396,
      "min_clearance": 0.856382155418396,
      "path_length": 2.250210766782402,
      "start_to_goal_distance": 2.992597818374634,
      "steps": 291.0,
      "control_effort": 0.7046810171448488,
      "episode_duration": 9.7,
      "time_to_goal": 9.7
    },
    {
      "episode_return": 130.51366782084705,
      "success": 1.0,
      "collision": 0.0,
      "min_obstacle_distance": 2.01694917678833,
      "min_clearance": 1.66694917678833,
      "path_length": 2.5423349356569815,
      "start_to_goal_distance": 3.3014233112335205,
      "steps": 316.0,
      "control_effort": 0.7054868219773981,
      "episode_duration": 10.533333333333333,
      "time_to_goal": 10.533333333333333
    },
    {
      "episode_return": 131.58035938471565,
      "success": 1.0,
      "collision": 0.0,
      "min_obstacle_distance": 0.9901043772697449,
      "min_clearance": 0.6401043772697449,
      "path_length": 2.6217989768483676,
      "start_to_goal_distance": 3.3769288063049316,
      "steps": 302.0,
      "control_effort": 0.7050945835792466,
      "episode_duration": 10.066666666666666,
      "time_to_goal": 10.066666666666666
    }
  ]
}