{
  "summary": {
    "train_episode": 860,
    "stage_index": 7,
    "stage_name": "target_default_intro",
    "stage_episode": 100,
    "stage_eval_index": 21,
    "stage_target_hit": 0.0,
    "stage_success_streak": 0,
    "stage_best_success_rate": 0.5,
    "stage_best_collision_rate": 0.0,
    "stage_best_avg_return": 73.55451202392578,
    "stage_bad_eval_streak": 5,
    "stage_regression_active": 1.0,
    "stage_regression_bad_eval": 1.0,
    "stage_regression_absolute_drop": 0.5,
    "stage_regression_relative_drop": 1.0,
    "stage_regression_detected": 1.0,
    "stage_rollback_applied": 0.0,
    "stage_plateau_recovery_applied": 0.0,
    "num_episodes": 6,
    "success_rate": 0.0,
    "collision_rate": 0.1666666716337204,
    "avg_episode_return": -23.814313888549805,
    "avg_path_length": 4.047082424163818,
    "avg_episode_duration": 18.966665267944336,
    "avg_time_to_goal": 0.0,
    "avg_min_obstacle_distance": 0.8025242686271667,
    "avg_min_clearance": 0.45252418518066406,
    "avg_control_effort": 0.6437126398086548,
    "avg_path_efficiency": 0.0,
    "avg_steps": 569.0,
    "best_episode_return": 10.768280982971191,
    "deterministic": 1.0,
    "seed_offset": 100000
  },
  "episodes": [
    {
      "episode_return": -38.11661926416582,
      "success": 0.0,
      "collision": 0.0,
      "min_obstacle_distance": 1.1345934867858887,
      "min_clearance": 0.7845934867858887,
      "path_length": 4.440843306940224,
      "start_to_goal_distance": 5.67656946182251,
      "steps": 620.0,
      "control_effort": 0.6482862112022215,
      "episode_duration": 20.666666666666668,
      "time_to_goal": null
    },
    {
      "episode_return": -84.91902829020067,
      "success": 0.0,
      "collision": 0.0,
      "min_obstacle_distance": 0.35232213139533997,
      "min_clearance": 0.002322131395339988,
      "path_length": 4.533237507654121,
      "start_to_goal_distance": 3.87174391746521,
      "steps": 620.0,
      "control_effort": 0.6308337078940484,
      "episode_duration": 20.666666666666668,
      "time_to_goal": null
    },
    {
      "episode_return": 4.387284379681709,
      "success": 0.0,
      "collision": 0.0,
      "min_obstacle_distance": 1.1835964918136597,
      "min_clearance": 0.8335964918136597,
      "path_length": 4.192318356173928,
      "start_to_goal_distance": 4.218926906585693,
      "steps": 620.0,
      "control_effort": 0.6442847853706729,
      "episode_duration": 20.666666666666668,
      "time_to_goal": null
    },
    {
      "episode_return": 10.768280864696319,
      "success": 0.0,
      "collision": 0.0,
      "min_obstacle_distance": 1.0494946241378784,
      "min_clearance": 0.6994946241378784,
      "path_length": 4.357927803663188,
      "start_to_goal_distance": 3.8663716316223145,
      "steps": 620.0,
      "control_effort": 0.6402595918986105,
      "episode_duration": 20.666666666666668,
      "time_to_goal": null
    },
    {
      "episode_return": -14.647954410645664,
      "success": 0.0,
      "collision": 0.0,
      "min_obstacle_distance": 0.7502604126930237,
      "min_clearance": 0.4002604126930237,
      "path_length": 4.510682192529202,
      "start_to_goal_distance": 4.319121837615967,
      "steps": 620.0,
      "control_effort": 0.6492359861250847,
      "episode_duration": 20.666666666666668,
      "time_to_goal": null
    },
    {
      "episode_return": -20.357845032835506,
      "success": 0.0,
      "collision": 1.0,
      "min_obstacle_distance": 0.3448779582977295,
      "min_clearance": -0.005122041702270486,
      "path_length": 2.247486303851474,
      "start_to_goal_distance": 5.195745468139648,
      "steps": 314.0,
      "control_effort": 0.6493756765392935,
      "episode_duration": 10.466666666666667,
      "time_to_goal": null
    }
  ]
}