{
  "summary": {
    "train_episode": 1000,
    "stage_index": 7,
    "stage_name": "target_default_intro",
    "stage_episode": 240,
    "stage_eval_index": 28,
    "stage_target_hit": 0.0,
    "stage_success_streak": 0,
    "stage_best_success_rate": 0.5,
    "stage_best_collision_rate": 0.0,
    "stage_best_avg_return": 73.55451202392578,
    "stage_bad_eval_streak": 12,
    "stage_regression_active": 1.0,
    "stage_regression_bad_eval": 1.0,
    "stage_regression_absolute_drop": 0.5,
    "stage_regression_relative_drop": 1.0,
    "stage_regression_detected": 1.0,
    "stage_rollback_applied": 0.0,
    "stage_plateau_recovery_applied": 0.0,
    "num_episodes": 6,
    "success_rate": 0.0,
    "collision_rate": 0.3333333432674408,
    "avg_episode_return": -11.886829376220703,
    "avg_path_length": 3.6118075847625732,
    "avg_episode_duration": 18.377777099609375,
    "avg_time_to_goal": 0.0,
    "avg_min_obstacle_distance": 0.8375203013420105,
    "avg_min_clearance": 0.4875202476978302,
    "avg_control_effort": 0.6263681054115295,
    "avg_path_efficiency": 0.0,
    "avg_steps": 551.3333129882812,
    "best_episode_return": 33.498130798339844,
    "deterministic": 1.0,
    "seed_offset": 100000
  },
  "episodes": [
    {
      "episode_return": -21.000899518963337,
      "success": 0.0,
      "collision": 0.0,
      "min_obstacle_distance": 1.236164927482605,
      "min_clearance": 0.886164927482605,
      "path_length": 3.414115008534118,
      "start_to_goal_distance": 5.67656946182251,
      "steps": 620.0,
      "control_effort": 0.6422356326733866,
      "episode_duration": 20.666666666666668,
      "time_to_goal": null
    },
    {
      "episode_return": -45.73545325980449,
      "success": 0.0,
      "collision": 1.0,
      "min_obstacle_distance": 0.3492487668991089,
      "min_clearance": -0.0007512331008910911,
      "path_length": 2.039687221258646,
      "start_to_goal_distance": 3.87174391746521,
      "steps": 274.0,
      "control_effort": 0.6249427497386932,
      "episode_duration": 9.133333333333333,
      "time_to_goal": null
    },
    {
      "episode_return": -13.039970064912364,
      "success": 0.0,
      "collision": 0.0,
      "min_obstacle_distance": 1.2840936183929443,
      "min_clearance": 0.9340936183929444,
      "path_length": 4.429633693114738,
      "start_to_goal_distance": 4.218926906585693,
      "steps": 620.0,
      "control_effort": 0.6276637105211135,
      "episode_duration": 20.666666666666668,
      "time_to_goal": null
    },
    {
      "episode_return": 33.4981297959838,
      "success": 0.0,
      "collision": 0.0,
      "min_obstacle_distance": 0.9996112585067749,
      "min_clearance": 0.6496112585067749,
      "path_length": 4.478910635953071,
      "start_to_goal_distance": 3.8663716316223145,
      "steps": 620.0,
      "control_effort": 0.6197170655573568,
      "episode_duration": 20.666666666666668,
      "time_to_goal": null
    },
    {
      "episode_return": -13.638415987179105,
      "success": 0.0,
      "collision": 0.0,
      "min_obstacle_distance": 0.8155039548873901,
      "min_clearance": 0.46550395488739016,
      "path_length": 3.3824181348237516,
      "start_to_goal_distance": 4.319121837615967,
      "steps": 620.0,
      "control_effort": 0.6244379411781987,
      "episode_duration": 20.666666666666668,
      "time_to_goal": null
    },
    {
      "episode_return": -11.404363037413734,
      "success": 0.0,
      "collision": 1.0,
      "min_obstacle_distance": 0.34049907326698303,
      "min_clearance": -0.009500926733016946,
      "path_length": 3.926080302509945,
      "start_to_goal_distance": 5.195745468139648,
      "steps": 554.0,
      "control_effort": 0.6192114720060506,
      "episode_duration": 18.466666666666665,
      "time_to_goal": null
    }
  ]
}