{
  "summary": {
    "train_episode": 1460,
    "stage_index": 7,
    "stage_name": "target_default_intro",
    "stage_episode": 700,
    "stage_eval_index": 51,
    "stage_target_hit": 0.0,
    "stage_success_streak": 0,
    "stage_best_success_rate": 0.5,
    "stage_best_collision_rate": 0.0,
    "stage_best_avg_return": 73.55451202392578,
    "stage_bad_eval_streak": 35,
    "stage_regression_active": 1.0,
    "stage_regression_bad_eval": 1.0,
    "stage_regression_absolute_drop": 0.5,
    "stage_regression_relative_drop": 1.0,
    "stage_regression_detected": 1.0,
    "stage_rollback_applied": 0.0,
    "stage_plateau_recovery_applied": 0.0,
    "num_episodes": 6,
    "success_rate": 0.0,
    "collision_rate": 0.0,
    "avg_episode_return": -19.931550979614258,
    "avg_path_length": 4.300507068634033,
    "avg_episode_duration": 20.66666603088379,
    "avg_time_to_goal": 0.0,
    "avg_min_obstacle_distance": 0.6885077953338623,
    "avg_min_clearance": 0.33850786089897156,
    "avg_control_effort": 0.5792925357818604,
    "avg_path_efficiency": 0.0,
    "avg_steps": 620.0,
    "best_episode_return": 10.482093811035156,
    "deterministic": 1.0,
    "seed_offset": 100000
  },
  "episodes": [
    {
      "episode_return": -19.224205626382364,
      "success": 0.0,
      "collision": 0.0,
      "min_obstacle_distance": 0.6330726742744446,
      "min_clearance": 0.2830726742744446,
      "path_length": 3.8186166931843673,
      "start_to_goal_distance": 5.67656946182251,
      "steps": 620.0,
      "control_effort": 0.6020680859204262,
      "episode_duration": 20.666666666666668,
      "time_to_goal": null
    },
    {
      "episode_return": -15.082372719288973,
      "success": 0.0,
      "collision": 0.0,
      "min_obstacle_distance": 0.6325569152832031,
      "min_clearance": 0.28255691528320315,
      "path_length": 4.544839811685961,
      "start_to_goal_distance": 3.87174391746521,
      "steps": 620.0,
      "control_effort": 0.5600383603284436,
      "episode_duration": 20.666666666666668,
      "time_to_goal": null
    },
    {
      "episode_return": -23.52251202265401,
      "success": 0.0,
      "collision": 0.0,
      "min_obstacle_distance": 0.8973192572593689,
      "min_clearance": 0.5473192572593689,
      "path_length": 4.504452570865396,
      "start_to_goal_distance": 4.218926906585693,
      "steps": 620.0,
      "control_effort": 0.5946740161026678,
      "episode_duration": 20.666666666666668,
      "time_to_goal": null
    },
    {
      "episode_return": 10.482093793150192,
      "success": 0.0,
      "collision": 0.0,
      "min_obstacle_distance": 0.9201920032501221,
      "min_clearance": 0.5701920032501221,
      "path_length": 4.4411686569219455,
      "start_to_goal_distance": 3.8663716316223145,
      "steps": 620.0,
      "control_effort": 0.5818315780931903,
      "episode_duration": 20.666666666666668,
      "time_to_goal": null
    },
    {
      "episode_return": -39.457978534992485,
      "success": 0.0,
      "collision": 0.0,
      "min_obstacle_distance": 0.6248493790626526,
      "min_clearance": 0.2748493790626526,
      "path_length": 4.004619733787706,
      "start_to_goal_distance": 4.319121837615967,
      "steps": 620.0,
      "control_effort": 0.5755931997491467,
      "episode_duration": 20.666666666666668,
      "time_to_goal": null
    },
    {
      "episode_return": -32.78433235941761,
      "success": 0.0,
      "collision": 0.0,
      "min_obstacle_distance": 0.42305681109428406,
      "min_clearance": 0.07305681109428408,
      "path_length": 4.489344367349986,
      "start_to_goal_distance": 5.195745468139648,
      "steps": 620.0,
      "control_effort": 0.5615500490511617,
      "episode_duration": 20.666666666666668,
      "time_to_goal": null
    }
  ]
}