{
  "episode_return": 0.10001056272871267,
  "success": 0.0,
  "collision": 0.0,
  "min_obstacle_distance": 0.5968971848487854,
  "min_clearance": 0.24689718484878542,
  "path_length": 4.237810516788159,
  "start_to_goal_distance": 5.195745468139648,
  "steps": 620.0,
  "control_effort": 0.46933645855995915,
  "episode_duration": 20.666666666666668,
  "time_to_goal": null
}