{
  "episode_return": -4.957601018758297,
  "success": 0.0,
  "collision": 0.0,
  "min_obstacle_distance": 0.5382352471351624,
  "min_clearance": 0.18823524713516238,
  "path_length": 4.244362220459152,
  "start_to_goal_distance": 5.195745468139648,
  "steps": 620.0,
  "control_effort": 0.4624297025703615,
  "episode_duration": 20.666666666666668,
  "time_to_goal": null
}