{
  "summary": {
    "train_episode": 480,
    "stage_index": 7,
    "stage_name": "target_default_intro",
    "stage_episode": 40,
    "stage_eval_index": 2,
    "stage_target_hit": 0.0,
    "stage_success_streak": 0,
    "stage_best_success_rate": 0.3333333432674408,
    "stage_best_collision_rate": 0.0,
    "stage_best_avg_return": 45.80244064331055,
    "stage_bad_eval_streak": 0,
    "stage_regression_active": 1.0,
    "stage_regression_bad_eval": 0.0,
    "stage_regression_absolute_drop": 0.0,
    "stage_regression_relative_drop": 0.0,
    "stage_regression_detected": 0.0,
    "stage_rollback_applied": 0.0,
    "stage_plateau_recovery_applied": 0.0,
    "num_episodes": 6,
    "success_rate": 0.3333333432674408,
    "collision_rate": 0.0,
    "avg_episode_return": 45.80244064331055,
    "avg_path_length": 4.124533176422119,
    "avg_episode_duration": 19.149999618530273,
    "avg_time_to_goal": 16.116666793823242,
    "avg_min_obstacle_distance": 0.9384989738464355,
    "avg_min_clearance": 0.5884988903999329,
    "avg_control_effort": 0.6661267280578613,
    "avg_path_efficiency": 0.3333333432674408,
    "avg_steps": 574.5,
    "best_episode_return": 157.81277465820312,
    "deterministic": 1.0,
    "seed_offset": 100000
  },
  "episodes": [
    {
      "episode_return": -11.25333521030203,
      "success": 0.0,
      "collision": 0.0,
      "min_obstacle_distance": 1.1652129888534546,
      "min_clearance": 0.8152129888534546,
      "path_length": 4.692663765548787,
      "start_to_goal_distance": 5.67656946182251,
      "steps": 620.0,
      "control_effort": 0.6711261858863216,
      "episode_duration": 20.666666666666668,
      "time_to_goal": null
    },
    {
      "episode_return": 105.90581780157993,
      "success": 1.0,
      "collision": 0.0,
      "min_obstacle_distance": 0.43355250358581543,
      "min_clearance": 0.08355250358581545,
      "path_length": 3.7322186005330877,
      "start_to_goal_distance": 3.87174391746521,
      "steps": 507.0,
      "control_effort": 0.6611249316373521,
      "episode_duration": 16.9,
      "time_to_goal": 16.9
    },
    {
      "episode_return": 7.971768854152003,
      "success": 0.0,
      "collision": 0.0,
      "min_obstacle_distance": 1.3659794330596924,
      "min_clearance": 1.0159794330596923,
      "path_length": 4.609551636174729,
      "start_to_goal_distance": 4.218926906585693,
      "steps": 620.0,
      "control_effort": 0.6702056946293,
      "episode_duration": 20.666666666666668,
      "time_to_goal": null
    },
    {
      "episode_return": 157.81277022720695,
      "success": 1.0,
      "collision": 0.0,
      "min_obstacle_distance": 0.8290498852729797,
      "min_clearance": 0.47904988527297976,
      "path_length": 3.3471698693028884,
      "start_to_goal_distance": 3.8663716316223145,
      "steps": 460.0,
      "control_effort": 0.6605083282874978,
      "episode_duration": 15.333333333333334,
      "time_to_goal": 15.333333333333334
    },
    {
      "episode_return": 3.621731756275558,
      "success": 0.0,
      "collision": 0.0,
      "min_obstacle_distance": 0.8548943996429443,
      "min_clearance": 0.5048943996429444,
      "path_length": 3.849144977138991,
      "start_to_goal_distance": 4.319121837615967,
      "steps": 620.0,
      "control_effort": 0.6734890996448455,
      "episode_duration": 20.666666666666668,
      "time_to_goal": null
    },
    {
      "episode_return": 10.755893304874341,
      "success": 0.0,
      "collision": 0.0,
      "min_obstacle_distance": 0.9823043346405029,
      "min_clearance": 0.632304334640503,
      "path_length": 4.516450784576591,
      "start_to_goal_distance": 5.195745468139648,
      "steps": 620.0,
      "control_effort": 0.6603061580850232,
      "episode_duration": 20.666666666666668,
      "time_to_goal": null
    }
  ]
}