{
  "episode_return": -5.451858293690684,
  "success": 0.0,
  "collision": 0.0,
  "min_obstacle_distance": 0.5085009932518005,
  "min_clearance": 0.15850099325180056,
  "path_length": 4.2263715548906475,
  "start_to_goal_distance": 5.195745468139648,
  "steps": 620.0,
  "control_effort": 0.4929394403772969,
  "episode_duration": 20.666666666666668,
  "time_to_goal": null
}