{
  "summary": {
    "train_episode": 2440,
    "stage_index": 7,
    "stage_name": "target_default_intro",
    "stage_episode": 1680,
    "stage_eval_index": 100,
    "stage_target_hit": 0.0,
    "stage_success_streak": 0,
    "stage_best_success_rate": 0.5,
    "stage_best_collision_rate": 0.0,
    "stage_best_avg_return": 73.55451202392578,
    "stage_bad_eval_streak": 84,
    "stage_regression_active": 1.0,
    "stage_regression_bad_eval": 1.0,
    "stage_regression_absolute_drop": 0.5,
    "stage_regression_relative_drop": 1.0,
    "stage_regression_detected": 1.0,
    "stage_rollback_applied": 0.0,
    "stage_plateau_recovery_applied": 0.0,
    "num_episodes": 6,
    "success_rate": 0.0,
    "collision_rate": 0.0,
    "avg_episode_return": -70.55411529541016,
    "avg_path_length": 4.179324150085449,
    "avg_episode_duration": 20.66666603088379,
    "avg_time_to_goal": 0.0,
    "avg_min_obstacle_distance": 0.9844510555267334,
    "avg_min_clearance": 0.6344510912895203,
    "avg_control_effort": 0.4937003552913666,
    "avg_path_efficiency": 0.0,
    "avg_steps": 620.0,
    "best_episode_return": -15.342195510864258,
    "deterministic": 1.0,
    "seed_offset": 100000
  },
  "episodes": [
    {
      "episode_return": -78.33881998516223,
      "success": 0.0,
      "collision": 0.0,
      "min_obstacle_distance": 1.5830234289169312,
      "min_clearance": 1.233023428916931,
      "path_length": 3.540964526776918,
      "start_to_goal_distance": 5.67656946182251,
      "steps": 620.0,
      "control_effort": 0.48652755079730864,
      "episode_duration": 20.666666666666668,
      "time_to_goal": null
    },
    {
      "episode_return": -70.72777853935186,
      "success": 0.0,
      "collision": 0.0,
      "min_obstacle_distance": 0.9010898470878601,
      "min_clearance": 0.5510898470878601,
      "path_length": 4.2964494433254,
      "start_to_goal_distance": 3.87174391746521,
      "steps": 620.0,
      "control_effort": 0.4711957671469258,
      "episode_duration": 20.666666666666668,
      "time_to_goal": null
    },
    {
      "episode_return": -66.78744444645099,
      "success": 0.0,
      "collision": 0.0,
      "min_obstacle_distance": 1.0346152782440186,
      "min_clearance": 0.6846152782440186,
      "path_length": 4.28268383431714,
      "start_to_goal_distance": 4.218926906585693,
      "steps": 620.0,
      "control_effort": 0.5079821255418562,
      "episode_duration": 20.666666666666668,
      "time_to_goal": null
    },
    {
      "episode_return": -49.72682756335784,
      "success": 0.0,
      "collision": 0.0,
      "min_obstacle_distance": 1.3151845932006836,
      "min_clearance": 0.9651845932006836,
      "path_length": 4.368830201798119,
      "start_to_goal_distance": 3.8663716316223145,
      "steps": 620.0,
      "control_effort": 0.5089865504253295,
      "episode_duration": 20.666666666666668,
      "time_to_goal": null
    },
    {
      "episode_return": -142.40161960232345,
      "success": 0.0,
      "collision": 0.0,
      "min_obstacle_distance": 0.3846586346626282,
      "min_clearance": 0.034658634662628196,
      "path_length": 4.357024829718284,
      "start_to_goal_distance": 4.319121837615967,
      "steps": 620.0,
      "control_effort": 0.49954023486183535,
      "episode_duration": 20.666666666666668,
      "time_to_goal": null
    },
    {
      "episode_return": -15.342195970217983,
      "success": 0.0,
      "collision": 0.0,
      "min_obstacle_distance": 0.688134491443634,
      "min_clearance": 0.33813449144363406,
      "path_length": 4.229992217617109,
      "start_to_goal_distance": 5.195745468139648,
      "steps": 620.0,
      "control_effort": 0.4879697829004257,
      "episode_duration": 20.666666666666668,
      "time_to_goal": null
    }
  ]
}