{
  "summary": {
    "train_episode": 2400,
    "stage_index": 7,
    "stage_name": "target_default_intro",
    "stage_episode": 1640,
    "stage_eval_index": 98,
    "stage_target_hit": 0.0,
    "stage_success_streak": 0,
    "stage_best_success_rate": 0.5,
    "stage_best_collision_rate": 0.0,
    "stage_best_avg_return": 73.55451202392578,
    "stage_bad_eval_streak": 82,
    "stage_regression_active": 1.0,
    "stage_regression_bad_eval": 1.0,
    "stage_regression_absolute_drop": 0.5,
    "stage_regression_relative_drop": 1.0,
    "stage_regression_detected": 1.0,
    "stage_rollback_applied": 0.0,
    "stage_plateau_recovery_applied": 0.0,
    "num_episodes": 6,
    "success_rate": 0.0,
    "collision_rate": 0.0,
    "avg_episode_return": -65.29485321044922,
    "avg_path_length": 4.134978771209717,
    "avg_episode_duration": 20.66666603088379,
    "avg_time_to_goal": 0.0,
    "avg_min_obstacle_distance": 1.0026521682739258,
    "avg_min_clearance": 0.6526521444320679,
    "avg_control_effort": 0.4975883960723877,
    "avg_path_efficiency": 0.0,
    "avg_steps": 620.0,
    "best_episode_return": -20.490907669067383,
    "deterministic": 1.0,
    "seed_offset": 100000
  },
  "episodes": [
    {
      "episode_return": -71.52642693256132,
      "success": 0.0,
      "collision": 0.0,
      "min_obstacle_distance": 1.7736254930496216,
      "min_clearance": 1.4236254930496215,
      "path_length": 3.1812080001566585,
      "start_to_goal_distance": 5.67656946182251,
      "steps": 620.0,
      "control_effort": 0.5067107405874037,
      "episode_duration": 20.666666666666668,
      "time_to_goal": null
    },
    {
      "episode_return": -56.9223496256189,
      "success": 0.0,
      "collision": 0.0,
      "min_obstacle_distance": 0.9312699437141418,
      "min_clearance": 0.5812699437141419,
      "path_length": 4.442088910844177,
      "start_to_goal_distance": 3.87174391746521,
      "steps": 620.0,
      "control_effort": 0.4681732797334271,
      "episode_duration": 20.666666666666668,
      "time_to_goal": null
    },
    {
      "episode_return": -69.71046494187877,
      "success": 0.0,
      "collision": 0.0,
      "min_obstacle_distance": 1.0289368629455566,
      "min_clearance": 0.6789368629455567,
      "path_length": 4.412138296407647,
      "start_to_goal_distance": 4.218926906585693,
      "steps": 620.0,
      "control_effort": 0.5093626211247136,
      "episode_duration": 20.666666666666668,
      "time_to_goal": null
    },
    {
      "episode_return": -20.49090780851211,
      "success": 0.0,
      "collision": 0.0,
      "min_obstacle_distance": 1.3158355951309204,
      "min_clearance": 0.9658355951309204,
      "path_length": 4.28961889113998,
      "start_to_goal_distance": 3.8663716316223145,
      "steps": 620.0,
      "control_effort": 0.5070435436983263,
      "episode_duration": 20.666666666666668,
      "time_to_goal": null
    },
    {
      "episode_return": -152.10039846548653,
      "success": 0.0,
      "collision": 0.0,
      "min_obstacle_distance": 0.351378470659256,
      "min_clearance": 0.0013784706592560036,
      "path_length": 4.3036506487987936,
      "start_to_goal_distance": 4.319121837615967,
      "steps": 620.0,
      "control_effort": 0.5177267738407658,
      "episode_duration": 20.666666666666668,
      "time_to_goal": null
    },
    {
      "episode_return": -21.018563802932473,
      "success": 0.0,
      "collision": 0.0,
      "min_obstacle_distance": 0.6148665547370911,
      "min_clearance": 0.2648665547370911,
      "path_length": 4.181168360577431,
      "start_to_goal_distance": 5.195745468139648,
      "steps": 620.0,
      "control_effort": 0.4765134060575116,
      "episode_duration": 20.666666666666668,
      "time_to_goal": null
    }
  ]
}