{
  "summary": {
    "train_episode": 1640,
    "stage_index": 7,
    "stage_name": "target_default_intro",
    "stage_episode": 880,
    "stage_eval_index": 60,
    "stage_target_hit": 0.0,
    "stage_success_streak": 0,
    "stage_best_success_rate": 0.5,
    "stage_best_collision_rate": 0.0,
    "stage_best_avg_return": 73.55451202392578,
    "stage_bad_eval_streak": 44,
    "stage_regression_active": 1.0,
    "stage_regression_bad_eval": 1.0,
    "stage_regression_absolute_drop": 0.5,
    "stage_regression_relative_drop": 1.0,
    "stage_regression_detected": 1.0,
    "stage_rollback_applied": 0.0,
    "stage_plateau_recovery_applied": 0.0,
    "num_episodes": 6,
    "success_rate": 0.0,
    "collision_rate": 0.0,
    "avg_episode_return": -37.99867630004883,
    "avg_path_length": 3.810659408569336,
    "avg_episode_duration": 20.66666603088379,
    "avg_time_to_goal": 0.0,
    "avg_min_obstacle_distance": 0.7443961501121521,
    "avg_min_clearance": 0.3943960666656494,
    "avg_control_effort": 0.5593461394309998,
    "avg_path_efficiency": 0.0,
    "avg_steps": 620.0,
    "best_episode_return": -20.92070770263672,
    "deterministic": 1.0,
    "seed_offset": 100000
  },
  "episodes": [
    {
      "episode_return": -20.920706981003146,
      "success": 0.0,
      "collision": 0.0,
      "min_obstacle_distance": 0.882701575756073,
      "min_clearance": 0.532701575756073,
      "path_length": 3.401784369023858,
      "start_to_goal_distance": 5.67656946182251,
      "steps": 620.0,
      "control_effort": 0.5908209085464478,
      "episode_duration": 20.666666666666668,
      "time_to_goal": null
    },
    {
      "episode_return": -74.48028317300479,
      "success": 0.0,
      "collision": 0.0,
      "min_obstacle_distance": 0.44723913073539734,
      "min_clearance": 0.09723913073539736,
      "path_length": 3.6035173989712987,
      "start_to_goal_distance": 3.87174391746521,
      "steps": 620.0,
      "control_effort": 0.5363691131434133,
      "episode_duration": 20.666666666666668,
      "time_to_goal": null
    },
    {
      "episode_return": -34.698974504971126,
      "success": 0.0,
      "collision": 0.0,
      "min_obstacle_distance": 1.0858778953552246,
      "min_clearance": 0.7358778953552246,
      "path_length": 3.974625889988644,
      "start_to_goal_distance": 4.218926906585693,
      "steps": 620.0,
      "control_effort": 0.5819702535867691,
      "episode_duration": 20.666666666666668,
      "time_to_goal": null
    },
    {
      "episode_return": -21.193751768530884,
      "success": 0.0,
      "collision": 0.0,
      "min_obstacle_distance": 0.7571700811386108,
      "min_clearance": 0.40717008113861086,
      "path_length": 4.518160184117733,
      "start_to_goal_distance": 3.8663716316223145,
      "steps": 620.0,
      "control_effort": 0.5662440338923085,
      "episode_duration": 20.666666666666668,
      "time_to_goal": null
    },
    {
      "episode_return": -53.64069100932969,
      "success": 0.0,
      "collision": 0.0,
      "min_obstacle_distance": 0.7604344487190247,
      "min_clearance": 0.4104344487190247,
      "path_length": 2.944457640575621,
      "start_to_goal_distance": 4.319121837615967,
      "steps": 620.0,
      "control_effort": 0.5433011164107631,
      "episode_duration": 20.666666666666668,
      "time_to_goal": null
    },
    {
      "episode_return": -23.0576516766543,
      "success": 0.0,
      "collision": 0.0,
      "min_obstacle_distance": 0.5329533815383911,
      "min_clearance": 0.18295338153839114,
      "path_length": 4.421410916547757,
      "start_to_goal_distance": 5.195745468139648,
      "steps": 620.0,
      "control_effort": 0.5373710779893783,
      "episode_duration": 20.666666666666668,
      "time_to_goal": null
    }
  ]
}