{
  "episode_return": -5.751075619537062,
  "success": 0.0,
  "collision": 0.0,
  "min_obstacle_distance": 1.36757230758667,
  "min_clearance": 1.0175723075866698,
  "path_length": 4.466911859926768,
  "start_to_goal_distance": 3.8663716316223145,
  "steps": 620.0,
  "control_effort": 0.550707839717788,
  "episode_duration": 20.666666666666668,
  "time_to_goal": null
}