{
  "episode_return": 11.537083779413678,
  "success": 0.0,
  "collision": 0.0,
  "min_obstacle_distance": 0.9191922545433044,
  "min_clearance": 0.5691922545433045,
  "path_length": 4.299790394958109,
  "start_to_goal_distance": 5.195745468139648,
  "steps": 620.0,
  "control_effort": 0.5130959549257832,
  "episode_duration": 20.666666666666668,
  "time_to_goal": null
}