{
  "summary": {
    "train_episode": 980,
    "stage_index": 7,
    "stage_name": "target_default_intro",
    "stage_episode": 220,
    "stage_eval_index": 27,
    "stage_target_hit": 0.0,
    "stage_success_streak": 0,
    "stage_best_success_rate": 0.5,
    "stage_best_collision_rate": 0.0,
    "stage_best_avg_return": 73.55451202392578,
    "stage_bad_eval_streak": 11,
    "stage_regression_active": 1.0,
    "stage_regression_bad_eval": 1.0,
    "stage_regression_absolute_drop": 0.3333333283662796,
    "stage_regression_relative_drop": 0.6666666567325592,
    "stage_regression_detected": 1.0,
    "stage_rollback_applied": 0.0,
    "stage_plateau_recovery_applied": 0.0,
    "num_episodes": 6,
    "success_rate": 0.1666666716337204,
    "collision_rate": 0.3333333432674408,
    "avg_episode_return": 9.906340599060059,
    "avg_path_length": 3.604111433029175,
    "avg_episode_duration": 18.02777671813965,
    "avg_time_to_goal": 18.33333396911621,
    "avg_min_obstacle_distance": 0.8306718468666077,
    "avg_min_clearance": 0.48067185282707214,
    "avg_control_effort": 0.6223864555358887,
    "avg_path_efficiency": 0.1666666716337204,
    "avg_steps": 540.8333129882812,
    "best_episode_return": 155.96412658691406,
    "deterministic": 1.0,
    "seed_offset": 100000
  },
  "episodes": [
    {
      "episode_return": -22.833264637526224,
      "success": 0.0,
      "collision": 0.0,
      "min_obstacle_distance": 1.1302565336227417,
      "min_clearance": 0.7802565336227417,
      "path_length": 3.576754284037797,
      "start_to_goal_distance": 5.67656946182251,
      "steps": 620.0,
      "control_effort": 0.6330576699587607,
      "episode_duration": 20.666666666666668,
      "time_to_goal": null
    },
    {
      "episode_return": -31.85804139034142,
      "success": 0.0,
      "collision": 1.0,
      "min_obstacle_distance": 0.3478882908821106,
      "min_clearance": -0.002111709117889382,
      "path_length": 1.9066427817961085,
      "start_to_goal_distance": 3.87174391746521,
      "steps": 262.0,
      "control_effort": 0.6248474653440578,
      "episode_duration": 8.733333333333333,
      "time_to_goal": null
    },
    {
      "episode_return": -11.105309846048172,
      "success": 0.0,
      "collision": 0.0,
      "min_obstacle_distance": 1.3034416437149048,
      "min_clearance": 0.9534416437149048,
      "path_length": 4.438037533356692,
      "start_to_goal_distance": 4.218926906585693,
      "steps": 620.0,
      "control_effort": 0.6201343185478642,
      "episode_duration": 20.666666666666668,
      "time_to_goal": null
    },
    {
      "episode_return": 155.96412741188357,
      "success": 1.0,
      "collision": 0.0,
      "min_obstacle_distance": 1.009308934211731,
      "min_clearance": 0.659308934211731,
      "path_length": 3.8537576869130135,
      "start_to_goal_distance": 3.8663716316223145,
      "steps": 550.0,
      "control_effort": 0.6188569978150454,
      "episode_duration": 18.333333333333332,
      "time_to_goal": 18.333333333333332
    },
    {
      "episode_return": -12.476777318210502,
      "success": 0.0,
      "collision": 0.0,
      "min_obstacle_distance": 0.8501371145248413,
      "min_clearance": 0.5001371145248413,
      "path_length": 3.720817845902502,
      "start_to_goal_distance": 4.319121837615967,
      "steps": 620.0,
      "control_effort": 0.6154689091828561,
      "episode_duration": 20.666666666666668,
      "time_to_goal": null
    },
    {
      "episode_return": -18.25269373691348,
      "success": 0.0,
      "collision": 1.0,
      "min_obstacle_distance": 0.34299853444099426,
      "min_clearance": -0.007001465559005715,
      "path_length": 4.1286573603138095,
      "start_to_goal_distance": 5.195745468139648,
      "steps": 573.0,
      "control_effort": 0.6219534964461602,
      "episode_duration": 19.1,
      "time_to_goal": null
    }
  ]
}