{
  "summary": {
    "train_episode": 1380,
    "stage_index": 7,
    "stage_name": "target_default_intro",
    "stage_episode": 620,
    "stage_eval_index": 47,
    "stage_target_hit": 0.0,
    "stage_success_streak": 0,
    "stage_best_success_rate": 0.5,
    "stage_best_collision_rate": 0.0,
    "stage_best_avg_return": 73.55451202392578,
    "stage_bad_eval_streak": 31,
    "stage_regression_active": 1.0,
    "stage_regression_bad_eval": 1.0,
    "stage_regression_absolute_drop": 0.5,
    "stage_regression_relative_drop": 1.0,
    "stage_regression_detected": 1.0,
    "stage_rollback_applied": 0.0,
    "stage_plateau_recovery_applied": 0.0,
    "num_episodes": 6,
    "success_rate": 0.0,
    "collision_rate": 0.3333333432674408,
    "avg_episode_return": -26.402023315429688,
    "avg_path_length": 3.098398208618164,
    "avg_episode_duration": 18.02777671813965,
    "avg_time_to_goal": 0.0,
    "avg_min_obstacle_distance": 0.7553746700286865,
    "avg_min_clearance": 0.4053746461868286,
    "avg_control_effort": 0.5518078207969666,
    "avg_path_efficiency": 0.0,
    "avg_steps": 540.8333129882812,
    "best_episode_return": -8.872075080871582,
    "deterministic": 1.0,
    "seed_offset": 100000
  },
  "episodes": [
    {
      "episode_return": -25.217455895122672,
      "success": 0.0,
      "collision": 0.0,
      "min_obstacle_distance": 1.3078279495239258,
      "min_clearance": 0.9578279495239258,
      "path_length": 2.8036662036125293,
      "start_to_goal_distance": 5.67656946182251,
      "steps": 620.0,
      "control_effort": 0.5624309428276554,
      "episode_duration": 20.666666666666668,
      "time_to_goal": null
    },
    {
      "episode_return": -30.028990808451706,
      "success": 0.0,
      "collision": 1.0,
      "min_obstacle_distance": 0.3458971381187439,
      "min_clearance": -0.004102861881256081,
      "path_length": 1.0599473008333007,
      "start_to_goal_distance": 3.87174391746521,
      "steps": 156.0,
      "control_effort": 0.5451029787460963,
      "episode_duration": 5.2,
      "time_to_goal": null
    },
    {
      "episode_return": -15.942195725873216,
      "success": 0.0,
      "collision": 0.0,
      "min_obstacle_distance": 1.1664701700210571,
      "min_clearance": 0.8164701700210572,
      "path_length": 3.467597117756668,
      "start_to_goal_distance": 4.218926906585693,
      "steps": 620.0,
      "control_effort": 0.5760121530102146,
      "episode_duration": 20.666666666666668,
      "time_to_goal": null
    },
    {
      "episode_return": -8.872075502091533,
      "success": 0.0,
      "collision": 0.0,
      "min_obstacle_distance": 0.5891159772872925,
      "min_clearance": 0.2391159772872925,
      "path_length": 4.449996535811806,
      "start_to_goal_distance": 3.8663716316223145,
      "steps": 620.0,
      "control_effort": 0.5571138933781654,
      "episode_duration": 20.666666666666668,
      "time_to_goal": null
    },
    {
      "episode_return": -34.41540042231678,
      "success": 0.0,
      "collision": 0.0,
      "min_obstacle_distance": 0.7813628911972046,
      "min_clearance": 0.4313628911972046,
      "path_length": 2.352459592974011,
      "start_to_goal_distance": 4.319121837615967,
      "steps": 620.0,
      "control_effort": 0.5301573631744231,
      "episode_duration": 20.666666666666668,
      "time_to_goal": null
    },
    {
      "episode_return": -43.936021655991816,
      "success": 0.0,
      "collision": 1.0,
      "min_obstacle_distance": 0.3415738046169281,
      "min_clearance": -0.008426195383071877,
      "path_length": 4.45672278170241,
      "start_to_goal_distance": 5.195745468139648,
      "steps": 609.0,
      "control_effort": 0.5400293913772345,
      "episode_duration": 20.3,
      "time_to_goal": null
    }
  ]
}