{
  "summary": {
    "train_episode": 1480,
    "stage_index": 7,
    "stage_name": "target_default_intro",
    "stage_episode": 720,
    "stage_eval_index": 52,
    "stage_target_hit": 0.0,
    "stage_success_streak": 0,
    "stage_best_success_rate": 0.5,
    "stage_best_collision_rate": 0.0,
    "stage_best_avg_return": 73.55451202392578,
    "stage_bad_eval_streak": 36,
    "stage_regression_active": 1.0,
    "stage_regression_bad_eval": 1.0,
    "stage_regression_absolute_drop": 0.5,
    "stage_regression_relative_drop": 1.0,
    "stage_regression_detected": 1.0,
    "stage_rollback_applied": 0.0,
    "stage_plateau_recovery_applied": 0.0,
    "num_episodes": 6,
    "success_rate": 0.0,
    "collision_rate": 0.0,
    "avg_episode_return": -22.336624145507812,
    "avg_path_length": 4.2856831550598145,
    "avg_episode_duration": 20.66666603088379,
    "avg_time_to_goal": 0.0,
    "avg_min_obstacle_distance": 0.6898231506347656,
    "avg_min_clearance": 0.3398232161998749,
    "avg_control_effort": 0.5745606422424316,
    "avg_path_efficiency": 0.0,
    "avg_steps": 620.0,
    "best_episode_return": 9.27253246307373,
    "deterministic": 1.0,
    "seed_offset": 100000
  },
  "episodes": [
    {
      "episode_return": -14.087761086598725,
      "success": 0.0,
      "collision": 0.0,
      "min_obstacle_distance": 0.6184383034706116,
      "min_clearance": 0.2684383034706116,
      "path_length": 3.820211287761083,
      "start_to_goal_distance": 5.67656946182251,
      "steps": 620.0,
      "control_effort": 0.5961325081125383,
      "episode_duration": 20.666666666666668,
      "time_to_goal": null
    },
    {
      "episode_return": -13.747127994131713,
      "success": 0.0,
      "collision": 0.0,
      "min_obstacle_distance": 0.6093873381614685,
      "min_clearance": 0.25938733816146853,
      "path_length": 4.4342056278837845,
      "start_to_goal_distance": 3.87174391746521,
      "steps": 620.0,
      "control_effort": 0.559297836595966,
      "episode_duration": 20.666666666666668,
      "time_to_goal": null
    },
    {
      "episode_return": -30.91750421097268,
      "success": 0.0,
      "collision": 0.0,
      "min_obstacle_distance": 1.1037675142288208,
      "min_clearance": 0.7537675142288208,
      "path_length": 4.542722166093327,
      "start_to_goal_distance": 4.218926906585693,
      "steps": 620.0,
      "control_effort": 0.5843501548613271,
      "episode_duration": 20.666666666666668,
      "time_to_goal": null
    },
    {
      "episode_return": 9.272532395332924,
      "success": 0.0,
      "collision": 0.0,
      "min_obstacle_distance": 0.8670689463615417,
      "min_clearance": 0.5170689463615418,
      "path_length": 4.478239728079643,
      "start_to_goal_distance": 3.8663716316223145,
      "steps": 620.0,
      "control_effort": 0.5817349716540305,
      "episode_duration": 20.666666666666668,
      "time_to_goal": null
    },
    {
      "episode_return": -37.7861598640845,
      "success": 0.0,
      "collision": 0.0,
      "min_obstacle_distance": 0.5779646039009094,
      "min_clearance": 0.22796460390090945,
      "path_length": 3.8709258832732587,
      "start_to_goal_distance": 4.319121837615967,
      "steps": 620.0,
      "control_effort": 0.5690875237987888,
      "episode_duration": 20.666666666666668,
      "time_to_goal": null
    },
    {
      "episode_return": -46.753729900475065,
      "success": 0.0,
      "collision": 0.0,
      "min_obstacle_distance": 0.36231255531311035,
      "min_clearance": 0.012312555313110374,
      "path_length": 4.567797279567458,
      "start_to_goal_distance": 5.195745468139648,
      "steps": 620.0,
      "control_effort": 0.5567610958410848,
      "episode_duration": 20.666666666666668,
      "time_to_goal": null
    }
  ]
}