{
  "summary": {
    "train_episode": 2880,
    "stage_index": 7,
    "stage_name": "target_default_intro",
    "stage_episode": 2120,
    "stage_eval_index": 122,
    "stage_target_hit": 0.0,
    "stage_success_streak": 0,
    "stage_best_success_rate": 0.5,
    "stage_best_collision_rate": 0.0,
    "stage_best_avg_return": 73.55451202392578,
    "stage_bad_eval_streak": 106,
    "stage_regression_active": 1.0,
    "stage_regression_bad_eval": 1.0,
    "stage_regression_absolute_drop": 0.5,
    "stage_regression_relative_drop": 1.0,
    "stage_regression_detected": 1.0,
    "stage_rollback_applied": 0.0,
    "stage_plateau_recovery_applied": 0.0,
    "num_episodes": 6,
    "success_rate": 0.0,
    "collision_rate": 0.3333333432674408,
    "avg_episode_return": -71.33783721923828,
    "avg_path_length": 2.952491521835327,
    "avg_episode_duration": 15.933333396911621,
    "avg_time_to_goal": 0.0,
    "avg_min_obstacle_distance": 0.9481499791145325,
    "avg_min_clearance": 0.5981499552726746,
    "avg_control_effort": 0.48959803581237793,
    "avg_path_efficiency": 0.0,
    "avg_steps": 478.0,
    "best_episode_return": 9.317277908325195,
    "deterministic": 1.0,
    "seed_offset": 100000
  },
  "episodes": [
    {
      "episode_return": -102.68236183934191,
      "success": 0.0,
      "collision": 0.0,
      "min_obstacle_distance": 1.8754712343215942,
      "min_clearance": 1.5254712343215941,
      "path_length": 2.3146159961497688,
      "start_to_goal_distance": 5.67656946182251,
      "steps": 620.0,
      "control_effort": 0.556023672559569,
      "episode_duration": 20.666666666666668,
      "time_to_goal": null
    },
    {
      "episode_return": -55.19537365371378,
      "success": 0.0,
      "collision": 1.0,
      "min_obstacle_distance": 0.3478544056415558,
      "min_clearance": -0.0021455943584441917,
      "path_length": 1.8765532717807218,
      "start_to_goal_distance": 3.87174391746521,
      "steps": 285.0,
      "control_effort": 0.4426074777778826,
      "episode_duration": 9.5,
      "time_to_goal": null
    },
    {
      "episode_return": -130.44273084585802,
      "success": 0.0,
      "collision": 0.0,
      "min_obstacle_distance": 1.3534045219421387,
      "min_clearance": 1.0034045219421386,
      "path_length": 4.281679005443607,
      "start_to_goal_distance": 4.218926906585693,
      "steps": 620.0,
      "control_effort": 0.5112502704704961,
      "episode_duration": 20.666666666666668,
      "time_to_goal": null
    },
    {
      "episode_return": -87.67179282614165,
      "success": 0.0,
      "collision": 0.0,
      "min_obstacle_distance": 1.078073263168335,
      "min_clearance": 0.728073263168335,
      "path_length": 4.3673504028702155,
      "start_to_goal_distance": 3.8663716316223145,
      "steps": 620.0,
      "control_effort": 0.5041236377531483,
      "episode_duration": 20.666666666666668,
      "time_to_goal": null
    },
    {
      "episode_return": -61.35202407592296,
      "success": 0.0,
      "collision": 1.0,
      "min_obstacle_distance": 0.3495517373085022,
      "min_clearance": -0.00044826269149778053,
      "path_length": 0.6112416179967113,
      "start_to_goal_distance": 4.319121837615967,
      "steps": 103.0,
      "control_effort": 0.4240353732433134,
      "episode_duration": 3.433333333333333,
      "time_to_goal": null
    },
    {
      "episode_return": 9.317277691702344,
      "success": 0.0,
      "collision": 0.0,
      "min_obstacle_distance": 0.6845449805259705,
      "min_clearance": 0.3345449805259705,
      "path_length": 4.263508253148757,
      "start_to_goal_distance": 5.195745468139648,
      "steps": 620.0,
      "control_effort": 0.4995480012509131,
      "episode_duration": 20.666666666666668,
      "time_to_goal": null
    }
  ]
}