{
  "summary": {
    "train_episode": 2200,
    "stage_index": 7,
    "stage_name": "target_default_intro",
    "stage_episode": 1440,
    "stage_eval_index": 88,
    "stage_target_hit": 0.0,
    "stage_success_streak": 0,
    "stage_best_success_rate": 0.5,
    "stage_best_collision_rate": 0.0,
    "stage_best_avg_return": 73.55451202392578,
    "stage_bad_eval_streak": 72,
    "stage_regression_active": 1.0,
    "stage_regression_bad_eval": 1.0,
    "stage_regression_absolute_drop": 0.5,
    "stage_regression_relative_drop": 1.0,
    "stage_regression_detected": 1.0,
    "stage_rollback_applied": 0.0,
    "stage_plateau_recovery_applied": 0.0,
    "num_episodes": 6,
    "success_rate": 0.0,
    "collision_rate": 0.1666666716337204,
    "avg_episode_return": -37.8632698059082,
    "avg_path_length": 3.7206757068634033,
    "avg_episode_duration": 17.788888931274414,
    "avg_time_to_goal": 0.0,
    "avg_min_obstacle_distance": 0.7202088236808777,
    "avg_min_clearance": 0.3702087700366974,
    "avg_control_effort": 0.5095475316047668,
    "avg_path_efficiency": 0.0,
    "avg_steps": 533.6666870117188,
    "best_episode_return": -0.8260359168052673,
    "deterministic": 1.0,
    "seed_offset": 100000
  },
  "episodes": [
    {
      "episode_return": -56.7705192007772,
      "success": 0.0,
      "collision": 0.0,
      "min_obstacle_distance": 0.9157432317733765,
      "min_clearance": 0.5657432317733765,
      "path_length": 3.8327971781808117,
      "start_to_goal_distance": 5.67656946182251,
      "steps": 620.0,
      "control_effort": 0.5411376570020953,
      "episode_duration": 20.666666666666668,
      "time_to_goal": null
    },
    {
      "episode_return": -37.3063372789633,
      "success": 0.0,
      "collision": 0.0,
      "min_obstacle_distance": 0.5490646362304688,
      "min_clearance": 0.19906463623046877,
      "path_length": 4.435246277425904,
      "start_to_goal_distance": 3.87174391746521,
      "steps": 620.0,
      "control_effort": 0.4881760223257926,
      "episode_duration": 20.666666666666668,
      "time_to_goal": null
    },
    {
      "episode_return": -63.10668575501841,
      "success": 0.0,
      "collision": 0.0,
      "min_obstacle_distance": 0.8816422820091248,
      "min_clearance": 0.5316422820091248,
      "path_length": 4.599665098532569,
      "start_to_goal_distance": 4.218926906585693,
      "steps": 620.0,
      "control_effort": 0.5475516084221101,
      "episode_duration": 20.666666666666668,
      "time_to_goal": null
    },
    {
      "episode_return": -29.07228249008189,
      "success": 0.0,
      "collision": 0.0,
      "min_obstacle_distance": 1.0062899589538574,
      "min_clearance": 0.6562899589538574,
      "path_length": 4.454344777739607,
      "start_to_goal_distance": 3.8663716316223145,
      "steps": 620.0,
      "control_effort": 0.5214768075173901,
      "episode_duration": 20.666666666666668,
      "time_to_goal": null
    },
    {
      "episode_return": -40.097753469128016,
      "success": 0.0,
      "collision": 1.0,
      "min_obstacle_distance": 0.34586766362190247,
      "min_clearance": -0.004132336378097512,
      "path_length": 0.6571187626104802,
      "start_to_goal_distance": 4.319121837615967,
      "steps": 102.0,
      "control_effort": 0.47547081580349043,
      "episode_duration": 3.4,
      "time_to_goal": null
    },
    {
      "episode_return": -0.826035934827523,
      "success": 0.0,
      "collision": 0.0,
      "min_obstacle_distance": 0.6226450800895691,
      "min_clearance": 0.2726450800895691,
      "path_length": 4.3448857616167516,
      "start_to_goal_distance": 5.195745468139648,
      "steps": 620.0,
      "control_effort": 0.48347241945805086,
      "episode_duration": 20.666666666666668,
      "time_to_goal": null
    }
  ]
}