{
  "summary": {
    "train_episode": 2260,
    "stage_index": 7,
    "stage_name": "target_default_intro",
    "stage_episode": 1500,
    "stage_eval_index": 91,
    "stage_target_hit": 0.0,
    "stage_success_streak": 0,
    "stage_best_success_rate": 0.5,
    "stage_best_collision_rate": 0.0,
    "stage_best_avg_return": 73.55451202392578,
    "stage_bad_eval_streak": 75,
    "stage_regression_active": 1.0,
    "stage_regression_bad_eval": 1.0,
    "stage_regression_absolute_drop": 0.5,
    "stage_regression_relative_drop": 1.0,
    "stage_regression_detected": 1.0,
    "stage_rollback_applied": 0.0,
    "stage_plateau_recovery_applied": 0.0,
    "num_episodes": 6,
    "success_rate": 0.0,
    "collision_rate": 0.3333333432674408,
    "avg_episode_return": -43.64389419555664,
    "avg_path_length": 3.471673011779785,
    "avg_episode_duration": 17.383333206176758,
    "avg_time_to_goal": 0.0,
    "avg_min_obstacle_distance": 0.836037814617157,
    "avg_min_clearance": 0.48603785037994385,
    "avg_control_effort": 0.502990186214447,
    "avg_path_efficiency": 0.0,
    "avg_steps": 521.5,
    "best_episode_return": -0.06117895990610123,
    "deterministic": 1.0,
    "seed_offset": 100000
  },
  "episodes": [
    {
      "episode_return": -59.19755020701486,
      "success": 0.0,
      "collision": 0.0,
      "min_obstacle_distance": 1.4871145486831665,
      "min_clearance": 1.1371145486831664,
      "path_length": 3.198695569120119,
      "start_to_goal_distance": 5.67656946182251,
      "steps": 620.0,
      "control_effort": 0.5111559178560011,
      "episode_duration": 20.666666666666668,
      "time_to_goal": null
    },
    {
      "episode_return": -56.344542075633306,
      "success": 0.0,
      "collision": 1.0,
      "min_obstacle_distance": 0.344868928194046,
      "min_clearance": -0.005131071805953957,
      "path_length": 3.8750585436355323,
      "start_to_goal_distance": 3.87174391746521,
      "steps": 544.0,
      "control_effort": 0.48141512477441745,
      "episode_duration": 18.133333333333333,
      "time_to_goal": null
    },
    {
      "episode_return": -68.0532063749005,
      "success": 0.0,
      "collision": 0.0,
      "min_obstacle_distance": 1.0418492555618286,
      "min_clearance": 0.6918492555618286,
      "path_length": 4.4083098755800165,
      "start_to_goal_distance": 4.218926906585693,
      "steps": 620.0,
      "control_effort": 0.5323698158706388,
      "episode_duration": 20.666666666666668,
      "time_to_goal": null
    },
    {
      "episode_return": -37.079039104830244,
      "success": 0.0,
      "collision": 0.0,
      "min_obstacle_distance": 1.111030101776123,
      "min_clearance": 0.7610301017761231,
      "path_length": 4.335427088604774,
      "start_to_goal_distance": 3.8663716316223145,
      "steps": 620.0,
      "control_effort": 0.5222428231470047,
      "episode_duration": 20.666666666666668,
      "time_to_goal": null
    },
    {
      "episode_return": -41.12785054426354,
      "success": 0.0,
      "collision": 1.0,
      "min_obstacle_distance": 0.3489654064178467,
      "min_clearance": -0.001034593582153298,
      "path_length": 0.6760725989588536,
      "start_to_goal_distance": 4.319121837615967,
      "steps": 105.0,
      "control_effort": 0.4782833584717342,
      "episode_duration": 3.5,
      "time_to_goal": null
    },
    {
      "episode_return": -0.061178961219539474,
      "success": 0.0,
      "collision": 0.0,
      "min_obstacle_distance": 0.682398796081543,
      "min_clearance": 0.332398796081543,
      "path_length": 4.336473147675861,
      "start_to_goal_distance": 5.195745468139648,
      "steps": 620.0,
      "control_effort": 0.49247423545006785,
      "episode_duration": 20.666666666666668,
      "time_to_goal": null
    }
  ]
}