{
  "summary": {
    "train_episode": 500,
    "stage_index": 7,
    "stage_name": "target_default_intro",
    "stage_episode": 60,
    "stage_eval_index": 3,
    "stage_target_hit": 0.0,
    "stage_success_streak": 0,
    "stage_best_success_rate": 0.3333333432674408,
    "stage_best_collision_rate": 0.0,
    "stage_best_avg_return": 45.80244064331055,
    "stage_bad_eval_streak": 0,
    "stage_regression_active": 1.0,
    "stage_regression_bad_eval": 0.0,
    "stage_regression_absolute_drop": 0.0,
    "stage_regression_relative_drop": 0.0,
    "stage_regression_detected": 0.0,
    "stage_rollback_applied": 0.0,
    "stage_plateau_recovery_applied": 0.0,
    "num_episodes": 6,
    "success_rate": 0.3333333432674408,
    "collision_rate": 0.0,
    "avg_episode_return": 45.66627883911133,
    "avg_path_length": 4.181781768798828,
    "avg_episode_duration": 19.34444236755371,
    "avg_time_to_goal": 16.700000762939453,
    "avg_min_obstacle_distance": 0.9603738784790039,
    "avg_min_clearance": 0.610373854637146,
    "avg_control_effort": 0.6635310053825378,
    "avg_path_efficiency": 0.33014369010925293,
    "avg_steps": 580.3333129882812,
    "best_episode_return": 157.3861846923828,
    "deterministic": 1.0,
    "seed_offset": 100000
  },
  "episodes": [
    {
      "episode_return": -7.347750331833247,
      "success": 0.0,
      "collision": 0.0,
      "min_obstacle_distance": 1.2337262630462646,
      "min_clearance": 0.8837262630462647,
      "path_length": 4.654677912927582,
      "start_to_goal_distance": 5.67656946182251,
      "steps": 620.0,
      "control_effort": 0.6674259250202487,
      "episode_duration": 20.666666666666668,
      "time_to_goal": null
    },
    {
      "episode_return": 107.77776089211106,
      "success": 1.0,
      "collision": 0.0,
      "min_obstacle_distance": 0.430823415517807,
      "min_clearance": 0.08082341551780703,
      "path_length": 3.9472862555339816,
      "start_to_goal_distance": 3.87174391746521,
      "steps": 521.0,
      "control_effort": 0.6600489023779724,
      "episode_duration": 17.366666666666667,
      "time_to_goal": 17.366666666666667
    },
    {
      "episode_return": 23.073566088775866,
      "success": 0.0,
      "collision": 0.0,
      "min_obstacle_distance": 1.347814917564392,
      "min_clearance": 0.9978149175643921,
      "path_length": 4.431493558149668,
      "start_to_goal_distance": 4.218926906585693,
      "steps": 620.0,
      "control_effort": 0.6683234251314594,
      "episode_duration": 20.666666666666668,
      "time_to_goal": null
    },
    {
      "episode_return": 157.3861781417515,
      "success": 1.0,
      "collision": 0.0,
      "min_obstacle_distance": 0.961678147315979,
      "min_clearance": 0.611678147315979,
      "path_length": 3.3891098700369184,
      "start_to_goal_distance": 3.8663716316223145,
      "steps": 481.0,
      "control_effort": 0.6606640654641229,
      "episode_duration": 16.033333333333335,
      "time_to_goal": 16.033333333333335
    },
    {
      "episode_return": 12.416530483779901,
      "success": 0.0,
      "collision": 0.0,
      "min_obstacle_distance": 0.8356109261512756,
      "min_clearance": 0.48561092615127566,
      "path_length": 4.128503038113507,
      "start_to_goal_distance": 4.319121837615967,
      "steps": 620.0,
      "control_effort": 0.6658612213788494,
      "episode_duration": 20.666666666666668,
      "time_to_goal": null
    },
    {
      "episode_return": -19.308622544238933,
      "success": 0.0,
      "collision": 0.0,
      "min_obstacle_distance": 0.9525893926620483,
      "min_clearance": 0.6025893926620484,
      "path_length": 4.539619802351808,
      "start_to_goal_distance": 5.195745468139648,
      "steps": 620.0,
      "control_effort": 0.6588627615282613,
      "episode_duration": 20.666666666666668,
      "time_to_goal": null
    }
  ]
}