{
  "summary": {
    "train_episode": 2000,
    "stage_index": 7,
    "stage_name": "target_default_intro",
    "stage_episode": 1240,
    "stage_eval_index": 78,
    "stage_target_hit": 0.0,
    "stage_success_streak": 0,
    "stage_best_success_rate": 0.5,
    "stage_best_collision_rate": 0.0,
    "stage_best_avg_return": 73.55451202392578,
    "stage_bad_eval_streak": 62,
    "stage_regression_active": 1.0,
    "stage_regression_bad_eval": 1.0,
    "stage_regression_absolute_drop": 0.5,
    "stage_regression_relative_drop": 1.0,
    "stage_regression_detected": 1.0,
    "stage_rollback_applied": 0.0,
    "stage_plateau_recovery_applied": 0.0,
    "num_episodes": 6,
    "success_rate": 0.0,
    "collision_rate": 0.0,
    "avg_episode_return": -57.2934684753418,
    "avg_path_length": 4.325865745544434,
    "avg_episode_duration": 20.66666603088379,
    "avg_time_to_goal": 0.0,
    "avg_min_obstacle_distance": 0.6139296293258667,
    "avg_min_clearance": 0.2639296352863312,
    "avg_control_effort": 0.5429762601852417,
    "avg_path_efficiency": 0.0,
    "avg_steps": 620.0,
    "best_episode_return": -21.425622940063477,
    "deterministic": 1.0,
    "seed_offset": 100000
  },
  "episodes": [
    {
      "episode_return": -53.33676924011119,
      "success": 0.0,
      "collision": 0.0,
      "min_obstacle_distance": 0.8085765838623047,
      "min_clearance": 0.4585765838623047,
      "path_length": 3.884658949553682,
      "start_to_goal_distance": 5.67656946182251,
      "steps": 620.0,
      "control_effort": 0.5657690176560033,
      "episode_duration": 20.666666666666668,
      "time_to_goal": null
    },
    {
      "episode_return": -81.3072352987046,
      "success": 0.0,
      "collision": 0.0,
      "min_obstacle_distance": 0.44888272881507874,
      "min_clearance": 0.09888272881507876,
      "path_length": 4.377728273859248,
      "start_to_goal_distance": 3.87174391746521,
      "steps": 620.0,
      "control_effort": 0.5306102217685792,
      "episode_duration": 20.666666666666668,
      "time_to_goal": null
    },
    {
      "episode_return": -54.720345194345576,
      "success": 0.0,
      "collision": 0.0,
      "min_obstacle_distance": 0.9169000387191772,
      "min_clearance": 0.5669000387191773,
      "path_length": 4.408773033006582,
      "start_to_goal_distance": 4.218926906585693,
      "steps": 620.0,
      "control_effort": 0.5636365104106165,
      "episode_duration": 20.666666666666668,
      "time_to_goal": null
    },
    {
      "episode_return": -21.425623278481908,
      "success": 0.0,
      "collision": 0.0,
      "min_obstacle_distance": 0.6653838157653809,
      "min_clearance": 0.3153838157653809,
      "path_length": 4.453588571690489,
      "start_to_goal_distance": 3.8663716316223145,
      "steps": 620.0,
      "control_effort": 0.5477924903554301,
      "episode_duration": 20.666666666666668,
      "time_to_goal": null
    },
    {
      "episode_return": -102.46388703921721,
      "success": 0.0,
      "collision": 0.0,
      "min_obstacle_distance": 0.4241477847099304,
      "min_clearance": 0.07414778470993044,
      "path_length": 4.431212535477243,
      "start_to_goal_distance": 4.319121837615967,
      "steps": 620.0,
      "control_effort": 0.550913605286229,
      "episode_duration": 20.666666666666668,
      "time_to_goal": null
    },
    {
      "episode_return": -30.50692469394439,
      "success": 0.0,
      "collision": 0.0,
      "min_obstacle_distance": 0.41968685388565063,
      "min_clearance": 0.06968685388565066,
      "path_length": 4.399233320262283,
      "start_to_goal_distance": 5.195745468139648,
      "steps": 620.0,
      "control_effort": 0.49913575836727697,
      "episode_duration": 20.666666666666668,
      "time_to_goal": null
    }
  ]
}