{
  "summary": {
    "train_episode": 1740,
    "stage_index": 7,
    "stage_name": "target_default_intro",
    "stage_episode": 980,
    "stage_eval_index": 65,
    "stage_target_hit": 0.0,
    "stage_success_streak": 0,
    "stage_best_success_rate": 0.5,
    "stage_best_collision_rate": 0.0,
    "stage_best_avg_return": 73.55451202392578,
    "stage_bad_eval_streak": 49,
    "stage_regression_active": 1.0,
    "stage_regression_bad_eval": 1.0,
    "stage_regression_absolute_drop": 0.5,
    "stage_regression_relative_drop": 1.0,
    "stage_regression_detected": 1.0,
    "stage_rollback_applied": 0.0,
    "stage_plateau_recovery_applied": 0.0,
    "num_episodes": 6,
    "success_rate": 0.0,
    "collision_rate": 0.0,
    "avg_episode_return": -24.65033531188965,
    "avg_path_length": 4.42887544631958,
    "avg_episode_duration": 20.66666603088379,
    "avg_time_to_goal": 0.0,
    "avg_min_obstacle_distance": 0.7414989471435547,
    "avg_min_clearance": 0.3914989233016968,
    "avg_control_effort": 0.5630574822425842,
    "avg_path_efficiency": 0.0,
    "avg_steps": 620.0,
    "best_episode_return": 10.701861381530762,
    "deterministic": 1.0,
    "seed_offset": 100000
  },
  "episodes": [
    {
      "episode_return": -50.594456224403345,
      "success": 0.0,
      "collision": 0.0,
      "min_obstacle_distance": 0.4390527606010437,
      "min_clearance": 0.08905276060104372,
      "path_length": 4.528755225823261,
      "start_to_goal_distance": 5.67656946182251,
      "steps": 620.0,
      "control_effort": 0.5753110055000551,
      "episode_duration": 20.666666666666668,
      "time_to_goal": null
    },
    {
      "episode_return": -9.229551261762179,
      "success": 0.0,
      "collision": 0.0,
      "min_obstacle_distance": 0.8543208241462708,
      "min_clearance": 0.5043208241462708,
      "path_length": 4.410561416472774,
      "start_to_goal_distance": 3.87174391746521,
      "steps": 620.0,
      "control_effort": 0.5435738583245585,
      "episode_duration": 20.666666666666668,
      "time_to_goal": null
    },
    {
      "episode_return": -12.97419551117778,
      "success": 0.0,
      "collision": 0.0,
      "min_obstacle_distance": 0.8035609126091003,
      "min_clearance": 0.45356091260910036,
      "path_length": 4.446717575890943,
      "start_to_goal_distance": 4.218926906585693,
      "steps": 620.0,
      "control_effort": 0.5734507767423507,
      "episode_duration": 20.666666666666668,
      "time_to_goal": null
    },
    {
      "episode_return": 10.701861390758538,
      "success": 0.0,
      "collision": 0.0,
      "min_obstacle_distance": 1.2457349300384521,
      "min_clearance": 0.8957349300384522,
      "path_length": 4.453804143704474,
      "start_to_goal_distance": 3.8663716316223145,
      "steps": 620.0,
      "control_effort": 0.571657366906443,
      "episode_duration": 20.666666666666668,
      "time_to_goal": null
    },
    {
      "episode_return": -60.003181206933995,
      "success": 0.0,
      "collision": 0.0,
      "min_obstacle_distance": 0.450497031211853,
      "min_clearance": 0.10049703121185305,
      "path_length": 4.453934998600744,
      "start_to_goal_distance": 4.319121837615967,
      "steps": 620.0,
      "control_effort": 0.5518102510321525,
      "episode_duration": 20.666666666666668,
      "time_to_goal": null
    },
    {
      "episode_return": -25.802489326293816,
      "success": 0.0,
      "collision": 0.0,
      "min_obstacle_distance": 0.6558272242546082,
      "min_clearance": 0.3058272242546082,
      "path_length": 4.279479494318366,
      "start_to_goal_distance": 5.195745468139648,
      "steps": 620.0,
      "control_effort": 0.5625417458434259,
      "episode_duration": 20.666666666666668,
      "time_to_goal": null
    }
  ]
}