{
  "episode_return": 11.033337359953805,
  "success": 0.0,
  "collision": 0.0,
  "min_obstacle_distance": 0.716838002204895,
  "min_clearance": 0.36683800220489504,
  "path_length": 4.187583965016529,
  "start_to_goal_distance": 5.195745468139648,
  "steps": 620.0,
  "control_effort": 0.5203743069883315,
  "episode_duration": 20.666666666666668,
  "time_to_goal": null
}