{
  "summary": {
    "train_episode": 180,
    "stage_index": 3,
    "stage_name": "bridge_crossing_easy",
    "stage_episode": 20,
    "stage_eval_index": 1,
    "stage_target_hit": 0.0,
    "stage_success_streak": 0,
    "stage_best_success_rate": 1.0,
    "stage_best_collision_rate": 0.0,
    "stage_best_avg_return": 98.84204864501953,
    "stage_bad_eval_streak": 0,
    "stage_regression_active": 1.0,
    "stage_regression_bad_eval": 0.0,
    "stage_regression_absolute_drop": 0.0,
    "stage_regression_relative_drop": 0.0,
    "stage_regression_detected": 0.0,
    "stage_rollback_applied": 0.0,
    "stage_plateau_recovery_applied": 0.0,
    "num_episodes": 6,
    "success_rate": 1.0,
    "collision_rate": 0.0,
    "avg_episode_return": 98.84204864501953,
    "avg_path_length": 1.3752952814102173,
    "avg_episode_duration": 5.861111164093018,
    "avg_time_to_goal": 5.861111164093018,
    "avg_min_obstacle_distance": 2.4135046005249023,
    "avg_min_clearance": 2.063504457473755,
    "avg_control_effort": 0.6921815276145935,
    "avg_path_efficiency": 1.0,
    "avg_steps": 175.8333282470703,
    "best_episode_return": 100.54637908935547,
    "deterministic": 1.0,
    "seed_offset": 100000
  },
  "episodes": [
    {
      "episode_return": 100.54638019853834,
      "success": 1.0,
      "collision": 0.0,
      "min_obstacle_distance": 2.3849873542785645,
      "min_clearance": 2.0349873542785644,
      "path_length": 1.5411845898779575,
      "start_to_goal_distance": 2.486285924911499,
      "steps": 196.0,
      "control_effort": 0.6921814531087875,
      "episode_duration": 6.533333333333333,
      "time_to_goal": 6.533333333333333
    },
    {
      "episode_return": 96.63711612665655,
      "success": 1.0,
      "collision": 0.0,
      "min_obstacle_distance": 2.1877033710479736,
      "min_clearance": 1.8377033710479735,
      "path_length": 1.1472446346451761,
      "start_to_goal_distance": 2.09385085105896,
      "steps": 151.0,
      "control_effort": 0.6921814648520868,
      "episode_duration": 5.033333333333333,
      "time_to_goal": 5.033333333333333
    },
    {
      "episode_return": 98.69885224843028,
      "success": 1.0,
      "collision": 0.0,
      "min_obstacle_distance": 2.0200605392456055,
      "min_clearance": 1.6700605392456054,
      "path_length": 1.3486322187527549,
      "start_to_goal_distance": 2.2981417179107666,
      "steps": 171.0,
      "control_effort": 0.692181634624102,
      "episode_duration": 5.7,
      "time_to_goal": 5.7
    },
    {
      "episode_return": 96.60511943906545,
      "success": 1.0,
      "collision": 0.0,
      "min_obstacle_distance": 2.457760810852051,
      "min_clearance": 2.1077608108520507,
      "path_length": 1.1263772864913335,
      "start_to_goal_distance": 2.0744709968566895,
      "steps": 140.0,
      "control_effort": 0.6921814020190921,
      "episode_duration": 4.666666666666667,
      "time_to_goal": 4.666666666666667
    },
    {
      "episode_return": 100.17311713653807,
      "success": 1.0,
      "collision": 0.0,
      "min_obstacle_distance": 2.234750270843506,
      "min_clearance": 1.8847502708435058,
      "path_length": 1.5035181197017664,
      "start_to_goal_distance": 2.4597620964050293,
      "steps": 197.0,
      "control_effort": 0.6921816498494996,
      "episode_duration": 6.566666666666666,
      "time_to_goal": 6.566666666666666
    },
    {
      "episode_return": 100.39169920146465,
      "success": 1.0,
      "collision": 0.0,
      "min_obstacle_distance": 3.1957645416259766,
      "min_clearance": 2.8457645416259765,
      "path_length": 1.5848153619735967,
      "start_to_goal_distance": 2.476344585418701,
      "steps": 200.0,
      "control_effort": 0.692181389927864,
      "episode_duration": 6.666666666666667,
      "time_to_goal": 6.666666666666667
    }
  ]
}