{
  "episode_return": 4.703317847727682,
  "success": 0.0,
  "collision": 0.0,
  "min_obstacle_distance": 1.2524398565292358,
  "min_clearance": 0.9024398565292359,
  "path_length": 4.489504225377459,
  "start_to_goal_distance": 3.8663716316223145,
  "steps": 620.0,
  "control_effort": 0.546223490036303,
  "episode_duration": 20.666666666666668,
  "time_to_goal": null
}