{
  "summary": {
    "train_episode": 1960,
    "stage_index": 7,
    "stage_name": "target_default_intro",
    "stage_episode": 1200,
    "stage_eval_index": 76,
    "stage_target_hit": 0.0,
    "stage_success_streak": 0,
    "stage_best_success_rate": 0.5,
    "stage_best_collision_rate": 0.0,
    "stage_best_avg_return": 73.55451202392578,
    "stage_bad_eval_streak": 60,
    "stage_regression_active": 1.0,
    "stage_regression_bad_eval": 1.0,
    "stage_regression_absolute_drop": 0.5,
    "stage_regression_relative_drop": 1.0,
    "stage_regression_detected": 1.0,
    "stage_rollback_applied": 0.0,
    "stage_plateau_recovery_applied": 0.0,
    "num_episodes": 6,
    "success_rate": 0.0,
    "collision_rate": 0.0,
    "avg_episode_return": -59.88979721069336,
    "avg_path_length": 4.324102401733398,
    "avg_episode_duration": 20.66666603088379,
    "avg_time_to_goal": 0.0,
    "avg_min_obstacle_distance": 0.5875628590583801,
    "avg_min_clearance": 0.23756283521652222,
    "avg_control_effort": 0.530806303024292,
    "avg_path_efficiency": 0.0,
    "avg_steps": 620.0,
    "best_episode_return": -15.509685516357422,
    "deterministic": 1.0,
    "seed_offset": 100000
  },
  "episodes": [
    {
      "episode_return": -63.49862421711387,
      "success": 0.0,
      "collision": 0.0,
      "min_obstacle_distance": 0.4587532579898834,
      "min_clearance": 0.10875325798988345,
      "path_length": 3.979558575824143,
      "start_to_goal_distance": 5.67656946182251,
      "steps": 620.0,
      "control_effort": 0.5516633130369648,
      "episode_duration": 20.666666666666668,
      "time_to_goal": null
    },
    {
      "episode_return": -146.42832105310526,
      "success": 0.0,
      "collision": 0.0,
      "min_obstacle_distance": 0.3935149312019348,
      "min_clearance": 0.04351493120193484,
      "path_length": 4.385565379459877,
      "start_to_goal_distance": 3.87174391746521,
      "steps": 620.0,
      "control_effort": 0.5009257735263917,
      "episode_duration": 20.666666666666668,
      "time_to_goal": null
    },
    {
      "episode_return": -42.97035866830913,
      "success": 0.0,
      "collision": 0.0,
      "min_obstacle_distance": 1.061065435409546,
      "min_clearance": 0.7110654354095459,
      "path_length": 4.3513426466379315,
      "start_to_goal_distance": 4.218926906585693,
      "steps": 620.0,
      "control_effort": 0.5510649239824664,
      "episode_duration": 20.666666666666668,
      "time_to_goal": null
    },
    {
      "episode_return": -28.058838487407044,
      "success": 0.0,
      "collision": 0.0,
      "min_obstacle_distance": 0.5672770142555237,
      "min_clearance": 0.2172770142555237,
      "path_length": 4.47087889170507,
      "start_to_goal_distance": 3.8663716316223145,
      "steps": 620.0,
      "control_effort": 0.5396232548740603,
      "episode_duration": 20.666666666666668,
      "time_to_goal": null
    },
    {
      "episode_return": -62.872953722830744,
      "success": 0.0,
      "collision": 0.0,
      "min_obstacle_distance": 0.5399119257926941,
      "min_clearance": 0.18991192579269411,
      "path_length": 4.355415994825307,
      "start_to_goal_distance": 4.319121837615967,
      "steps": 620.0,
      "control_effort": 0.5282453603802189,
      "episode_duration": 20.666666666666668,
      "time_to_goal": null
    },
    {
      "episode_return": -15.509685172322012,
      "success": 0.0,
      "collision": 0.0,
      "min_obstacle_distance": 0.5048543810844421,
      "min_clearance": 0.15485438108444216,
      "path_length": 4.4018533797352575,
      "start_to_goal_distance": 5.195745468139648,
      "steps": 620.0,
      "control_effort": 0.513314984594622,
      "episode_duration": 20.666666666666668,
      "time_to_goal": null
    }
  ]
}