{
  "episode_return": -6.493977943984721,
  "success": 0.0,
  "collision": 0.0,
  "min_obstacle_distance": 1.075202465057373,
  "min_clearance": 0.7252024650573731,
  "path_length": 4.509120307688136,
  "start_to_goal_distance": 3.8663716316223145,
  "steps": 620.0,
  "control_effort": 0.5506089617648432,
  "episode_duration": 20.666666666666668,
  "time_to_goal": null
}