{
  "summary": {
    "train_episode": 20,
    "stage_index": 0,
    "stage_name": "short_hop_goal_lock",
    "stage_episode": 20,
    "stage_eval_index": 1,
    "stage_target_hit": 1.0,
    "stage_success_streak": 1,
    "stage_best_success_rate": 1.0,
    "stage_best_collision_rate": 0.0,
    "stage_best_avg_return": 72.9540023803711,
    "stage_bad_eval_streak": 0,
    "stage_regression_active": 1.0,
    "stage_regression_bad_eval": 0.0,
    "stage_regression_absolute_drop": 0.0,
    "stage_regression_relative_drop": 0.0,
    "stage_regression_detected": 0.0,
    "stage_rollback_applied": 0.0,
    "stage_plateau_recovery_applied": 0.0,
    "num_episodes": 6,
    "success_rate": 1.0,
    "collision_rate": 0.0,
    "avg_episode_return": 72.9540023803711,
    "avg_path_length": 0.42659273743629456,
    "avg_episode_duration": 2.0055553913116455,
    "avg_time_to_goal": 2.0055553913116455,
    "avg_min_obstacle_distance": 3.1943585872650146,
    "avg_min_clearance": 2.844358444213867,
    "avg_control_effort": 0.671876847743988,
    "avg_path_efficiency": 1.0,
    "avg_steps": 60.16666793823242,
    "best_episode_return": 74.3961181640625,
    "deterministic": 1.0,
    "seed_offset": 100000
  },
  "episodes": [
    {
      "episode_return": 74.39611777835285,
      "success": 1.0,
      "collision": 0.0,
      "min_obstacle_distance": 3.220306634902954,
      "min_clearance": 2.870306634902954,
      "path_length": 0.46874393324469565,
      "start_to_goal_distance": 1.5598070621490479,
      "steps": 66.0,
      "control_effort": 0.6718757856975902,
      "episode_duration": 2.2,
      "time_to_goal": 2.2
    },
    {
      "episode_return": 73.38265290960308,
      "success": 1.0,
      "collision": 0.0,
      "min_obstacle_distance": 3.346367597579956,
      "min_clearance": 2.996367597579956,
      "path_length": 0.4748501503490843,
      "start_to_goal_distance": 1.4978973865509033,
      "steps": 60.0,
      "control_effort": 0.671880649526914,
      "episode_duration": 2.0,
      "time_to_goal": 2.0
    },
    {
      "episode_return": 67.45199517688778,
      "success": 1.0,
      "collision": 0.0,
      "min_obstacle_distance": 3.402987241744995,
      "min_clearance": 3.052987241744995,
      "path_length": 0.2720536938577425,
      "start_to_goal_distance": 1.3573278188705444,
      "steps": 40.0,
      "control_effort": 0.6718800783157348,
      "episode_duration": 1.3333333333333333,
      "time_to_goal": 1.3333333333333333
    },
    {
      "episode_return": 74.33579965159291,
      "success": 1.0,
      "collision": 0.0,
      "min_obstacle_distance": 2.5871756076812744,
      "min_clearance": 2.2371756076812743,
      "path_length": 0.46558565983286826,
      "start_to_goal_distance": 1.5526258945465088,
      "steps": 66.0,
      "control_effort": 0.6718680668960918,
      "episode_duration": 2.2,
      "time_to_goal": 2.2
    },
    {
      "episode_return": 73.85979967978913,
      "success": 1.0,
      "collision": 0.0,
      "min_obstacle_distance": 3.3534255027770996,
      "min_clearance": 3.0034255027770995,
      "path_length": 0.41692379185406025,
      "start_to_goal_distance": 1.5006015300750732,
      "steps": 61.0,
      "control_effort": 0.6718794400574731,
      "episode_duration": 2.033333333333333,
      "time_to_goal": 2.033333333333333
    },
    {
      "episode_return": 74.2976283219488,
      "success": 1.0,
      "collision": 0.0,
      "min_obstacle_distance": 3.255887746810913,
      "min_clearance": 2.905887746810913,
      "path_length": 0.46139929795026546,
      "start_to_goal_distance": 1.5479671955108643,
      "steps": 68.0,
      "control_effort": 0.6718769520521164,
      "episode_duration": 2.2666666666666666,
      "time_to_goal": 2.2666666666666666
    }
  ]
}