{
  "episode_return": -6.442873254808795,
  "success": 0.0,
  "collision": 0.0,
  "min_obstacle_distance": 0.872199535369873,
  "min_clearance": 0.5221995353698731,
  "path_length": 4.496298789046705,
  "start_to_goal_distance": 3.8663716316223145,
  "steps": 620.0,
  "control_effort": 0.5676457146963766,
  "episode_duration": 20.666666666666668,
  "time_to_goal": null
}