{
  "summary": {
    "train_episode": 1760,
    "stage_index": 7,
    "stage_name": "target_default_intro",
    "stage_episode": 1000,
    "stage_eval_index": 66,
    "stage_target_hit": 0.0,
    "stage_success_streak": 0,
    "stage_best_success_rate": 0.5,
    "stage_best_collision_rate": 0.0,
    "stage_best_avg_return": 73.55451202392578,
    "stage_bad_eval_streak": 50,
    "stage_regression_active": 1.0,
    "stage_regression_bad_eval": 1.0,
    "stage_regression_absolute_drop": 0.5,
    "stage_regression_relative_drop": 1.0,
    "stage_regression_detected": 1.0,
    "stage_rollback_applied": 0.0,
    "stage_plateau_recovery_applied": 0.0,
    "num_episodes": 6,
    "success_rate": 0.0,
    "collision_rate": 0.1666666716337204,
    "avg_episode_return": -23.049943923950195,
    "avg_path_length": 4.205410003662109,
    "avg_episode_duration": 19.377775192260742,
    "avg_time_to_goal": 0.0,
    "avg_min_obstacle_distance": 0.6233883500099182,
    "avg_min_clearance": 0.2733883261680603,
    "avg_control_effort": 0.5494579672813416,
    "avg_path_efficiency": 0.0,
    "avg_steps": 581.3333129882812,
    "best_episode_return": -2.9257545471191406,
    "deterministic": 1.0,
    "seed_offset": 100000
  },
  "episodes": [
    {
      "episode_return": -17.148288962444475,
      "success": 0.0,
      "collision": 1.0,
      "min_obstacle_distance": 0.3428749442100525,
      "min_clearance": -0.0071250557899474876,
      "path_length": 2.7867225796799175,
      "start_to_goal_distance": 5.67656946182251,
      "steps": 388.0,
      "control_effort": 0.5870783983432141,
      "episode_duration": 12.933333333333334,
      "time_to_goal": null
    },
    {
      "episode_return": -24.356978513141012,
      "success": 0.0,
      "collision": 0.0,
      "min_obstacle_distance": 0.654471218585968,
      "min_clearance": 0.30447121858596804,
      "path_length": 4.518860061070882,
      "start_to_goal_distance": 3.87174391746521,
      "steps": 620.0,
      "control_effort": 0.518169003196301,
      "episode_duration": 20.666666666666668,
      "time_to_goal": null
    },
    {
      "episode_return": -27.97471068127767,
      "success": 0.0,
      "collision": 0.0,
      "min_obstacle_distance": 0.7995542883872986,
      "min_clearance": 0.4495542883872986,
      "path_length": 4.5293053616187535,
      "start_to_goal_distance": 4.218926906585693,
      "steps": 620.0,
      "control_effort": 0.553915146041301,
      "episode_duration": 20.666666666666668,
      "time_to_goal": null
    },
    {
      "episode_return": -2.9257545825608062,
      "success": 0.0,
      "collision": 0.0,
      "min_obstacle_distance": 0.9005517959594727,
      "min_clearance": 0.5505517959594727,
      "path_length": 4.5251672641607,
      "start_to_goal_distance": 3.8663716316223145,
      "steps": 620.0,
      "control_effort": 0.55290736892531,
      "episode_duration": 20.666666666666668,
      "time_to_goal": null
    },
    {
      "episode_return": -58.775571256895184,
      "success": 0.0,
      "collision": 0.0,
      "min_obstacle_distance": 0.46559590101242065,
      "min_clearance": 0.11559590101242068,
      "path_length": 4.495021359762177,
      "start_to_goal_distance": 4.319121837615967,
      "steps": 620.0,
      "control_effort": 0.5450214671992486,
      "episode_duration": 20.666666666666668,
      "time_to_goal": null
    },
    {
      "episode_return": -7.118356568881872,
      "success": 0.0,
      "collision": 0.0,
      "min_obstacle_distance": 0.5772818326950073,
      "min_clearance": 0.22728183269500735,
      "path_length": 4.377383440150879,
      "start_to_goal_distance": 5.195745468139648,
      "steps": 620.0,
      "control_effort": 0.5396560406492602,
      "episode_duration": 20.666666666666668,
      "time_to_goal": null
    }
  ]
}