{
  "episode_return": -7.885193730945915,
  "success": 0.0,
  "collision": 0.0,
  "min_obstacle_distance": 1.3337593078613281,
  "min_clearance": 0.9837593078613281,
  "path_length": 3.421046983288818,
  "start_to_goal_distance": 4.218926906585693,
  "steps": 620.0,
  "control_effort": 0.5934846356030433,
  "episode_duration": 20.666666666666668,
  "time_to_goal": null
}