{
  "episode_return": -11.869530278828286,
  "success": 0.0,
  "collision": 0.0,
  "min_obstacle_distance": 0.4990740418434143,
  "min_clearance": 0.14907404184341433,
  "path_length": 4.218086070206482,
  "start_to_goal_distance": 5.195745468139648,
  "steps": 620.0,
  "control_effort": 0.47229861093144265,
  "episode_duration": 20.666666666666668,
  "time_to_goal": null
}