{
  "episode_return": 100.55827176201345,
  "success": 1.0,
  "collision": 0.0,
  "min_obstacle_distance": 2.583528995513916,
  "min_clearance": 2.233528995513916,
  "path_length": 1.6187433740415145,
  "start_to_goal_distance": 2.486285924911499,
  "steps": 197.0,
  "control_effort": 0.6996411956506332,
  "episode_duration": 6.566666666666666,
  "time_to_goal": 6.566666666666666
}