{
  "summary": {
    "train_episode": 1040,
    "stage_index": 7,
    "stage_name": "target_default_intro",
    "stage_episode": 280,
    "stage_eval_index": 30,
    "stage_target_hit": 0.0,
    "stage_success_streak": 0,
    "stage_best_success_rate": 0.5,
    "stage_best_collision_rate": 0.0,
    "stage_best_avg_return": 73.55451202392578,
    "stage_bad_eval_streak": 14,
    "stage_regression_active": 1.0,
    "stage_regression_bad_eval": 1.0,
    "stage_regression_absolute_drop": 0.5,
    "stage_regression_relative_drop": 1.0,
    "stage_regression_detected": 1.0,
    "stage_rollback_applied": 0.0,
    "stage_plateau_recovery_applied": 0.0,
    "num_episodes": 6,
    "success_rate": 0.0,
    "collision_rate": 0.3333333432674408,
    "avg_episode_return": -19.23973846435547,
    "avg_path_length": 3.491636276245117,
    "avg_episode_duration": 18.388887405395508,
    "avg_time_to_goal": 0.0,
    "avg_min_obstacle_distance": 0.8160934448242188,
    "avg_min_clearance": 0.4660934507846832,
    "avg_control_effort": 0.6110898852348328,
    "avg_path_efficiency": 0.0,
    "avg_steps": 551.6666870117188,
    "best_episode_return": 4.185935020446777,
    "deterministic": 1.0,
    "seed_offset": 100000
  },
  "episodes": [
    {
      "episode_return": -26.01540230883221,
      "success": 0.0,
      "collision": 0.0,
      "min_obstacle_distance": 1.315549373626709,
      "min_clearance": 0.965549373626709,
      "path_length": 3.142208450651058,
      "start_to_goal_distance": 5.67656946182251,
      "steps": 620.0,
      "control_effort": 0.6241522913978946,
      "episode_duration": 20.666666666666668,
      "time_to_goal": null
    },
    {
      "episode_return": -44.01930939453814,
      "success": 0.0,
      "collision": 1.0,
      "min_obstacle_distance": 0.3492918312549591,
      "min_clearance": -0.0007081687450408714,
      "path_length": 1.9584682735949173,
      "start_to_goal_distance": 3.87174391746521,
      "steps": 266.0,
      "control_effort": 0.6117865167614213,
      "episode_duration": 8.866666666666667,
      "time_to_goal": null
    },
    {
      "episode_return": -18.02821394193251,
      "success": 0.0,
      "collision": 0.0,
      "min_obstacle_distance": 1.21330988407135,
      "min_clearance": 0.8633098840713501,
      "path_length": 4.141435807324044,
      "start_to_goal_distance": 4.218926906585693,
      "steps": 620.0,
      "control_effort": 0.6107131137001899,
      "episode_duration": 20.666666666666668,
      "time_to_goal": null
    },
    {
      "episode_return": 4.185934982579781,
      "success": 0.0,
      "collision": 0.0,
      "min_obstacle_distance": 0.8433893918991089,
      "min_clearance": 0.4933893918991089,
      "path_length": 4.4984529625216965,
      "start_to_goal_distance": 3.8663716316223145,
      "steps": 620.0,
      "control_effort": 0.6020765259381263,
      "episode_duration": 20.666666666666668,
      "time_to_goal": null
    },
    {
      "episode_return": -15.43821995092907,
      "success": 0.0,
      "collision": 0.0,
      "min_obstacle_distance": 0.8304606080055237,
      "min_clearance": 0.4804606080055237,
      "path_length": 3.1481229922488865,
      "start_to_goal_distance": 4.319121837615967,
      "steps": 620.0,
      "control_effort": 0.6076707964943301,
      "episode_duration": 20.666666666666668,
      "time_to_goal": null
    },
    {
      "episode_return": -16.123223855832094,
      "success": 0.0,
      "collision": 1.0,
      "min_obstacle_distance": 0.34455984830856323,
      "min_clearance": -0.005440151691436745,
      "path_length": 4.061127517285058,
      "start_to_goal_distance": 5.195745468139648,
      "steps": 564.0,
      "control_effort": 0.6101401268590426,
      "episode_duration": 18.8,
      "time_to_goal": null
    }
  ]
}