{
  "summary": {
    "train_episode": 2280,
    "stage_index": 7,
    "stage_name": "target_default_intro",
    "stage_episode": 1520,
    "stage_eval_index": 92,
    "stage_target_hit": 0.0,
    "stage_success_streak": 0,
    "stage_best_success_rate": 0.5,
    "stage_best_collision_rate": 0.0,
    "stage_best_avg_return": 73.55451202392578,
    "stage_bad_eval_streak": 76,
    "stage_regression_active": 1.0,
    "stage_regression_bad_eval": 1.0,
    "stage_regression_absolute_drop": 0.5,
    "stage_regression_relative_drop": 1.0,
    "stage_regression_detected": 1.0,
    "stage_rollback_applied": 0.0,
    "stage_plateau_recovery_applied": 0.0,
    "num_episodes": 6,
    "success_rate": 0.0,
    "collision_rate": 0.3333333432674408,
    "avg_episode_return": -48.31490707397461,
    "avg_path_length": 3.4456207752227783,
    "avg_episode_duration": 17.58888816833496,
    "avg_time_to_goal": 0.0,
    "avg_min_obstacle_distance": 0.8829897046089172,
    "avg_min_clearance": 0.5329897403717041,
    "avg_control_effort": 0.49343398213386536,
    "avg_path_efficiency": 0.0,
    "avg_steps": 527.6666870117188,
    "best_episode_return": 1.6469653844833374,
    "deterministic": 1.0,
    "seed_offset": 100000
  },
  "episodes": [
    {
      "episode_return": -56.392929756188465,
      "success": 0.0,
      "collision": 0.0,
      "min_obstacle_distance": 1.6867467164993286,
      "min_clearance": 1.3367467164993285,
      "path_length": 2.819395035977891,
      "start_to_goal_distance": 5.67656946182251,
      "steps": 620.0,
      "control_effort": 0.5094014981581318,
      "episode_duration": 20.666666666666668,
      "time_to_goal": null
    },
    {
      "episode_return": -58.809115200530265,
      "success": 0.0,
      "collision": 1.0,
      "min_obstacle_distance": 0.347648948431015,
      "min_clearance": -0.002351051568984963,
      "path_length": 3.8807513703941368,
      "start_to_goal_distance": 3.87174391746521,
      "steps": 567.0,
      "control_effort": 0.4704017197118655,
      "episode_duration": 18.9,
      "time_to_goal": null
    },
    {
      "episode_return": -76.21830160335286,
      "success": 0.0,
      "collision": 0.0,
      "min_obstacle_distance": 1.2136019468307495,
      "min_clearance": 0.8636019468307495,
      "path_length": 4.406597411783878,
      "start_to_goal_distance": 4.218926906585693,
      "steps": 620.0,
      "control_effort": 0.5164167034529871,
      "episode_duration": 20.666666666666668,
      "time_to_goal": null
    },
    {
      "episode_return": -50.35648706183404,
      "success": 0.0,
      "collision": 0.0,
      "min_obstacle_distance": 1.0751646757125854,
      "min_clearance": 0.7251646757125855,
      "path_length": 4.473540915874764,
      "start_to_goal_distance": 3.8663716316223145,
      "steps": 620.0,
      "control_effort": 0.5103210619861079,
      "episode_duration": 20.666666666666668,
      "time_to_goal": null
    },
    {
      "episode_return": -49.759568817186526,
      "success": 0.0,
      "collision": 1.0,
      "min_obstacle_distance": 0.3490760326385498,
      "min_clearance": -0.0009239673614501731,
      "path_length": 0.8089159814990126,
      "start_to_goal_distance": 4.319121837615967,
      "steps": 119.0,
      "control_effort": 0.46867557708956614,
      "episode_duration": 3.966666666666667,
      "time_to_goal": null
    },
    {
      "episode_return": 1.646965390197856,
      "success": 0.0,
      "collision": 0.0,
      "min_obstacle_distance": 0.6257001161575317,
      "min_clearance": 0.27570011615753176,
      "path_length": 4.284524187678471,
      "start_to_goal_distance": 5.195745468139648,
      "steps": 620.0,
      "control_effort": 0.4853872436669565,
      "episode_duration": 20.666666666666668,
      "time_to_goal": null
    }
  ]
}