{
  "summary": {
    "train_episode": 2860,
    "stage_index": 7,
    "stage_name": "target_default_intro",
    "stage_episode": 2100,
    "stage_eval_index": 121,
    "stage_target_hit": 0.0,
    "stage_success_streak": 0,
    "stage_best_success_rate": 0.5,
    "stage_best_collision_rate": 0.0,
    "stage_best_avg_return": 73.55451202392578,
    "stage_bad_eval_streak": 105,
    "stage_regression_active": 1.0,
    "stage_regression_bad_eval": 1.0,
    "stage_regression_absolute_drop": 0.5,
    "stage_regression_relative_drop": 1.0,
    "stage_regression_detected": 1.0,
    "stage_rollback_applied": 0.0,
    "stage_plateau_recovery_applied": 0.0,
    "num_episodes": 6,
    "success_rate": 0.0,
    "collision_rate": 0.1666666716337204,
    "avg_episode_return": -73.27288055419922,
    "avg_path_length": 3.342900514602661,
    "avg_episode_duration": 17.73333168029785,
    "avg_time_to_goal": 0.0,
    "avg_min_obstacle_distance": 0.9821310639381409,
    "avg_min_clearance": 0.632131040096283,
    "avg_control_effort": 0.4946533739566803,
    "avg_path_efficiency": 0.0,
    "avg_steps": 532.0,
    "best_episode_return": 6.542421340942383,
    "deterministic": 1.0,
    "seed_offset": 100000
  },
  "episodes": [
    {
      "episode_return": -96.03640066531617,
      "success": 0.0,
      "collision": 0.0,
      "min_obstacle_distance": 1.8228645324707031,
      "min_clearance": 1.472864532470703,
      "path_length": 2.1917678090459844,
      "start_to_goal_distance": 5.67656946182251,
      "steps": 620.0,
      "control_effort": 0.5200622231729569,
      "episode_duration": 20.666666666666668,
      "time_to_goal": null
    },
    {
      "episode_return": -100.10390167825648,
      "success": 0.0,
      "collision": 0.0,
      "min_obstacle_distance": 0.588121771812439,
      "min_clearance": 0.238121771812439,
      "path_length": 4.351342906418722,
      "start_to_goal_distance": 3.87174391746521,
      "steps": 620.0,
      "control_effort": 0.4937363409707623,
      "episode_duration": 20.666666666666668,
      "time_to_goal": null
    },
    {
      "episode_return": -123.69113083732381,
      "success": 0.0,
      "collision": 0.0,
      "min_obstacle_distance": 1.3558696508407593,
      "min_clearance": 1.0058696508407592,
      "path_length": 4.466174638189841,
      "start_to_goal_distance": 4.218926906585693,
      "steps": 620.0,
      "control_effort": 0.5414064744787831,
      "episode_duration": 20.666666666666668,
      "time_to_goal": null
    },
    {
      "episode_return": -75.89247242171372,
      "success": 0.0,
      "collision": 0.0,
      "min_obstacle_distance": 1.2056676149368286,
      "min_clearance": 0.8556676149368286,
      "path_length": 4.354372087109368,
      "start_to_goal_distance": 3.8663716316223145,
      "steps": 620.0,
      "control_effort": 0.5068439981149089,
      "episode_duration": 20.666666666666668,
      "time_to_goal": null
    },
    {
      "episode_return": -50.45580198826757,
      "success": 0.0,
      "collision": 1.0,
      "min_obstacle_distance": 0.34897544980049133,
      "min_clearance": -0.0010245501995086448,
      "path_length": 0.5910087067168206,
      "start_to_goal_distance": 4.319121837615967,
      "steps": 92.0,
      "control_effort": 0.42322317348874133,
      "episode_duration": 3.066666666666667,
      "time_to_goal": null
    },
    {
      "episode_return": 6.542421499225881,
      "success": 0.0,
      "collision": 0.0,
      "min_obstacle_distance": 0.5712871551513672,
      "min_clearance": 0.2212871551513672,
      "path_length": 4.102737387467641,
      "start_to_goal_distance": 5.195745468139648,
      "steps": 620.0,
      "control_effort": 0.48264802473206675,
      "episode_duration": 20.666666666666668,
      "time_to_goal": null
    }
  ]
}