{
  "episode_return": -9.797755978924148,
  "success": 0.0,
  "collision": 0.0,
  "min_obstacle_distance": 1.2027740478515625,
  "min_clearance": 0.8527740478515625,
  "path_length": 3.1467337866146323,
  "start_to_goal_distance": 4.218926906585693,
  "steps": 620.0,
  "control_effort": 0.5894119758759776,
  "episode_duration": 20.666666666666668,
  "time_to_goal": null
}