{
  "episode_return": 156.91837999974362,
  "success": 1.0,
  "collision": 0.0,
  "min_obstacle_distance": 0.9654699563980103,
  "min_clearance": 0.6154699563980103,
  "path_length": 3.6926667076677404,
  "start_to_goal_distance": 3.8663716316223145,
  "steps": 501.0,
  "control_effort": 0.6662850941488605,
  "episode_duration": 16.7,
  "time_to_goal": 16.7
}