{
  "summary": {
    "train_episode": 2060,
    "stage_index": 7,
    "stage_name": "target_default_intro",
    "stage_episode": 1300,
    "stage_eval_index": 81,
    "stage_target_hit": 0.0,
    "stage_success_streak": 0,
    "stage_best_success_rate": 0.5,
    "stage_best_collision_rate": 0.0,
    "stage_best_avg_return": 73.55451202392578,
    "stage_bad_eval_streak": 65,
    "stage_regression_active": 1.0,
    "stage_regression_bad_eval": 1.0,
    "stage_regression_absolute_drop": 0.5,
    "stage_regression_relative_drop": 1.0,
    "stage_regression_detected": 1.0,
    "stage_rollback_applied": 0.0,
    "stage_plateau_recovery_applied": 0.0,
    "num_episodes": 6,
    "success_rate": 0.0,
    "collision_rate": 0.0,
    "avg_episode_return": -35.14435958862305,
    "avg_path_length": 4.370528221130371,
    "avg_episode_duration": 20.66666603088379,
    "avg_time_to_goal": 0.0,
    "avg_min_obstacle_distance": 0.7692695260047913,
    "avg_min_clearance": 0.41926947236061096,
    "avg_control_effort": 0.5348493456840515,
    "avg_path_efficiency": 0.0,
    "avg_steps": 620.0,
    "best_episode_return": -6.1247172355651855,
    "deterministic": 1.0,
    "seed_offset": 100000
  },
  "episodes": [
    {
      "episode_return": -34.61867317683395,
      "success": 0.0,
      "collision": 0.0,
      "min_obstacle_distance": 0.6187582612037659,
      "min_clearance": 0.2687582612037659,
      "path_length": 3.9687038989122954,
      "start_to_goal_distance": 5.67656946182251,
      "steps": 620.0,
      "control_effort": 0.5712884470339744,
      "episode_duration": 20.666666666666668,
      "time_to_goal": null
    },
    {
      "episode_return": -21.002336875742103,
      "success": 0.0,
      "collision": 0.0,
      "min_obstacle_distance": 0.6751744151115417,
      "min_clearance": 0.32517441511154177,
      "path_length": 4.520500368787907,
      "start_to_goal_distance": 3.87174391746521,
      "steps": 620.0,
      "control_effort": 0.5059999399127498,
      "episode_duration": 20.666666666666668,
      "time_to_goal": null
    },
    {
      "episode_return": -44.9300890467689,
      "success": 0.0,
      "collision": 0.0,
      "min_obstacle_distance": 1.11686110496521,
      "min_clearance": 0.76686110496521,
      "path_length": 4.583824098866899,
      "start_to_goal_distance": 4.218926906585693,
      "steps": 620.0,
      "control_effort": 0.554676689399827,
      "episode_duration": 20.666666666666668,
      "time_to_goal": null
    },
    {
      "episode_return": -6.124717067161217,
      "success": 0.0,
      "collision": 0.0,
      "min_obstacle_distance": 1.1655383110046387,
      "min_clearance": 0.8155383110046387,
      "path_length": 4.402380434854422,
      "start_to_goal_distance": 3.8663716316223145,
      "steps": 620.0,
      "control_effort": 0.5350147948630395,
      "episode_duration": 20.666666666666668,
      "time_to_goal": null
    },
    {
      "episode_return": -76.76965564717699,
      "success": 0.0,
      "collision": 0.0,
      "min_obstacle_distance": 0.47594112157821655,
      "min_clearance": 0.12594112157821657,
      "path_length": 4.55243203509599,
      "start_to_goal_distance": 4.319121837615967,
      "steps": 620.0,
      "control_effort": 0.5403497554602161,
      "episode_duration": 20.666666666666668,
      "time_to_goal": null
    },
    {
      "episode_return": -27.420694043424504,
      "success": 0.0,
      "collision": 0.0,
      "min_obstacle_distance": 0.5633438229560852,
      "min_clearance": 0.21334382295608523,
      "path_length": 4.195329877664335,
      "start_to_goal_distance": 5.195745468139648,
      "steps": 620.0,
      "control_effort": 0.5017663326474928,
      "episode_duration": 20.666666666666668,
      "time_to_goal": null
    }
  ]
}