{
  "summary": {
    "train_episode": 2140,
    "stage_index": 7,
    "stage_name": "target_default_intro",
    "stage_episode": 1380,
    "stage_eval_index": 85,
    "stage_target_hit": 0.0,
    "stage_success_streak": 0,
    "stage_best_success_rate": 0.5,
    "stage_best_collision_rate": 0.0,
    "stage_best_avg_return": 73.55451202392578,
    "stage_bad_eval_streak": 69,
    "stage_regression_active": 1.0,
    "stage_regression_bad_eval": 1.0,
    "stage_regression_absolute_drop": 0.5,
    "stage_regression_relative_drop": 1.0,
    "stage_regression_detected": 1.0,
    "stage_rollback_applied": 0.0,
    "stage_plateau_recovery_applied": 0.0,
    "num_episodes": 6,
    "success_rate": 0.0,
    "collision_rate": 0.1666666716337204,
    "avg_episode_return": -24.69745635986328,
    "avg_path_length": 4.249191761016846,
    "avg_episode_duration": 19.749998092651367,
    "avg_time_to_goal": 0.0,
    "avg_min_obstacle_distance": 0.842200756072998,
    "avg_min_clearance": 0.49220070242881775,
    "avg_control_effort": 0.549129843711853,
    "avg_path_efficiency": 0.0,
    "avg_steps": 592.5,
    "best_episode_return": -8.899078369140625,
    "deterministic": 1.0,
    "seed_offset": 100000
  },
  "episodes": [
    {
      "episode_return": -26.346056891471378,
      "success": 0.0,
      "collision": 1.0,
      "min_obstacle_distance": 0.3477899134159088,
      "min_clearance": -0.0022100865840911643,
      "path_length": 3.1373021524050273,
      "start_to_goal_distance": 5.67656946182251,
      "steps": 455.0,
      "control_effort": 0.5662128073828561,
      "episode_duration": 15.166666666666666,
      "time_to_goal": null
    },
    {
      "episode_return": -12.625009422032566,
      "success": 0.0,
      "collision": 0.0,
      "min_obstacle_distance": 1.0533431768417358,
      "min_clearance": 0.7033431768417359,
      "path_length": 4.466170561732724,
      "start_to_goal_distance": 3.87174391746521,
      "steps": 620.0,
      "control_effort": 0.5330329109103449,
      "episode_duration": 20.666666666666668,
      "time_to_goal": null
    },
    {
      "episode_return": -8.899078377755895,
      "success": 0.0,
      "collision": 0.0,
      "min_obstacle_distance": 1.036246418952942,
      "min_clearance": 0.6862464189529419,
      "path_length": 4.415893104975112,
      "start_to_goal_distance": 4.218926906585693,
      "steps": 620.0,
      "control_effort": 0.5615023965797117,
      "episode_duration": 20.666666666666668,
      "time_to_goal": null
    },
    {
      "episode_return": -11.239730316408526,
      "success": 0.0,
      "collision": 0.0,
      "min_obstacle_distance": 1.318768858909607,
      "min_clearance": 0.968768858909607,
      "path_length": 4.590530330315232,
      "start_to_goal_distance": 3.8663716316223145,
      "steps": 620.0,
      "control_effort": 0.5519952212129869,
      "episode_duration": 20.666666666666668,
      "time_to_goal": null
    },
    {
      "episode_return": -58.87829883305322,
      "success": 0.0,
      "collision": 0.0,
      "min_obstacle_distance": 0.41678184270858765,
      "min_clearance": 0.06678184270858767,
      "path_length": 4.535246517159976,
      "start_to_goal_distance": 4.319121837615967,
      "steps": 620.0,
      "control_effort": 0.5460577902774657,
      "episode_duration": 20.666666666666668,
      "time_to_goal": null
    },
    {
      "episode_return": -30.19656251013327,
      "success": 0.0,
      "collision": 0.0,
      "min_obstacle_distance": 0.8802741765975952,
      "min_clearance": 0.5302741765975952,
      "path_length": 4.350007505971007,
      "start_to_goal_distance": 5.195745468139648,
      "steps": 620.0,
      "control_effort": 0.535977891616283,
      "episode_duration": 20.666666666666668,
      "time_to_goal": null
    }
  ]
}