{
  "summary": {
    "train_episode": 3120,
    "stage_index": 7,
    "stage_name": "target_default_intro",
    "stage_episode": 2360,
    "stage_eval_index": 134,
    "stage_target_hit": 0.0,
    "stage_success_streak": 0,
    "stage_best_success_rate": 0.5,
    "stage_best_collision_rate": 0.0,
    "stage_best_avg_return": 73.55451202392578,
    "stage_bad_eval_streak": 118,
    "stage_regression_active": 1.0,
    "stage_regression_bad_eval": 1.0,
    "stage_regression_absolute_drop": 0.5,
    "stage_regression_relative_drop": 1.0,
    "stage_regression_detected": 1.0,
    "stage_rollback_applied": 0.0,
    "stage_plateau_recovery_applied": 0.0,
    "num_episodes": 6,
    "success_rate": 0.0,
    "collision_rate": 0.0,
    "avg_episode_return": -106.9065170288086,
    "avg_path_length": 3.6655657291412354,
    "avg_episode_duration": 20.66666603088379,
    "avg_time_to_goal": 0.0,
    "avg_min_obstacle_distance": 0.9454261660575867,
    "avg_min_clearance": 0.5954260230064392,
    "avg_control_effort": 0.5334988832473755,
    "avg_path_efficiency": 0.0,
    "avg_steps": 620.0,
    "best_episode_return": 1.027017593383789,
    "deterministic": 1.0,
    "seed_offset": 100000
  },
  "episodes": [
    {
      "episode_return": -133.6492974224003,
      "success": 0.0,
      "collision": 0.0,
      "min_obstacle_distance": 1.8847392797470093,
      "min_clearance": 1.5347392797470092,
      "path_length": 1.669168048002632,
      "start_to_goal_distance": 5.67656946182251,
      "steps": 620.0,
      "control_effort": 0.5729121027454254,
      "episode_duration": 20.666666666666668,
      "time_to_goal": null
    },
    {
      "episode_return": -125.6019841542719,
      "success": 0.0,
      "collision": 0.0,
      "min_obstacle_distance": 0.5034133195877075,
      "min_clearance": 0.15341331958770754,
      "path_length": 4.2706857770099305,
      "start_to_goal_distance": 3.87174391746521,
      "steps": 620.0,
      "control_effort": 0.5390101839938471,
      "episode_duration": 20.666666666666668,
      "time_to_goal": null
    },
    {
      "episode_return": -130.2134538562489,
      "success": 0.0,
      "collision": 0.0,
      "min_obstacle_distance": 1.3388751745224,
      "min_clearance": 0.9888751745223999,
      "path_length": 3.897756972041023,
      "start_to_goal_distance": 4.218926906585693,
      "steps": 620.0,
      "control_effort": 0.5337579449338298,
      "episode_duration": 20.666666666666668,
      "time_to_goal": null
    },
    {
      "episode_return": -98.57268182049336,
      "success": 0.0,
      "collision": 0.0,
      "min_obstacle_distance": 0.9240464568138123,
      "min_clearance": 0.5740464568138123,
      "path_length": 4.3084817359631415,
      "start_to_goal_distance": 3.8663716316223145,
      "steps": 620.0,
      "control_effort": 0.511565621629838,
      "episode_duration": 20.666666666666668,
      "time_to_goal": null
    },
    {
      "episode_return": -154.42868900611478,
      "success": 0.0,
      "collision": 0.0,
      "min_obstacle_distance": 0.5349825024604797,
      "min_clearance": 0.18498250246047976,
      "path_length": 3.7180042850590667,
      "start_to_goal_distance": 4.319121837615967,
      "steps": 620.0,
      "control_effort": 0.5410756861971271,
      "episode_duration": 20.666666666666668,
      "time_to_goal": null
    },
    {
      "episode_return": 1.0270175696590655,
      "success": 0.0,
      "collision": 0.0,
      "min_obstacle_distance": 0.48649969696998596,
      "min_clearance": 0.13649969696998598,
      "path_length": 4.1292996856500395,
      "start_to_goal_distance": 5.195745468139648,
      "steps": 620.0,
      "control_effort": 0.5026716302479467,
      "episode_duration": 20.666666666666668,
      "time_to_goal": null
    }
  ]
}