{
  "episode_return": 11.290608648228229,
  "success": 0.0,
  "collision": 0.0,
  "min_obstacle_distance": 0.5802859663963318,
  "min_clearance": 0.2302859663963318,
  "path_length": 4.170839350670576,
  "start_to_goal_distance": 5.195745468139648,
  "steps": 620.0,
  "control_effort": 0.5077837568136954,
  "episode_duration": 20.666666666666668,
  "time_to_goal": null
}