{
  "episode_return": 4.143947365986364,
  "success": 0.0,
  "collision": 0.0,
  "min_obstacle_distance": 0.5517572164535522,
  "min_clearance": 0.20175721645355227,
  "path_length": 4.319878478301689,
  "start_to_goal_distance": 5.195745468139648,
  "steps": 620.0,
  "control_effort": 0.49640220168136784,
  "episode_duration": 20.666666666666668,
  "time_to_goal": null
}