{
  "summary": {
    "train_episode": 2580,
    "stage_index": 7,
    "stage_name": "target_default_intro",
    "stage_episode": 1820,
    "stage_eval_index": 107,
    "stage_target_hit": 0.0,
    "stage_success_streak": 0,
    "stage_best_success_rate": 0.5,
    "stage_best_collision_rate": 0.0,
    "stage_best_avg_return": 73.55451202392578,
    "stage_bad_eval_streak": 91,
    "stage_regression_active": 1.0,
    "stage_regression_bad_eval": 1.0,
    "stage_regression_absolute_drop": 0.5,
    "stage_regression_relative_drop": 1.0,
    "stage_regression_detected": 1.0,
    "stage_rollback_applied": 0.0,
    "stage_plateau_recovery_applied": 0.0,
    "num_episodes": 6,
    "success_rate": 0.0,
    "collision_rate": 0.0,
    "avg_episode_return": -65.95708465576172,
    "avg_path_length": 4.069211483001709,
    "avg_episode_duration": 20.66666603088379,
    "avg_time_to_goal": 0.0,
    "avg_min_obstacle_distance": 1.0079396963119507,
    "avg_min_clearance": 0.6579397320747375,
    "avg_control_effort": 0.4905484616756439,
    "avg_path_efficiency": 0.0,
    "avg_steps": 620.0,
    "best_episode_return": -40.377750396728516,
    "deterministic": 1.0,
    "seed_offset": 100000
  },
  "episodes": [
    {
      "episode_return": -58.521165661043,
      "success": 0.0,
      "collision": 0.0,
      "min_obstacle_distance": 1.6655337810516357,
      "min_clearance": 1.3155337810516357,
      "path_length": 3.1641061728245177,
      "start_to_goal_distance": 5.67656946182251,
      "steps": 620.0,
      "control_effort": 0.4761492806096231,
      "episode_duration": 20.666666666666668,
      "time_to_goal": null
    },
    {
      "episode_return": -57.972853458018385,
      "success": 0.0,
      "collision": 0.0,
      "min_obstacle_distance": 0.80428546667099,
      "min_clearance": 0.45428546667099,
      "path_length": 4.213552541914396,
      "start_to_goal_distance": 3.87174391746521,
      "steps": 620.0,
      "control_effort": 0.4705577681141515,
      "episode_duration": 20.666666666666668,
      "time_to_goal": null
    },
    {
      "episode_return": -61.27031832769651,
      "success": 0.0,
      "collision": 0.0,
      "min_obstacle_distance": 1.0751948356628418,
      "min_clearance": 0.7251948356628418,
      "path_length": 4.2700052682776,
      "start_to_goal_distance": 4.218926906585693,
      "steps": 620.0,
      "control_effort": 0.5002968443016852,
      "episode_duration": 20.666666666666668,
      "time_to_goal": null
    },
    {
      "episode_return": -40.3777518586612,
      "success": 0.0,
      "collision": 0.0,
      "min_obstacle_distance": 1.3383373022079468,
      "min_clearance": 0.9883373022079468,
      "path_length": 4.385821403702721,
      "start_to_goal_distance": 3.8663716316223145,
      "steps": 620.0,
      "control_effort": 0.5132239773869515,
      "episode_duration": 20.666666666666668,
      "time_to_goal": null
    },
    {
      "episode_return": -135.7451574369673,
      "success": 0.0,
      "collision": 0.0,
      "min_obstacle_distance": 0.37457290291786194,
      "min_clearance": 0.02457290291786196,
      "path_length": 4.412170881987549,
      "start_to_goal_distance": 4.319121837615967,
      "steps": 620.0,
      "control_effort": 0.49489452156328384,
      "episode_duration": 20.666666666666668,
      "time_to_goal": null
    },
    {
      "episode_return": -41.85525961317944,
      "success": 0.0,
      "collision": 0.0,
      "min_obstacle_distance": 0.7897142767906189,
      "min_clearance": 0.4397142767906189,
      "path_length": 3.9696135398116894,
      "start_to_goal_distance": 5.195745468139648,
      "steps": 620.0,
      "control_effort": 0.48816817095202786,
      "episode_duration": 20.666666666666668,
      "time_to_goal": null
    }
  ]
}