{
  "summary": {
    "train_episode": 460,
    "stage_index": 7,
    "stage_name": "target_default_intro",
    "stage_episode": 20,
    "stage_eval_index": 1,
    "stage_target_hit": 0.0,
    "stage_success_streak": 0,
    "stage_best_success_rate": 0.0,
    "stage_best_collision_rate": 0.1666666716337204,
    "stage_best_avg_return": 15.148165702819824,
    "stage_bad_eval_streak": 0,
    "stage_regression_active": 0.0,
    "stage_regression_bad_eval": 0.0,
    "stage_regression_absolute_drop": 0.0,
    "stage_regression_relative_drop": 0.0,
    "stage_regression_detected": 0.0,
    "stage_rollback_applied": 0.0,
    "stage_plateau_recovery_applied": 0.0,
    "num_episodes": 6,
    "success_rate": 0.0,
    "collision_rate": 0.1666666716337204,
    "avg_episode_return": 15.148165702819824,
    "avg_path_length": 4.071125030517578,
    "avg_episode_duration": 18.661109924316406,
    "avg_time_to_goal": 0.0,
    "avg_min_obstacle_distance": 0.8720011115074158,
    "avg_min_clearance": 0.5220010876655579,
    "avg_control_effort": 0.6619186401367188,
    "avg_path_efficiency": 0.0,
    "avg_steps": 559.8333129882812,
    "best_episode_return": 54.05876541137695,
    "deterministic": 1.0,
    "seed_offset": 100000
  },
  "episodes": [
    {
      "episode_return": 4.123006648205752,
      "success": 0.0,
      "collision": 0.0,
      "min_obstacle_distance": 1.0626863241195679,
      "min_clearance": 0.7126863241195679,
      "path_length": 4.418848304921994,
      "start_to_goal_distance": 5.67656946182251,
      "steps": 620.0,
      "control_effort": 0.6692011512094929,
      "episode_duration": 20.666666666666668,
      "time_to_goal": null
    },
    {
      "episode_return": -39.374931194798314,
      "success": 0.0,
      "collision": 1.0,
      "min_obstacle_distance": 0.33958402276039124,
      "min_clearance": -0.010415977239608742,
      "path_length": 1.831129605852766,
      "start_to_goal_distance": 3.87174391746521,
      "steps": 259.0,
      "control_effort": 0.6502927341516413,
      "episode_duration": 8.633333333333333,
      "time_to_goal": null
    },
    {
      "episode_return": 20.732048929111002,
      "success": 0.0,
      "collision": 0.0,
      "min_obstacle_distance": 1.3973493576049805,
      "min_clearance": 1.0473493576049804,
      "path_length": 4.571641142640146,
      "start_to_goal_distance": 4.218926906585693,
      "steps": 620.0,
      "control_effort": 0.6621915422139629,
      "episode_duration": 20.666666666666668,
      "time_to_goal": null
    },
    {
      "episode_return": 31.06231824346278,
      "success": 0.0,
      "collision": 0.0,
      "min_obstacle_distance": 0.7035731673240662,
      "min_clearance": 0.3535731673240662,
      "path_length": 4.468528766170493,
      "start_to_goal_distance": 3.8663716316223145,
      "steps": 620.0,
      "control_effort": 0.6581691567936251,
      "episode_duration": 20.666666666666668,
      "time_to_goal": null
    },
    {
      "episode_return": 20.287782848069234,
      "success": 0.0,
      "collision": 0.0,
      "min_obstacle_distance": 0.7912017703056335,
      "min_clearance": 0.44120177030563357,
      "path_length": 4.50923586198769,
      "start_to_goal_distance": 4.319121837615967,
      "steps": 620.0,
      "control_effort": 0.6625076182426944,
      "episode_duration": 20.666666666666668,
      "time_to_goal": null
    },
    {
      "episode_return": 54.05876560859441,
      "success": 0.0,
      "collision": 0.0,
      "min_obstacle_distance": 0.9376120567321777,
      "min_clearance": 0.5876120567321778,
      "path_length": 4.627367914188653,
      "start_to_goal_distance": 5.195745468139648,
      "steps": 620.0,
      "control_effort": 0.6691497434531489,
      "episode_duration": 20.666666666666668,
      "time_to_goal": null
    }
  ]
}