{
  "summary": {
    "train_episode": 1920,
    "stage_index": 7,
    "stage_name": "target_default_intro",
    "stage_episode": 1160,
    "stage_eval_index": 74,
    "stage_target_hit": 0.0,
    "stage_success_streak": 0,
    "stage_best_success_rate": 0.5,
    "stage_best_collision_rate": 0.0,
    "stage_best_avg_return": 73.55451202392578,
    "stage_bad_eval_streak": 58,
    "stage_regression_active": 1.0,
    "stage_regression_bad_eval": 1.0,
    "stage_regression_absolute_drop": 0.5,
    "stage_regression_relative_drop": 1.0,
    "stage_regression_detected": 1.0,
    "stage_rollback_applied": 0.0,
    "stage_plateau_recovery_applied": 0.0,
    "num_episodes": 6,
    "success_rate": 0.0,
    "collision_rate": 0.0,
    "avg_episode_return": -21.09938621520996,
    "avg_path_length": 4.395987033843994,
    "avg_episode_duration": 20.66666603088379,
    "avg_time_to_goal": 0.0,
    "avg_min_obstacle_distance": 0.7884661555290222,
    "avg_min_clearance": 0.4384661912918091,
    "avg_control_effort": 0.5453894138336182,
    "avg_path_efficiency": 0.0,
    "avg_steps": 620.0,
    "best_episode_return": -2.02163028717041,
    "deterministic": 1.0,
    "seed_offset": 100000
  },
  "episodes": [
    {
      "episode_return": -19.75689085954623,
      "success": 0.0,
      "collision": 0.0,
      "min_obstacle_distance": 0.5593301057815552,
      "min_clearance": 0.2093301057815552,
      "path_length": 4.406947372481227,
      "start_to_goal_distance": 5.67656946182251,
      "steps": 620.0,
      "control_effort": 0.5563758105039597,
      "episode_duration": 20.666666666666668,
      "time_to_goal": null
    },
    {
      "episode_return": -11.429498598619475,
      "success": 0.0,
      "collision": 0.0,
      "min_obstacle_distance": 0.8619574308395386,
      "min_clearance": 0.5119574308395386,
      "path_length": 4.350389916973654,
      "start_to_goal_distance": 3.87174391746521,
      "steps": 620.0,
      "control_effort": 0.531651363449712,
      "episode_duration": 20.666666666666668,
      "time_to_goal": null
    },
    {
      "episode_return": -19.621940943261016,
      "success": 0.0,
      "collision": 0.0,
      "min_obstacle_distance": 0.851419985294342,
      "min_clearance": 0.5014199852943421,
      "path_length": 4.406799294112716,
      "start_to_goal_distance": 4.218926906585693,
      "steps": 620.0,
      "control_effort": 0.5621605294366037,
      "episode_duration": 20.666666666666668,
      "time_to_goal": null
    },
    {
      "episode_return": -2.0216301864590065,
      "success": 0.0,
      "collision": 0.0,
      "min_obstacle_distance": 1.273339033126831,
      "min_clearance": 0.9233390331268311,
      "path_length": 4.428286795679014,
      "start_to_goal_distance": 3.8663716316223145,
      "steps": 620.0,
      "control_effort": 0.5540373209984072,
      "episode_duration": 20.666666666666668,
      "time_to_goal": null
    },
    {
      "episode_return": -49.52448477201206,
      "success": 0.0,
      "collision": 0.0,
      "min_obstacle_distance": 0.4905169606208801,
      "min_clearance": 0.14051696062088015,
      "path_length": 4.40109522419516,
      "start_to_goal_distance": 4.319121837615967,
      "steps": 620.0,
      "control_effort": 0.548912904723998,
      "episode_duration": 20.666666666666668,
      "time_to_goal": null
    },
    {
      "episode_return": -24.241871641173752,
      "success": 0.0,
      "collision": 0.0,
      "min_obstacle_distance": 0.6942335367202759,
      "min_clearance": 0.3442335367202759,
      "path_length": 4.382402267190628,
      "start_to_goal_distance": 5.195745468139648,
      "steps": 620.0,
      "control_effort": 0.51919848221925,
      "episode_duration": 20.666666666666668,
      "time_to_goal": null
    }
  ]
}