{
  "summary": {
    "train_episode": 1660,
    "stage_index": 7,
    "stage_name": "target_default_intro",
    "stage_episode": 900,
    "stage_eval_index": 61,
    "stage_target_hit": 0.0,
    "stage_success_streak": 0,
    "stage_best_success_rate": 0.5,
    "stage_best_collision_rate": 0.0,
    "stage_best_avg_return": 73.55451202392578,
    "stage_bad_eval_streak": 45,
    "stage_regression_active": 1.0,
    "stage_regression_bad_eval": 1.0,
    "stage_regression_absolute_drop": 0.5,
    "stage_regression_relative_drop": 1.0,
    "stage_regression_detected": 1.0,
    "stage_rollback_applied": 0.0,
    "stage_plateau_recovery_applied": 0.0,
    "num_episodes": 6,
    "success_rate": 0.0,
    "collision_rate": 0.1666666716337204,
    "avg_episode_return": -18.621685028076172,
    "avg_path_length": 4.121459484100342,
    "avg_episode_duration": 19.266664505004883,
    "avg_time_to_goal": 0.0,
    "avg_min_obstacle_distance": 0.7519102096557617,
    "avg_min_clearance": 0.4019101858139038,
    "avg_control_effort": 0.5559224486351013,
    "avg_path_efficiency": 0.0,
    "avg_steps": 578.0,
    "best_episode_return": 5.868186950683594,
    "deterministic": 1.0,
    "seed_offset": 100000
  },
  "episodes": [
    {
      "episode_return": -12.34972400582878,
      "success": 0.0,
      "collision": 1.0,
      "min_obstacle_distance": 0.3427661955356598,
      "min_clearance": -0.007233804464340188,
      "path_length": 2.472713435825426,
      "start_to_goal_distance": 5.67656946182251,
      "steps": 368.0,
      "control_effort": 0.5919436906342921,
      "episode_duration": 12.266666666666667,
      "time_to_goal": null
    },
    {
      "episode_return": -16.135778425249256,
      "success": 0.0,
      "collision": 0.0,
      "min_obstacle_distance": 0.667789101600647,
      "min_clearance": 0.317789101600647,
      "path_length": 4.361999338143505,
      "start_to_goal_distance": 3.87174391746521,
      "steps": 620.0,
      "control_effort": 0.5323570962394437,
      "episode_duration": 20.666666666666668,
      "time_to_goal": null
    },
    {
      "episode_return": -15.611927797694474,
      "success": 0.0,
      "collision": 0.0,
      "min_obstacle_distance": 1.1175060272216797,
      "min_clearance": 0.7675060272216797,
      "path_length": 4.394108307315037,
      "start_to_goal_distance": 4.218926906585693,
      "steps": 620.0,
      "control_effort": 0.5781521945230422,
      "episode_duration": 20.666666666666668,
      "time_to_goal": null
    },
    {
      "episode_return": 5.868186920899902,
      "success": 0.0,
      "collision": 0.0,
      "min_obstacle_distance": 1.1566561460494995,
      "min_clearance": 0.8066561460494995,
      "path_length": 4.529633622500114,
      "start_to_goal_distance": 3.8663716316223145,
      "steps": 620.0,
      "control_effort": 0.5618740486521875,
      "episode_duration": 20.666666666666668,
      "time_to_goal": null
    },
    {
      "episode_return": -53.11099823928086,
      "success": 0.0,
      "collision": 0.0,
      "min_obstacle_distance": 0.5958186984062195,
      "min_clearance": 0.2458186984062195,
      "path_length": 4.425616898932049,
      "start_to_goal_distance": 4.319121837615967,
      "steps": 620.0,
      "control_effort": 0.538133928564287,
      "episode_duration": 20.666666666666668,
      "time_to_goal": null
    },
    {
      "episode_return": -20.389867986811797,
      "success": 0.0,
      "collision": 0.0,
      "min_obstacle_distance": 0.6309249997138977,
      "min_clearance": 0.2809249997138977,
      "path_length": 4.544687131070532,
      "start_to_goal_distance": 5.195745468139648,
      "steps": 620.0,
      "control_effort": 0.5330739616386352,
      "episode_duration": 20.666666666666668,
      "time_to_goal": null
    }
  ]
}