{
  "summary": {
    "train_episode": 2800,
    "stage_index": 7,
    "stage_name": "target_default_intro",
    "stage_episode": 2040,
    "stage_eval_index": 118,
    "stage_target_hit": 0.0,
    "stage_success_streak": 0,
    "stage_best_success_rate": 0.5,
    "stage_best_collision_rate": 0.0,
    "stage_best_avg_return": 73.55451202392578,
    "stage_bad_eval_streak": 102,
    "stage_regression_active": 1.0,
    "stage_regression_bad_eval": 1.0,
    "stage_regression_absolute_drop": 0.5,
    "stage_regression_relative_drop": 1.0,
    "stage_regression_detected": 1.0,
    "stage_rollback_applied": 0.0,
    "stage_plateau_recovery_applied": 0.0,
    "num_episodes": 6,
    "success_rate": 0.0,
    "collision_rate": 0.1666666716337204,
    "avg_episode_return": -67.23941802978516,
    "avg_path_length": 3.4203052520751953,
    "avg_episode_duration": 17.80555534362793,
    "avg_time_to_goal": 0.0,
    "avg_min_obstacle_distance": 1.0379444360733032,
    "avg_min_clearance": 0.6879444718360901,
    "avg_control_effort": 0.4725790321826935,
    "avg_path_efficiency": 0.0,
    "avg_steps": 534.1666870117188,
    "best_episode_return": 0.10001056641340256,
    "deterministic": 1.0,
    "seed_offset": 100000
  },
  "episodes": [
    {
      "episode_return": -92.39089308940983,
      "success": 0.0,
      "collision": 0.0,
      "min_obstacle_distance": 1.7896161079406738,
      "min_clearance": 1.4396161079406737,
      "path_length": 2.465267136395724,
      "start_to_goal_distance": 5.67656946182251,
      "steps": 620.0,
      "control_effort": 0.49449647900558286,
      "episode_duration": 20.666666666666668,
      "time_to_goal": null
    },
    {
      "episode_return": -87.73787999917234,
      "success": 0.0,
      "collision": 0.0,
      "min_obstacle_distance": 0.9269810318946838,
      "min_clearance": 0.5769810318946839,
      "path_length": 4.268918392772321,
      "start_to_goal_distance": 3.87174391746521,
      "steps": 620.0,
      "control_effort": 0.46324794412620607,
      "episode_duration": 20.666666666666668,
      "time_to_goal": null
    },
    {
      "episode_return": -109.78593586043115,
      "success": 0.0,
      "collision": 0.0,
      "min_obstacle_distance": 1.2879242897033691,
      "min_clearance": 0.9379242897033692,
      "path_length": 4.468739650794305,
      "start_to_goal_distance": 4.218926906585693,
      "steps": 620.0,
      "control_effort": 0.48727453197202375,
      "episode_duration": 20.666666666666668,
      "time_to_goal": null
    },
    {
      "episode_return": -70.0271812233949,
      "success": 0.0,
      "collision": 0.0,
      "min_obstacle_distance": 1.2776366472244263,
      "min_clearance": 0.9276366472244263,
      "path_length": 4.421854624815751,
      "start_to_goal_distance": 3.8663716316223145,
      "steps": 620.0,
      "control_effort": 0.49675818811501227,
      "episode_duration": 20.666666666666668,
      "time_to_goal": null
    },
    {
      "episode_return": -43.5946294821464,
      "success": 0.0,
      "collision": 1.0,
      "min_obstacle_distance": 0.34861189126968384,
      "min_clearance": -0.00138810873031614,
      "path_length": 0.6592424162663519,
      "start_to_goal_distance": 4.319121837615967,
      "steps": 105.0,
      "control_effort": 0.42436052248591466,
      "episode_duration": 3.5,
      "time_to_goal": null
    },
    {
      "episode_return": 0.10001056272871267,
      "success": 0.0,
      "collision": 0.0,
      "min_obstacle_distance": 0.5968971848487854,
      "min_clearance": 0.24689718484878542,
      "path_length": 4.237810516788159,
      "start_to_goal_distance": 5.195745468139648,
      "steps": 620.0,
      "control_effort": 0.46933645855995915,
      "episode_duration": 20.666666666666668,
      "time_to_goal": null
    }
  ]
}