{
  "episode_return": 18.71709120906782,
  "success": 0.0,
  "collision": 0.0,
  "min_obstacle_distance": 0.9185716509819031,
  "min_clearance": 0.5685716509819031,
  "path_length": 4.544319883527351,
  "start_to_goal_distance": 3.8663716316223145,
  "steps": 620.0,
  "control_effort": 0.6137474525359369,
  "episode_duration": 20.666666666666668,
  "time_to_goal": null
}