{
  "summary": {
    "train_episode": 3080,
    "stage_index": 7,
    "stage_name": "target_default_intro",
    "stage_episode": 2320,
    "stage_eval_index": 132,
    "stage_target_hit": 0.0,
    "stage_success_streak": 0,
    "stage_best_success_rate": 0.5,
    "stage_best_collision_rate": 0.0,
    "stage_best_avg_return": 73.55451202392578,
    "stage_bad_eval_streak": 116,
    "stage_regression_active": 1.0,
    "stage_regression_bad_eval": 1.0,
    "stage_regression_absolute_drop": 0.5,
    "stage_regression_relative_drop": 1.0,
    "stage_regression_detected": 1.0,
    "stage_rollback_applied": 0.0,
    "stage_plateau_recovery_applied": 0.0,
    "num_episodes": 6,
    "success_rate": 0.0,
    "collision_rate": 0.0,
    "avg_episode_return": -106.98552703857422,
    "avg_path_length": 3.5964725017547607,
    "avg_episode_duration": 20.66666603088379,
    "avg_time_to_goal": 0.0,
    "avg_min_obstacle_distance": 0.9555203318595886,
    "avg_min_clearance": 0.6055203676223755,
    "avg_control_effort": 0.522901713848114,
    "avg_path_efficiency": 0.0,
    "avg_steps": 620.0,
    "best_episode_return": 1.4883657693862915,
    "deterministic": 1.0,
    "seed_offset": 100000
  },
  "episodes": [
    {
      "episode_return": -126.75915378776283,
      "success": 0.0,
      "collision": 0.0,
      "min_obstacle_distance": 1.8283159732818604,
      "min_clearance": 1.4783159732818603,
      "path_length": 1.7508246653509616,
      "start_to_goal_distance": 5.67656946182251,
      "steps": 620.0,
      "control_effort": 0.5598916398421411,
      "episode_duration": 20.666666666666668,
      "time_to_goal": null
    },
    {
      "episode_return": -142.0390437939392,
      "success": 0.0,
      "collision": 0.0,
      "min_obstacle_distance": 0.4784427583217621,
      "min_clearance": 0.1284427583217621,
      "path_length": 4.321881829499034,
      "start_to_goal_distance": 3.87174391746521,
      "steps": 620.0,
      "control_effort": 0.5192619005037892,
      "episode_duration": 20.666666666666668,
      "time_to_goal": null
    },
    {
      "episode_return": -122.4629431807443,
      "success": 0.0,
      "collision": 0.0,
      "min_obstacle_distance": 1.3623182773590088,
      "min_clearance": 1.0123182773590087,
      "path_length": 3.5331903291970264,
      "start_to_goal_distance": 4.218926906585693,
      "steps": 620.0,
      "control_effort": 0.5233790698070679,
      "episode_duration": 20.666666666666668,
      "time_to_goal": null
    },
    {
      "episode_return": -112.24103498422338,
      "success": 0.0,
      "collision": 0.0,
      "min_obstacle_distance": 0.757288932800293,
      "min_clearance": 0.407288932800293,
      "path_length": 4.363724872062448,
      "start_to_goal_distance": 3.8663716316223145,
      "steps": 620.0,
      "control_effort": 0.49691963508244485,
      "episode_duration": 20.666666666666668,
      "time_to_goal": null
    },
    {
      "episode_return": -139.89929338921078,
      "success": 0.0,
      "collision": 0.0,
      "min_obstacle_distance": 0.5691347718238831,
      "min_clearance": 0.21913477182388308,
      "path_length": 3.3579523951559054,
      "start_to_goal_distance": 4.319121837615967,
      "steps": 620.0,
      "control_effort": 0.5190615700617913,
      "episode_duration": 20.666666666666668,
      "time_to_goal": null
    },
    {
      "episode_return": 1.4883657940225632,
      "success": 0.0,
      "collision": 0.0,
      "min_obstacle_distance": 0.7376213073730469,
      "min_clearance": 0.3876213073730469,
      "path_length": 4.251260894961888,
      "start_to_goal_distance": 5.195745468139648,
      "steps": 620.0,
      "control_effort": 0.5188964949019493,
      "episode_duration": 20.666666666666668,
      "time_to_goal": null
    }
  ]
}