{
  "summary": {
    "train_episode": 2380,
    "stage_index": 7,
    "stage_name": "target_default_intro",
    "stage_episode": 1620,
    "stage_eval_index": 97,
    "stage_target_hit": 0.0,
    "stage_success_streak": 0,
    "stage_best_success_rate": 0.5,
    "stage_best_collision_rate": 0.0,
    "stage_best_avg_return": 73.55451202392578,
    "stage_bad_eval_streak": 81,
    "stage_regression_active": 1.0,
    "stage_regression_bad_eval": 1.0,
    "stage_regression_absolute_drop": 0.5,
    "stage_regression_relative_drop": 1.0,
    "stage_regression_detected": 1.0,
    "stage_rollback_applied": 0.0,
    "stage_plateau_recovery_applied": 0.0,
    "num_episodes": 6,
    "success_rate": 0.0,
    "collision_rate": 0.3333333432674408,
    "avg_episode_return": -50.08616638183594,
    "avg_path_length": 3.3671576976776123,
    "avg_episode_duration": 17.25555419921875,
    "avg_time_to_goal": 0.0,
    "avg_min_obstacle_distance": 0.8456777930259705,
    "avg_min_clearance": 0.49567779898643494,
    "avg_control_effort": 0.5022584199905396,
    "avg_path_efficiency": 0.0,
    "avg_steps": 517.6666870117188,
    "best_episode_return": -12.636589050292969,
    "deterministic": 1.0,
    "seed_offset": 100000
  },
  "episodes": [
    {
      "episode_return": -59.20321417973527,
      "success": 0.0,
      "collision": 0.0,
      "min_obstacle_distance": 1.7808834314346313,
      "min_clearance": 1.4308834314346313,
      "path_length": 2.744915076285693,
      "start_to_goal_distance": 5.67656946182251,
      "steps": 620.0,
      "control_effort": 0.5457607443294218,
      "episode_duration": 20.666666666666668,
      "time_to_goal": null
    },
    {
      "episode_return": -67.47884390767024,
      "success": 0.0,
      "collision": 1.0,
      "min_obstacle_distance": 0.3478064239025116,
      "min_clearance": -0.002193576097488381,
      "path_length": 3.52988275984535,
      "start_to_goal_distance": 3.87174391746521,
      "steps": 502.0,
      "control_effort": 0.46507001926462016,
      "episode_duration": 16.733333333333334,
      "time_to_goal": null
    },
    {
      "episode_return": -77.05837596642965,
      "success": 0.0,
      "collision": 0.0,
      "min_obstacle_distance": 1.1227946281433105,
      "min_clearance": 0.7727946281433106,
      "path_length": 4.403172643738799,
      "start_to_goal_distance": 4.218926906585693,
      "steps": 620.0,
      "control_effort": 0.5370361010393788,
      "episode_duration": 20.666666666666668,
      "time_to_goal": null
    },
    {
      "episode_return": -37.22077186524386,
      "success": 0.0,
      "collision": 0.0,
      "min_obstacle_distance": 0.9701372981071472,
      "min_clearance": 0.6201372981071472,
      "path_length": 4.418244267289992,
      "start_to_goal_distance": 3.8663716316223145,
      "steps": 620.0,
      "control_effort": 0.5262078255414963,
      "episode_duration": 20.666666666666668,
      "time_to_goal": null
    },
    {
      "episode_return": -46.91922749857135,
      "success": 0.0,
      "collision": 1.0,
      "min_obstacle_distance": 0.34834375977516174,
      "min_clearance": -0.0016562402248382346,
      "path_length": 0.7755741279106587,
      "start_to_goal_distance": 4.319121837615967,
      "steps": 124.0,
      "control_effort": 0.4568340953799986,
      "episode_duration": 4.133333333333334,
      "time_to_goal": null
    },
    {
      "episode_return": -12.636588690379849,
      "success": 0.0,
      "collision": 0.0,
      "min_obstacle_distance": 0.5041014552116394,
      "min_clearance": 0.15410145521163943,
      "path_length": 4.331158195913304,
      "start_to_goal_distance": 5.195745468139648,
      "steps": 620.0,
      "control_effort": 0.48264162367390046,
      "episode_duration": 20.666666666666668,
      "time_to_goal": null
    }
  ]
}