{
  "summary": {
    "train_episode": 2560,
    "stage_index": 7,
    "stage_name": "target_default_intro",
    "stage_episode": 1800,
    "stage_eval_index": 106,
    "stage_target_hit": 0.0,
    "stage_success_streak": 0,
    "stage_best_success_rate": 0.5,
    "stage_best_collision_rate": 0.0,
    "stage_best_avg_return": 73.55451202392578,
    "stage_bad_eval_streak": 90,
    "stage_regression_active": 1.0,
    "stage_regression_bad_eval": 1.0,
    "stage_regression_absolute_drop": 0.5,
    "stage_regression_relative_drop": 1.0,
    "stage_regression_detected": 1.0,
    "stage_rollback_applied": 0.0,
    "stage_plateau_recovery_applied": 0.0,
    "num_episodes": 6,
    "success_rate": 0.0,
    "collision_rate": 0.0,
    "avg_episode_return": -67.65225982666016,
    "avg_path_length": 4.258220672607422,
    "avg_episode_duration": 20.66666603088379,
    "avg_time_to_goal": 0.0,
    "avg_min_obstacle_distance": 1.0029140710830688,
    "avg_min_clearance": 0.6529139876365662,
    "avg_control_effort": 0.48744258284568787,
    "avg_path_efficiency": 0.0,
    "avg_steps": 620.0,
    "best_episode_return": -38.60464859008789,
    "deterministic": 1.0,
    "seed_offset": 100000
  },
  "episodes": [
    {
      "episode_return": -70.84477910246093,
      "success": 0.0,
      "collision": 0.0,
      "min_obstacle_distance": 1.3195310831069946,
      "min_clearance": 0.9695310831069947,
      "path_length": 4.236562611185946,
      "start_to_goal_distance": 5.67656946182251,
      "steps": 620.0,
      "control_effort": 0.48175651940607256,
      "episode_duration": 20.666666666666668,
      "time_to_goal": null
    },
    {
      "episode_return": -59.4446109306325,
      "success": 0.0,
      "collision": 0.0,
      "min_obstacle_distance": 1.0713094472885132,
      "min_clearance": 0.7213094472885132,
      "path_length": 4.289868743973784,
      "start_to_goal_distance": 3.87174391746521,
      "steps": 620.0,
      "control_effort": 0.4688410903176954,
      "episode_duration": 20.666666666666668,
      "time_to_goal": null
    },
    {
      "episode_return": -63.69826179906058,
      "success": 0.0,
      "collision": 0.0,
      "min_obstacle_distance": 1.1136969327926636,
      "min_clearance": 0.7636969327926636,
      "path_length": 4.363275200244971,
      "start_to_goal_distance": 4.218926906585693,
      "steps": 620.0,
      "control_effort": 0.4946150843174227,
      "episode_duration": 20.666666666666668,
      "time_to_goal": null
    },
    {
      "episode_return": -38.60464813900778,
      "success": 0.0,
      "collision": 0.0,
      "min_obstacle_distance": 1.316088318824768,
      "min_clearance": 0.9660883188247681,
      "path_length": 4.32567568088416,
      "start_to_goal_distance": 3.8663716316223145,
      "steps": 620.0,
      "control_effort": 0.5042454047549155,
      "episode_duration": 20.666666666666668,
      "time_to_goal": null
    },
    {
      "episode_return": -131.97131606552912,
      "success": 0.0,
      "collision": 0.0,
      "min_obstacle_distance": 0.36304035782814026,
      "min_clearance": 0.013040357828140281,
      "path_length": 4.321836261311546,
      "start_to_goal_distance": 4.319121837615967,
      "steps": 620.0,
      "control_effort": 0.4891892764837511,
      "episode_duration": 20.666666666666668,
      "time_to_goal": null
    },
    {
      "episode_return": -41.34993475816229,
      "success": 0.0,
      "collision": 0.0,
      "min_obstacle_distance": 0.8338181376457214,
      "min_clearance": 0.48381813764572146,
      "path_length": 4.012103799614124,
      "start_to_goal_distance": 5.195745468139648,
      "steps": 620.0,
      "control_effort": 0.48600822345864386,
      "episode_duration": 20.666666666666668,
      "time_to_goal": null
    }
  ]
}