{
  "episode_return": -16.684893024221992,
  "success": 0.0,
  "collision": 0.0,
  "min_obstacle_distance": 0.6821624636650085,
  "min_clearance": 0.33216246366500857,
  "path_length": 4.1797297121956944,
  "start_to_goal_distance": 5.195745468139648,
  "steps": 620.0,
  "control_effort": 0.49708481128177334,
  "episode_duration": 20.666666666666668,
  "time_to_goal": null
}