{
  "summary": {
    "train_episode": 1120,
    "stage_index": 7,
    "stage_name": "target_default_intro",
    "stage_episode": 360,
    "stage_eval_index": 34,
    "stage_target_hit": 0.0,
    "stage_success_streak": 0,
    "stage_best_success_rate": 0.5,
    "stage_best_collision_rate": 0.0,
    "stage_best_avg_return": 73.55451202392578,
    "stage_bad_eval_streak": 18,
    "stage_regression_active": 1.0,
    "stage_regression_bad_eval": 1.0,
    "stage_regression_absolute_drop": 0.3333333283662796,
    "stage_regression_relative_drop": 0.6666666567325592,
    "stage_regression_detected": 1.0,
    "stage_rollback_applied": 0.0,
    "stage_plateau_recovery_applied": 0.0,
    "num_episodes": 6,
    "success_rate": 0.1666666716337204,
    "collision_rate": 0.1666666716337204,
    "avg_episode_return": 4.701046466827393,
    "avg_path_length": 3.4458911418914795,
    "avg_episode_duration": 19.544443130493164,
    "avg_time_to_goal": 15.399999618530273,
    "avg_min_obstacle_distance": 0.8783993721008301,
    "avg_min_clearance": 0.5283994078636169,
    "avg_control_effort": 0.6116937398910522,
    "avg_path_efficiency": 0.1666666716337204,
    "avg_steps": 586.3333129882812,
    "best_episode_return": 157.8303985595703,
    "deterministic": 1.0,
    "seed_offset": 100000
  },
  "episodes": [
    {
      "episode_return": -20.918003367580024,
      "success": 0.0,
      "collision": 0.0,
      "min_obstacle_distance": 1.422960877418518,
      "min_clearance": 1.072960877418518,
      "path_length": 2.860367212715701,
      "start_to_goal_distance": 5.67656946182251,
      "steps": 620.0,
      "control_effort": 0.6309291858826914,
      "episode_duration": 20.666666666666668,
      "time_to_goal": null
    },
    {
      "episode_return": -67.46369224623295,
      "success": 0.0,
      "collision": 0.0,
      "min_obstacle_distance": 0.3657614588737488,
      "min_clearance": 0.0157614588737488,
      "path_length": 3.81862732345623,
      "start_to_goal_distance": 3.87174391746521,
      "steps": 620.0,
      "control_effort": 0.5987136779292938,
      "episode_duration": 20.666666666666668,
      "time_to_goal": null
    },
    {
      "episode_return": -4.556256235281722,
      "success": 0.0,
      "collision": 0.0,
      "min_obstacle_distance": 1.2795379161834717,
      "min_clearance": 0.9295379161834717,
      "path_length": 3.676478371807967,
      "start_to_goal_distance": 4.218926906585693,
      "steps": 620.0,
      "control_effort": 0.6171960390383198,
      "episode_duration": 20.666666666666668,
      "time_to_goal": null
    },
    {
      "episode_return": 157.83039199754393,
      "success": 1.0,
      "collision": 0.0,
      "min_obstacle_distance": 1.0332432985305786,
      "min_clearance": 0.6832432985305786,
      "path_length": 3.4955300359870307,
      "start_to_goal_distance": 3.8663716316223145,
      "steps": 462.0,
      "control_effort": 0.6121516044521744,
      "episode_duration": 15.4,
      "time_to_goal": 15.4
    },
    {
      "episode_return": -16.267940987498655,
      "success": 0.0,
      "collision": 0.0,
      "min_obstacle_distance": 0.8227417469024658,
      "min_clearance": 0.47274174690246584,
      "path_length": 2.75273574010518,
      "start_to_goal_distance": 4.319121837615967,
      "steps": 620.0,
      "control_effort": 0.6006603020814157,
      "episode_duration": 20.666666666666668,
      "time_to_goal": null
    },
    {
      "episode_return": -20.418219691867453,
      "success": 0.0,
      "collision": 1.0,
      "min_obstacle_distance": 0.3461512625217438,
      "min_clearance": -0.0038487374782562034,
      "path_length": 4.07160876726266,
      "start_to_goal_distance": 5.195745468139648,
      "steps": 576.0,
      "control_effort": 0.6105114959387316,
      "episode_duration": 19.2,
      "time_to_goal": null
    }
  ]
}