{
  "summary": {
    "train_episode": 320,
    "stage_index": 4,
    "stage_name": "bridge_crossing_commit",
    "stage_episode": 80,
    "stage_eval_index": 4,
    "stage_target_hit": 1.0,
    "stage_success_streak": 1,
    "stage_best_success_rate": 1.0,
    "stage_best_collision_rate": 0.0,
    "stage_best_avg_return": 95.1629409790039,
    "stage_bad_eval_streak": 0,
    "stage_regression_active": 1.0,
    "stage_regression_bad_eval": 0.0,
    "stage_regression_absolute_drop": 0.0,
    "stage_regression_relative_drop": 0.0,
    "stage_regression_detected": 0.0,
    "stage_rollback_applied": 0.0,
    "stage_plateau_recovery_applied": 0.0,
    "num_episodes": 6,
    "success_rate": 1.0,
    "collision_rate": 0.0,
    "avg_episode_return": 95.15253448486328,
    "avg_path_length": 1.848604679107666,
    "avg_episode_duration": 7.722222805023193,
    "avg_time_to_goal": 7.722222805023193,
    "avg_min_obstacle_distance": 2.158926248550415,
    "avg_min_clearance": 1.8089261054992676,
    "avg_control_effort": 0.7016741633415222,
    "avg_path_efficiency": 1.0,
    "avg_steps": 231.6666717529297,
    "best_episode_return": 96.70250701904297,
    "deterministic": 1.0,
    "seed_offset": 100000
  },
  "episodes": [
    {
      "episode_return": 96.70250642579794,
      "success": 1.0,
      "collision": 0.0,
      "min_obstacle_distance": 2.0800719261169434,
      "min_clearance": 1.7300719261169433,
      "path_length": 2.0568061075609876,
      "start_to_goal_distance": 2.8751626014709473,
      "steps": 249.0,
      "control_effort": 0.7008130074026115,
      "episode_duration": 8.3,
      "time_to_goal": 8.3
    },
    {
      "episode_return": 93.3912244129181,
      "success": 1.0,
      "collision": 0.0,
      "min_obstacle_distance": 1.7346280813217163,
      "min_clearance": 1.3846280813217162,
      "path_length": 1.6069649066048441,
      "start_to_goal_distance": 2.494187355041504,
      "steps": 205.0,
      "control_effort": 0.7017422978470965,
      "episode_duration": 6.833333333333333,
      "time_to_goal": 6.833333333333333
    },
    {
      "episode_return": 94.89791201734542,
      "success": 1.0,
      "collision": 0.0,
      "min_obstacle_distance": 2.0926034450531006,
      "min_clearance": 1.7426034450531005,
      "path_length": 1.7976266409968957,
      "start_to_goal_distance": 2.6756033897399902,
      "steps": 233.0,
      "control_effort": 0.7004573979602863,
      "episode_duration": 7.766666666666667,
      "time_to_goal": 7.766666666666667
    },
    {
      "episode_return": 93.1446086104512,
      "success": 1.0,
      "collision": 0.0,
      "min_obstacle_distance": 2.3649022579193115,
      "min_clearance": 2.0149022579193114,
      "path_length": 1.6515265650377842,
      "start_to_goal_distance": 2.470832347869873,
      "steps": 206.0,
      "control_effort": 0.7034180323475773,
      "episode_duration": 6.866666666666666,
      "time_to_goal": 6.866666666666666
    },
    {
      "episode_return": 96.20738929796218,
      "success": 1.0,
      "collision": 0.0,
      "min_obstacle_distance": 1.6289260387420654,
      "min_clearance": 1.2789260387420653,
      "path_length": 1.9623116958100582,
      "start_to_goal_distance": 2.8203952312469482,
      "steps": 246.0,
      "control_effort": 0.7014646190937942,
      "episode_duration": 8.2,
      "time_to_goal": 8.2
    },
    {
      "episode_return": 96.57160773533582,
      "success": 1.0,
      "collision": 0.0,
      "min_obstacle_distance": 3.0524251461029053,
      "min_clearance": 2.702425146102905,
      "path_length": 2.016392473015003,
      "start_to_goal_distance": 2.864516258239746,
      "steps": 251.0,
      "control_effort": 0.7021495528905041,
      "episode_duration": 8.366666666666667,
      "time_to_goal": 8.366666666666667
    }
  ]
}