{
  "summary": {
    "train_episode": 1160,
    "stage_index": 7,
    "stage_name": "target_default_intro",
    "stage_episode": 400,
    "stage_eval_index": 36,
    "stage_target_hit": 0.0,
    "stage_success_streak": 0,
    "stage_best_success_rate": 0.5,
    "stage_best_collision_rate": 0.0,
    "stage_best_avg_return": 73.55451202392578,
    "stage_bad_eval_streak": 20,
    "stage_regression_active": 1.0,
    "stage_regression_bad_eval": 1.0,
    "stage_regression_absolute_drop": 0.3333333283662796,
    "stage_regression_relative_drop": 0.6666666567325592,
    "stage_regression_detected": 1.0,
    "stage_rollback_applied": 0.0,
    "stage_plateau_recovery_applied": 0.0,
    "num_episodes": 6,
    "success_rate": 0.1666666716337204,
    "collision_rate": 0.1666666716337204,
    "avg_episode_return": 1.0135513544082642,
    "avg_path_length": 3.3568036556243896,
    "avg_episode_duration": 19.855554580688477,
    "avg_time_to_goal": 16.766666412353516,
    "avg_min_obstacle_distance": 0.8957911133766174,
    "avg_min_clearance": 0.5457910895347595,
    "avg_control_effort": 0.6062721610069275,
    "avg_path_efficiency": 0.1666666716337204,
    "avg_steps": 595.6666870117188,
    "best_episode_return": 156.98768615722656,
    "deterministic": 1.0,
    "seed_offset": 100000
  },
  "episodes": [
    {
      "episode_return": -27.24396944202678,
      "success": 0.0,
      "collision": 0.0,
      "min_obstacle_distance": 1.5430524349212646,
      "min_clearance": 1.1930524349212646,
      "path_length": 2.5903929514282638,
      "start_to_goal_distance": 5.67656946182251,
      "steps": 620.0,
      "control_effort": 0.6098629928404286,
      "episode_duration": 20.666666666666668,
      "time_to_goal": null
    },
    {
      "episode_return": -74.14631791728257,
      "success": 0.0,
      "collision": 0.0,
      "min_obstacle_distance": 0.3700818717479706,
      "min_clearance": 0.020081871747970603,
      "path_length": 3.650097785995058,
      "start_to_goal_distance": 3.87174391746521,
      "steps": 620.0,
      "control_effort": 0.597322107803437,
      "episode_duration": 20.666666666666668,
      "time_to_goal": null
    },
    {
      "episode_return": -2.9377862004870323,
      "success": 0.0,
      "collision": 0.0,
      "min_obstacle_distance": 1.3186181783676147,
      "min_clearance": 0.9686181783676148,
      "path_length": 3.6135867570040574,
      "start_to_goal_distance": 4.218926906585693,
      "steps": 620.0,
      "control_effort": 0.6179272542076726,
      "episode_duration": 20.666666666666668,
      "time_to_goal": null
    },
    {
      "episode_return": 156.98769288077216,
      "success": 1.0,
      "collision": 0.0,
      "min_obstacle_distance": 0.9204620122909546,
      "min_clearance": 0.5704620122909546,
      "path_length": 3.552221004094463,
      "start_to_goal_distance": 3.8663716316223145,
      "steps": 503.0,
      "control_effort": 0.6107870525204637,
      "episode_duration": 16.766666666666666,
      "time_to_goal": 16.766666666666666
    },
    {
      "episode_return": -20.726768964688798,
      "success": 0.0,
      "collision": 0.0,
      "min_obstacle_distance": 0.8733637928962708,
      "min_clearance": 0.5233637928962708,
      "path_length": 2.5501796972164894,
      "start_to_goal_distance": 4.319121837615967,
      "steps": 620.0,
      "control_effort": 0.5870451728182454,
      "episode_duration": 20.666666666666668,
      "time_to_goal": null
    },
    {
      "episode_return": -25.851530464527976,
      "success": 0.0,
      "collision": 1.0,
      "min_obstacle_distance": 0.3491680920124054,
      "min_clearance": -0.0008319079875945823,
      "path_length": 4.184343096421799,
      "start_to_goal_distance": 5.195745468139648,
      "steps": 591.0,
      "control_effort": 0.6146887152529812,
      "episode_duration": 19.7,
      "time_to_goal": null
    }
  ]
}