{
  "episode_return": 157.16063778051102,
  "success": 1.0,
  "collision": 0.0,
  "min_obstacle_distance": 0.8662342429161072,
  "min_clearance": 0.5162342429161072,
  "path_length": 3.5747474368836265,
  "start_to_goal_distance": 3.8663716316223145,
  "steps": 491.0,
  "control_effort": 0.6373496503548322,
  "episode_duration": 16.366666666666667,
  "time_to_goal": 16.366666666666667
}