{
  "episode_return": 34.121366232965926,
  "success": 0.0,
  "collision": 0.0,
  "min_obstacle_distance": 0.5495734810829163,
  "min_clearance": 0.19957348108291628,
  "path_length": 4.490205765967403,
  "start_to_goal_distance": 5.195745468139648,
  "steps": 620.0,
  "control_effort": 0.6382771589102284,
  "episode_duration": 20.666666666666668,
  "time_to_goal": null
}