{
  "episode_return": 35.244311784120676,
  "success": 0.0,
  "collision": 0.0,
  "min_obstacle_distance": 0.5355348587036133,
  "min_clearance": 0.1855348587036133,
  "path_length": 4.563298690773081,
  "start_to_goal_distance": 5.195745468139648,
  "steps": 620.0,
  "control_effort": 0.6282873231557108,
  "episode_duration": 20.666666666666668,
  "time_to_goal": null
}