{
  "episode_return": 8.35836857863832,
  "success": 0.0,
  "collision": 0.0,
  "min_obstacle_distance": 1.0245987176895142,
  "min_clearance": 0.6745987176895142,
  "path_length": 4.527218093571719,
  "start_to_goal_distance": 3.8663716316223145,
  "steps": 620.0,
  "control_effort": 0.5751988942584684,
  "episode_duration": 20.666666666666668,
  "time_to_goal": null
}