{
  "episode_return": 2.281625207628906,
  "success": 0.0,
  "collision": 0.0,
  "min_obstacle_distance": 0.7602856755256653,
  "min_clearance": 0.4102856755256653,
  "path_length": 4.238052552449517,
  "start_to_goal_distance": 5.195745468139648,
  "steps": 620.0,
  "control_effort": 0.5368014446189326,
  "episode_duration": 20.666666666666668,
  "time_to_goal": null
}