{
  "summary": {
    "train_episode": 1100,
    "stage_index": 7,
    "stage_name": "target_default_intro",
    "stage_episode": 340,
    "stage_eval_index": 33,
    "stage_target_hit": 0.0,
    "stage_success_streak": 0,
    "stage_best_success_rate": 0.5,
    "stage_best_collision_rate": 0.0,
    "stage_best_avg_return": 73.55451202392578,
    "stage_bad_eval_streak": 17,
    "stage_regression_active": 1.0,
    "stage_regression_bad_eval": 1.0,
    "stage_regression_absolute_drop": 0.5,
    "stage_regression_relative_drop": 1.0,
    "stage_regression_detected": 1.0,
    "stage_rollback_applied": 0.0,
    "stage_plateau_recovery_applied": 0.0,
    "num_episodes": 6,
    "success_rate": 0.0,
    "collision_rate": 0.1666666716337204,
    "avg_episode_return": -16.832006454467773,
    "avg_path_length": 3.3185460567474365,
    "avg_episode_duration": 20.216665267944336,
    "avg_time_to_goal": 0.0,
    "avg_min_obstacle_distance": 0.8831734657287598,
    "avg_min_clearance": 0.5331733822822571,
    "avg_control_effort": 0.6064682006835938,
    "avg_path_efficiency": 0.0,
    "avg_steps": 606.5,
    "best_episode_return": 11.64265251159668,
    "deterministic": 1.0,
    "seed_offset": 100000
  },
  "episodes": [
    {
      "episode_return": -31.12985904178474,
      "success": 0.0,
      "collision": 0.0,
      "min_obstacle_distance": 1.5562587976455688,
      "min_clearance": 1.2062587976455688,
      "path_length": 2.560807026327481,
      "start_to_goal_distance": 5.67656946182251,
      "steps": 620.0,
      "control_effort": 0.626961346595518,
      "episode_duration": 20.666666666666668,
      "time_to_goal": null
    },
    {
      "episode_return": -57.20495815405946,
      "success": 0.0,
      "collision": 0.0,
      "min_obstacle_distance": 0.40780290961265564,
      "min_clearance": 0.05780290961265566,
      "path_length": 3.3508409025485264,
      "start_to_goal_distance": 3.87174391746521,
      "steps": 620.0,
      "control_effort": 0.5984105246682321,
      "episode_duration": 20.666666666666668,
      "time_to_goal": null
    },
    {
      "episode_return": -4.119227167723025,
      "success": 0.0,
      "collision": 0.0,
      "min_obstacle_distance": 1.366626262664795,
      "min_clearance": 1.0166262626647948,
      "path_length": 3.3033939351696517,
      "start_to_goal_distance": 4.218926906585693,
      "steps": 620.0,
      "control_effort": 0.6180223373636122,
      "episode_duration": 20.666666666666668,
      "time_to_goal": null
    },
    {
      "episode_return": 2.29579317124508,
      "success": 0.0,
      "collision": 1.0,
      "min_obstacle_distance": 0.34837764501571655,
      "min_clearance": -0.001622354984283425,
      "path_length": 3.7700893985365838,
      "start_to_goal_distance": 3.8663716316223145,
      "steps": 539.0,
      "control_effort": 0.6046189360583204,
      "episode_duration": 17.966666666666665,
      "time_to_goal": null
    },
    {
      "episode_return": -22.476434607655897,
      "success": 0.0,
      "collision": 0.0,
      "min_obstacle_distance": 0.869836688041687,
      "min_clearance": 0.519836688041687,
      "path_length": 2.4425677430331234,
      "start_to_goal_distance": 4.319121837615967,
      "steps": 620.0,
      "control_effort": 0.5874287913883885,
      "episode_duration": 20.666666666666668,
      "time_to_goal": null
    },
    {
      "episode_return": 11.6426522935827,
      "success": 0.0,
      "collision": 0.0,
      "min_obstacle_distance": 0.7501384019851685,
      "min_clearance": 0.4001384019851685,
      "path_length": 4.483577122387942,
      "start_to_goal_distance": 5.195745468139648,
      "steps": 620.0,
      "control_effort": 0.603367398054369,
      "episode_duration": 20.666666666666668,
      "time_to_goal": null
    }
  ]
}