{
  "summary": {
    "train_episode": 300,
    "stage_index": 4,
    "stage_name": "bridge_crossing_commit",
    "stage_episode": 60,
    "stage_eval_index": 3,
    "stage_target_hit": 0.0,
    "stage_success_streak": 0,
    "stage_best_success_rate": 1.0,
    "stage_best_collision_rate": 0.0,
    "stage_best_avg_return": 95.1629409790039,
    "stage_bad_eval_streak": 0,
    "stage_regression_active": 1.0,
    "stage_regression_bad_eval": 0.0,
    "stage_regression_absolute_drop": 0.0,
    "stage_regression_relative_drop": 0.0,
    "stage_regression_detected": 0.0,
    "stage_rollback_applied": 0.0,
    "stage_plateau_recovery_applied": 0.0,
    "num_episodes": 6,
    "success_rate": 1.0,
    "collision_rate": 0.0,
    "avg_episode_return": 95.10579681396484,
    "avg_path_length": 1.870198130607605,
    "avg_episode_duration": 7.799999713897705,
    "avg_time_to_goal": 7.799999713897705,
    "avg_min_obstacle_distance": 2.161318778991699,
    "avg_min_clearance": 1.8113187551498413,
    "avg_control_effort": 0.7033353447914124,
    "avg_path_efficiency": 1.0,
    "avg_steps": 234.0,
    "best_episode_return": 96.66780853271484,
    "deterministic": 1.0,
    "seed_offset": 100000
  },
  "episodes": [
    {
      "episode_return": 96.6678107739091,
      "success": 1.0,
      "collision": 0.0,
      "min_obstacle_distance": 2.073415756225586,
      "min_clearance": 1.7234157562255858,
      "path_length": 2.07145121274516,
      "start_to_goal_distance": 2.8751626014709473,
      "steps": 252.0,
      "control_effort": 0.7038847186735698,
      "episode_duration": 8.4,
      "time_to_goal": 8.4
    },
    {
      "episode_return": 93.53721490412948,
      "success": 1.0,
      "collision": 0.0,
      "min_obstacle_distance": 1.7110313177108765,
      "min_clearance": 1.3610313177108764,
      "path_length": 1.617879628582159,
      "start_to_goal_distance": 2.494187355041504,
      "steps": 195.0,
      "control_effort": 0.70386303235323,
      "episode_duration": 6.5,
      "time_to_goal": 6.5
    },
    {
      "episode_return": 94.8199700681567,
      "success": 1.0,
      "collision": 0.0,
      "min_obstacle_distance": 2.1214206218719482,
      "min_clearance": 1.7714206218719482,
      "path_length": 1.8199479672475718,
      "start_to_goal_distance": 2.6756033897399902,
      "steps": 234.0,
      "control_effort": 0.7029923376364585,
      "episode_duration": 7.8,
      "time_to_goal": 7.8
    },
    {
      "episode_return": 93.06651836216449,
      "success": 1.0,
      "collision": 0.0,
      "min_obstacle_distance": 2.39768123626709,
      "min_clearance": 2.0476812362670898,
      "path_length": 1.6478648271295242,
      "start_to_goal_distance": 2.470832347869873,
      "steps": 210.0,
      "control_effort": 0.7039611822082883,
      "episode_duration": 7.0,
      "time_to_goal": 7.0
    },
    {
      "episode_return": 96.01199432229996,
      "success": 1.0,
      "collision": 0.0,
      "min_obstacle_distance": 1.5884932279586792,
      "min_clearance": 1.238493227958679,
      "path_length": 2.0122339057852514,
      "start_to_goal_distance": 2.8203952312469482,
      "steps": 257.0,
      "control_effort": 0.7023516341406084,
      "episode_duration": 8.566666666666666,
      "time_to_goal": 8.566666666666666
    },
    {
      "episode_return": 96.5312231977582,
      "success": 1.0,
      "collision": 0.0,
      "min_obstacle_distance": 3.0758705139160156,
      "min_clearance": 2.7258705139160155,
      "path_length": 2.051811170182191,
      "start_to_goal_distance": 2.864516258239746,
      "steps": 256.0,
      "control_effort": 0.7029592113103718,
      "episode_duration": 8.533333333333333,
      "time_to_goal": 8.533333333333333
    }
  ]
}