{
  "summary": {
    "train_episode": 1680,
    "stage_index": 7,
    "stage_name": "target_default_intro",
    "stage_episode": 920,
    "stage_eval_index": 62,
    "stage_target_hit": 0.0,
    "stage_success_streak": 0,
    "stage_best_success_rate": 0.5,
    "stage_best_collision_rate": 0.0,
    "stage_best_avg_return": 73.55451202392578,
    "stage_bad_eval_streak": 46,
    "stage_regression_active": 1.0,
    "stage_regression_bad_eval": 1.0,
    "stage_regression_absolute_drop": 0.5,
    "stage_regression_relative_drop": 1.0,
    "stage_regression_detected": 1.0,
    "stage_rollback_applied": 0.0,
    "stage_plateau_recovery_applied": 0.0,
    "num_episodes": 6,
    "success_rate": 0.0,
    "collision_rate": 0.1666666716337204,
    "avg_episode_return": -12.668670654296875,
    "avg_path_length": 3.802288055419922,
    "avg_episode_duration": 17.822221755981445,
    "avg_time_to_goal": 0.0,
    "avg_min_obstacle_distance": 0.7510387301445007,
    "avg_min_clearance": 0.4010387361049652,
    "avg_control_effort": 0.5451667904853821,
    "avg_path_efficiency": 0.0,
    "avg_steps": 534.6666870117188,
    "best_episode_return": 14.44361686706543,
    "deterministic": 1.0,
    "seed_offset": 100000
  },
  "episodes": [
    {
      "episode_return": -6.445145374256256,
      "success": 0.0,
      "collision": 0.0,
      "min_obstacle_distance": 0.6926620602607727,
      "min_clearance": 0.3426620602607727,
      "path_length": 4.308415514358785,
      "start_to_goal_distance": 5.67656946182251,
      "steps": 620.0,
      "control_effort": 0.558110675936745,
      "episode_duration": 20.666666666666668,
      "time_to_goal": null
    },
    {
      "episode_return": -1.392587431238546,
      "success": 0.0,
      "collision": 0.0,
      "min_obstacle_distance": 0.8772808909416199,
      "min_clearance": 0.5272808909416199,
      "path_length": 4.552265540813096,
      "start_to_goal_distance": 3.87174391746521,
      "steps": 620.0,
      "control_effort": 0.5302376617347041,
      "episode_duration": 20.666666666666668,
      "time_to_goal": null
    },
    {
      "episode_return": -15.781626338832268,
      "success": 0.0,
      "collision": 0.0,
      "min_obstacle_distance": 0.7430015802383423,
      "min_clearance": 0.3930015802383423,
      "path_length": 4.545085956458934,
      "start_to_goal_distance": 4.218926906585693,
      "steps": 620.0,
      "control_effort": 0.5643841337773108,
      "episode_duration": 20.666666666666668,
      "time_to_goal": null
    },
    {
      "episode_return": 14.44361722307002,
      "success": 0.0,
      "collision": 0.0,
      "min_obstacle_distance": 1.2564990520477295,
      "min_clearance": 0.9064990520477295,
      "path_length": 4.368450465728529,
      "start_to_goal_distance": 3.8663716316223145,
      "steps": 620.0,
      "control_effort": 0.5552152512054289,
      "episode_duration": 20.666666666666668,
      "time_to_goal": null
    },
    {
      "episode_return": -36.86991973098293,
      "success": 0.0,
      "collision": 1.0,
      "min_obstacle_distance": 0.3469880223274231,
      "min_clearance": -0.003011977672576882,
      "path_length": 0.6896449709893204,
      "start_to_goal_distance": 4.319121837615967,
      "steps": 108.0,
      "control_effort": 0.5316238607521411,
      "episode_duration": 3.6,
      "time_to_goal": null
    },
    {
      "episode_return": -29.966357644758034,
      "success": 0.0,
      "collision": 0.0,
      "min_obstacle_distance": 0.5898005962371826,
      "min_clearance": 0.23980059623718264,
      "path_length": 4.34986609936459,
      "start_to_goal_distance": 5.195745468139648,
      "steps": 620.0,
      "control_effort": 0.5314292452508403,
      "episode_duration": 20.666666666666668,
      "time_to_goal": null
    }
  ]
}