{
  "summary": {
    "train_episode": 880,
    "stage_index": 7,
    "stage_name": "target_default_intro",
    "stage_episode": 120,
    "stage_eval_index": 22,
    "stage_target_hit": 0.0,
    "stage_success_streak": 0,
    "stage_best_success_rate": 0.5,
    "stage_best_collision_rate": 0.0,
    "stage_best_avg_return": 73.55451202392578,
    "stage_bad_eval_streak": 6,
    "stage_regression_active": 1.0,
    "stage_regression_bad_eval": 1.0,
    "stage_regression_absolute_drop": 0.5,
    "stage_regression_relative_drop": 1.0,
    "stage_regression_detected": 1.0,
    "stage_rollback_applied": 0.0,
    "stage_plateau_recovery_applied": 0.0,
    "num_episodes": 6,
    "success_rate": 0.0,
    "collision_rate": 0.1666666716337204,
    "avg_episode_return": -18.85776138305664,
    "avg_path_length": 4.125912189483643,
    "avg_episode_duration": 18.999998092651367,
    "avg_time_to_goal": 0.0,
    "avg_min_obstacle_distance": 0.745898962020874,
    "avg_min_clearance": 0.3958989083766937,
    "avg_control_effort": 0.6450591683387756,
    "avg_path_efficiency": 0.0,
    "avg_steps": 570.0,
    "best_episode_return": 6.465376377105713,
    "deterministic": 1.0,
    "seed_offset": 100000
  },
  "episodes": [
    {
      "episode_return": -47.407029068843414,
      "success": 0.0,
      "collision": 0.0,
      "min_obstacle_distance": 1.2086442708969116,
      "min_clearance": 0.8586442708969116,
      "path_length": 4.514053996208531,
      "start_to_goal_distance": 5.67656946182251,
      "steps": 620.0,
      "control_effort": 0.646399202173756,
      "episode_duration": 20.666666666666668,
      "time_to_goal": null
    },
    {
      "episode_return": -36.19632525350096,
      "success": 0.0,
      "collision": 0.0,
      "min_obstacle_distance": 0.4249822199344635,
      "min_clearance": 0.07498221993446352,
      "path_length": 4.376994161109906,
      "start_to_goal_distance": 3.87174391746521,
      "steps": 620.0,
      "control_effort": 0.634435849228213,
      "episode_duration": 20.666666666666668,
      "time_to_goal": null
    },
    {
      "episode_return": -6.82353189333541,
      "success": 0.0,
      "collision": 0.0,
      "min_obstacle_distance": 0.7958807349205017,
      "min_clearance": 0.44588073492050173,
      "path_length": 4.511034453025786,
      "start_to_goal_distance": 4.218926906585693,
      "steps": 620.0,
      "control_effort": 0.6434433647701817,
      "episode_duration": 20.666666666666668,
      "time_to_goal": null
    },
    {
      "episode_return": 6.4653762421524235,
      "success": 0.0,
      "collision": 0.0,
      "min_obstacle_distance": 0.9683424234390259,
      "min_clearance": 0.6183424234390259,
      "path_length": 4.515613588067936,
      "start_to_goal_distance": 3.8663716316223145,
      "steps": 620.0,
      "control_effort": 0.6420387267105041,
      "episode_duration": 20.666666666666668,
      "time_to_goal": null
    },
    {
      "episode_return": -7.303010001881301,
      "success": 0.0,
      "collision": 0.0,
      "min_obstacle_distance": 0.7311976552009583,
      "min_clearance": 0.3811976552009583,
      "path_length": 4.576821665308671,
      "start_to_goal_distance": 4.319121837615967,
      "steps": 620.0,
      "control_effort": 0.6507392646804933,
      "episode_duration": 20.666666666666668,
      "time_to_goal": null
    },
    {
      "episode_return": -21.882057718200812,
      "success": 0.0,
      "collision": 1.0,
      "min_obstacle_distance": 0.3463461697101593,
      "min_clearance": -0.003653830289840676,
      "path_length": 2.2609531743219122,
      "start_to_goal_distance": 5.195745468139648,
      "steps": 320.0,
      "control_effort": 0.653298857435584,
      "episode_duration": 10.666666666666666,
      "time_to_goal": null
    }
  ]
}