{
  "summary": {
    "train_episode": 2160,
    "stage_index": 7,
    "stage_name": "target_default_intro",
    "stage_episode": 1400,
    "stage_eval_index": 86,
    "stage_target_hit": 0.0,
    "stage_success_streak": 0,
    "stage_best_success_rate": 0.5,
    "stage_best_collision_rate": 0.0,
    "stage_best_avg_return": 73.55451202392578,
    "stage_bad_eval_streak": 70,
    "stage_regression_active": 1.0,
    "stage_regression_bad_eval": 1.0,
    "stage_regression_absolute_drop": 0.5,
    "stage_regression_relative_drop": 1.0,
    "stage_regression_detected": 1.0,
    "stage_rollback_applied": 0.0,
    "stage_plateau_recovery_applied": 0.0,
    "num_episodes": 6,
    "success_rate": 0.0,
    "collision_rate": 0.1666666716337204,
    "avg_episode_return": -35.13701248168945,
    "avg_path_length": 4.195415496826172,
    "avg_episode_duration": 19.48333168029785,
    "avg_time_to_goal": 0.0,
    "avg_min_obstacle_distance": 0.6612593531608582,
    "avg_min_clearance": 0.31125929951667786,
    "avg_control_effort": 0.5374173521995544,
    "avg_path_efficiency": 0.0,
    "avg_steps": 584.5,
    "best_episode_return": -10.441625595092773,
    "deterministic": 1.0,
    "seed_offset": 100000
  },
  "episodes": [
    {
      "episode_return": -25.375852115177956,
      "success": 0.0,
      "collision": 1.0,
      "min_obstacle_distance": 0.3472787141799927,
      "min_clearance": -0.002721285820007302,
      "path_length": 2.775106680521276,
      "start_to_goal_distance": 5.67656946182251,
      "steps": 407.0,
      "control_effort": 0.5554129427129572,
      "episode_duration": 13.566666666666666,
      "time_to_goal": null
    },
    {
      "episode_return": -28.750251402698353,
      "success": 0.0,
      "collision": 0.0,
      "min_obstacle_distance": 0.676693320274353,
      "min_clearance": 0.32669332027435305,
      "path_length": 4.49874279613141,
      "start_to_goal_distance": 3.87174391746521,
      "steps": 620.0,
      "control_effort": 0.5165690550881047,
      "episode_duration": 20.666666666666668,
      "time_to_goal": null
    },
    {
      "episode_return": -36.78845556156191,
      "success": 0.0,
      "collision": 0.0,
      "min_obstacle_distance": 0.7426589727401733,
      "min_clearance": 0.39265897274017336,
      "path_length": 4.409230778110214,
      "start_to_goal_distance": 4.218926906585693,
      "steps": 620.0,
      "control_effort": 0.547722601361813,
      "episode_duration": 20.666666666666668,
      "time_to_goal": null
    },
    {
      "episode_return": -16.786327074243776,
      "success": 0.0,
      "collision": 0.0,
      "min_obstacle_distance": 1.0504825115203857,
      "min_clearance": 0.7004825115203858,
      "path_length": 4.414099378045648,
      "start_to_goal_distance": 3.8663716316223145,
      "steps": 620.0,
      "control_effort": 0.5455375406049913,
      "episode_duration": 20.666666666666668,
      "time_to_goal": null
    },
    {
      "episode_return": -92.67957177644773,
      "success": 0.0,
      "collision": 0.0,
      "min_obstacle_distance": 0.44007956981658936,
      "min_clearance": 0.09007956981658938,
      "path_length": 4.685434390907176,
      "start_to_goal_distance": 4.319121837615967,
      "steps": 620.0,
      "control_effort": 0.5436465983429263,
      "episode_duration": 20.666666666666668,
      "time_to_goal": null
    },
    {
      "episode_return": -10.441625777984434,
      "success": 0.0,
      "collision": 0.0,
      "min_obstacle_distance": 0.7103627920150757,
      "min_clearance": 0.3603627920150757,
      "path_length": 4.389878899033647,
      "start_to_goal_distance": 5.195745468139648,
      "steps": 620.0,
      "control_effort": 0.51561545152818,
      "episode_duration": 20.666666666666668,
      "time_to_goal": null
    }
  ]
}