{
  "episode_return": -1.6111995859131483,
  "success": 0.0,
  "collision": 0.0,
  "min_obstacle_distance": 0.5136591196060181,
  "min_clearance": 0.1636591196060181,
  "path_length": 4.343472068256233,
  "start_to_goal_distance": 5.195745468139648,
  "steps": 620.0,
  "control_effort": 0.47355873498224443,
  "episode_duration": 20.666666666666668,
  "time_to_goal": null
}