{
  "summary": {
    "train_episode": 740,
    "stage_index": 7,
    "stage_name": "target_default_intro",
    "stage_episode": 80,
    "stage_eval_index": 15,
    "stage_target_hit": 0.0,
    "stage_success_streak": 0,
    "stage_best_success_rate": 0.5,
    "stage_best_collision_rate": 0.0,
    "stage_best_avg_return": 73.55451202392578,
    "stage_bad_eval_streak": 3,
    "stage_regression_active": 1.0,
    "stage_regression_bad_eval": 1.0,
    "stage_regression_absolute_drop": 0.5,
    "stage_regression_relative_drop": 1.0,
    "stage_regression_detected": 1.0,
    "stage_rollback_applied": 0.0,
    "stage_plateau_recovery_applied": 0.0,
    "num_episodes": 6,
    "success_rate": 0.0,
    "collision_rate": 0.0,
    "avg_episode_return": -28.833511352539062,
    "avg_path_length": 4.5315070152282715,
    "avg_episode_duration": 20.66666603088379,
    "avg_time_to_goal": 0.0,
    "avg_min_obstacle_distance": 0.7981293201446533,
    "avg_min_clearance": 0.4481293261051178,
    "avg_control_effort": 0.6538586020469666,
    "avg_path_efficiency": 0.0,
    "avg_steps": 620.0,
    "best_episode_return": 13.123231887817383,
    "deterministic": 1.0,
    "seed_offset": 100000
  },
  "episodes": [
    {
      "episode_return": -47.64023703322133,
      "success": 0.0,
      "collision": 0.0,
      "min_obstacle_distance": 1.2361547946929932,
      "min_clearance": 0.8861547946929932,
      "path_length": 4.649946304649347,
      "start_to_goal_distance": 5.67656946182251,
      "steps": 620.0,
      "control_effort": 0.6606211633451523,
      "episode_duration": 20.666666666666668,
      "time_to_goal": null
    },
    {
      "episode_return": -100.6457750232045,
      "success": 0.0,
      "collision": 0.0,
      "min_obstacle_distance": 0.3657969534397125,
      "min_clearance": 0.015796953439712547,
      "path_length": 4.468729681844707,
      "start_to_goal_distance": 3.87174391746521,
      "steps": 620.0,
      "control_effort": 0.6469594860269178,
      "episode_duration": 20.666666666666668,
      "time_to_goal": null
    },
    {
      "episode_return": -1.9923580558803096,
      "success": 0.0,
      "collision": 0.0,
      "min_obstacle_distance": 1.1026411056518555,
      "min_clearance": 0.7526411056518555,
      "path_length": 4.41999445429974,
      "start_to_goal_distance": 4.218926906585693,
      "steps": 620.0,
      "control_effort": 0.6555748382883687,
      "episode_duration": 20.666666666666668,
      "time_to_goal": null
    },
    {
      "episode_return": 13.123231596631015,
      "success": 0.0,
      "collision": 0.0,
      "min_obstacle_distance": 0.8810787796974182,
      "min_clearance": 0.5310787796974182,
      "path_length": 4.504228173085721,
      "start_to_goal_distance": 3.8663716316223145,
      "steps": 620.0,
      "control_effort": 0.6514974856568921,
      "episode_duration": 20.666666666666668,
      "time_to_goal": null
    },
    {
      "episode_return": -3.245338369125932,
      "success": 0.0,
      "collision": 0.0,
      "min_obstacle_distance": 0.835545539855957,
      "min_clearance": 0.48554553985595705,
      "path_length": 4.646016516730015,
      "start_to_goal_distance": 4.319121837615967,
      "steps": 620.0,
      "control_effort": 0.6615840179304923,
      "episode_duration": 20.666666666666668,
      "time_to_goal": null
    },
    {
      "episode_return": -32.60058837020378,
      "success": 0.0,
      "collision": 0.0,
      "min_obstacle_distance": 0.3675588071346283,
      "min_clearance": 0.017558807134628318,
      "path_length": 4.500127607097966,
      "start_to_goal_distance": 5.195745468139648,
      "steps": 620.0,
      "control_effort": 0.6469147487994164,
      "episode_duration": 20.666666666666668,
      "time_to_goal": null
    }
  ]
}