{
  "episode_return": -5.04908456255837,
  "success": 0.0,
  "collision": 0.0,
  "min_obstacle_distance": 0.7730542421340942,
  "min_clearance": 0.42305424213409426,
  "path_length": 4.559567795076873,
  "start_to_goal_distance": 4.319121837615967,
  "steps": 620.0,
  "control_effort": 0.652310959466042,
  "episode_duration": 20.666666666666668,
  "time_to_goal": null
}