{
  "episode_return": -22.780605073735945,
  "success": 0.0,
  "collision": 0.0,
  "min_obstacle_distance": 0.7884916663169861,
  "min_clearance": 0.4384916663169861,
  "path_length": 4.2468301221961156,
  "start_to_goal_distance": 5.195745468139648,
  "steps": 620.0,
  "control_effort": 0.4905036460968756,
  "episode_duration": 20.666666666666668,
  "time_to_goal": null
}