{
  "episode_return": -16.63144440612812,
  "success": 0.0,
  "collision": 0.0,
  "min_obstacle_distance": 0.8021504878997803,
  "min_clearance": 0.4521504878997803,
  "path_length": 4.525987426342908,
  "start_to_goal_distance": 3.8663716316223145,
  "steps": 620.0,
  "control_effort": 0.5387468853304463,
  "episode_duration": 20.666666666666668,
  "time_to_goal": null
}