{
  "episode_return": -8.970914559419732,
  "success": 0.0,
  "collision": 1.0,
  "min_obstacle_distance": 0.34347212314605713,
  "min_clearance": -0.006527876853942849,
  "path_length": 2.5311393918236718,
  "start_to_goal_distance": 5.67656946182251,
  "steps": 365.0,
  "control_effort": 0.5729317096814718,
  "episode_duration": 12.166666666666666,
  "time_to_goal": null
}