{
  "episode_return": 9.317277691702344,
  "success": 0.0,
  "collision": 0.0,
  "min_obstacle_distance": 0.6845449805259705,
  "min_clearance": 0.3345449805259705,
  "path_length": 4.263508253148757,
  "start_to_goal_distance": 5.195745468139648,
  "steps": 620.0,
  "control_effort": 0.4995480012509131,
  "episode_duration": 20.666666666666668,
  "time_to_goal": null
}