{
  "episode_return": -9.144073820755224,
  "success": 0.0,
  "collision": 0.0,
  "min_obstacle_distance": 1.2380752563476562,
  "min_clearance": 0.8880752563476563,
  "path_length": 3.4936682002573356,
  "start_to_goal_distance": 4.218926906585693,
  "steps": 620.0,
  "control_effort": 0.5911440577237836,
  "episode_duration": 20.666666666666668,
  "time_to_goal": null
}