{
  "summary": {
    "train_episode": 200,
    "stage_index": 3,
    "stage_name": "bridge_crossing_easy",
    "stage_episode": 40,
    "stage_eval_index": 2,
    "stage_target_hit": 0.0,
    "stage_success_streak": 0,
    "stage_best_success_rate": 1.0,
    "stage_best_collision_rate": 0.0,
    "stage_best_avg_return": 98.8727798461914,
    "stage_bad_eval_streak": 0,
    "stage_regression_active": 1.0,
    "stage_regression_bad_eval": 0.0,
    "stage_regression_absolute_drop": 0.0,
    "stage_regression_relative_drop": 0.0,
    "stage_regression_detected": 0.0,
    "stage_rollback_applied": 0.0,
    "stage_plateau_recovery_applied": 0.0,
    "num_episodes": 6,
    "success_rate": 1.0,
    "collision_rate": 0.0,
    "avg_episode_return": 98.8727798461914,
    "avg_path_length": 1.3604745864868164,
    "avg_episode_duration": 5.772222518920898,
    "avg_time_to_goal": 5.772222518920898,
    "avg_min_obstacle_distance": 2.400709390640259,
    "avg_min_clearance": 2.0507090091705322,
    "avg_control_effort": 0.6963537335395813,
    "avg_path_efficiency": 1.0,
    "avg_steps": 173.1666717529297,
    "best_episode_return": 100.49186706542969,
    "deterministic": 1.0,
    "seed_offset": 100000
  },
  "episodes": [
    {
      "episode_return": 100.4918691034913,
      "success": 1.0,
      "collision": 0.0,
      "min_obstacle_distance": 2.4311063289642334,
      "min_clearance": 2.0811063289642333,
      "path_length": 1.531641425597627,
      "start_to_goal_distance": 2.486285924911499,
      "steps": 197.0,
      "control_effort": 0.6963538479078845,
      "episode_duration": 6.566666666666666,
      "time_to_goal": 6.566666666666666
    },
    {
      "episode_return": 96.85666721755271,
      "success": 1.0,
      "collision": 0.0,
      "min_obstacle_distance": 2.2947092056274414,
      "min_clearance": 1.9447092056274413,
      "path_length": 1.1301470121979946,
      "start_to_goal_distance": 2.09385085105896,
      "steps": 136.0,
      "control_effort": 0.6963538698413793,
      "episode_duration": 4.533333333333333,
      "time_to_goal": 4.533333333333333
    },
    {
      "episode_return": 98.69084600764513,
      "success": 1.0,
      "collision": 0.0,
      "min_obstacle_distance": 1.9813249111175537,
      "min_clearance": 1.6313249111175536,
      "path_length": 1.3462229686047067,
      "start_to_goal_distance": 2.2981417179107666,
      "steps": 172.0,
      "control_effort": 0.6963536236868348,
      "episode_duration": 5.733333333333333,
      "time_to_goal": 5.733333333333333
    },
    {
      "episode_return": 96.45689667618278,
      "success": 1.0,
      "collision": 0.0,
      "min_obstacle_distance": 2.4090611934661865,
      "min_clearance": 2.0590611934661864,
      "path_length": 1.1228973402357951,
      "start_to_goal_distance": 2.0744709968566895,
      "steps": 149.0,
      "control_effort": 0.6963537643419816,
      "episode_duration": 4.966666666666667,
      "time_to_goal": 4.966666666666667
    },
    {
      "episode_return": 100.31082350063328,
      "success": 1.0,
      "collision": 0.0,
      "min_obstacle_distance": 2.234095335006714,
      "min_clearance": 1.8840953350067138,
      "path_length": 1.5112799382513913,
      "start_to_goal_distance": 2.4597620964050293,
      "steps": 192.0,
      "control_effort": 0.6963536640008291,
      "episode_duration": 6.4,
      "time_to_goal": 6.4
    },
    {
      "episode_return": 100.42959568691252,
      "success": 1.0,
      "collision": 0.0,
      "min_obstacle_distance": 3.053957939147949,
      "min_clearance": 2.703957939147949,
      "path_length": 1.5206587345637672,
      "start_to_goal_distance": 2.476344585418701,
      "steps": 193.0,
      "control_effort": 0.6963539185301627,
      "episode_duration": 6.433333333333334,
      "time_to_goal": 6.433333333333334
    }
  ]
}