{
  "summary": {
    "train_episode": 2080,
    "stage_index": 7,
    "stage_name": "target_default_intro",
    "stage_episode": 1320,
    "stage_eval_index": 82,
    "stage_target_hit": 0.0,
    "stage_success_streak": 0,
    "stage_best_success_rate": 0.5,
    "stage_best_collision_rate": 0.0,
    "stage_best_avg_return": 73.55451202392578,
    "stage_bad_eval_streak": 66,
    "stage_regression_active": 1.0,
    "stage_regression_bad_eval": 1.0,
    "stage_regression_absolute_drop": 0.5,
    "stage_regression_relative_drop": 1.0,
    "stage_regression_detected": 1.0,
    "stage_rollback_applied": 0.0,
    "stage_plateau_recovery_applied": 0.0,
    "num_episodes": 6,
    "success_rate": 0.0,
    "collision_rate": 0.1666666716337204,
    "avg_episode_return": -25.328454971313477,
    "avg_path_length": 4.196691513061523,
    "avg_episode_duration": 19.77777671813965,
    "avg_time_to_goal": 0.0,
    "avg_min_obstacle_distance": 0.7918739914894104,
    "avg_min_clearance": 0.4418739974498749,
    "avg_control_effort": 0.5368217825889587,
    "avg_path_efficiency": 0.0,
    "avg_steps": 593.3333129882812,
    "best_episode_return": -0.084576316177845,
    "deterministic": 1.0,
    "seed_offset": 100000
  },
  "episodes": [
    {
      "episode_return": -26.751637437857894,
      "success": 0.0,
      "collision": 1.0,
      "min_obstacle_distance": 0.34762057662010193,
      "min_clearance": -0.002379423379898049,
      "path_length": 3.1540559954592027,
      "start_to_goal_distance": 5.67656946182251,
      "steps": 460.0,
      "control_effort": 0.5521682140619858,
      "episode_duration": 15.333333333333334,
      "time_to_goal": null
    },
    {
      "episode_return": -7.566557047383384,
      "success": 0.0,
      "collision": 0.0,
      "min_obstacle_distance": 0.9638636708259583,
      "min_clearance": 0.6138636708259583,
      "path_length": 4.495208956475835,
      "start_to_goal_distance": 3.87174391746521,
      "steps": 620.0,
      "control_effort": 0.5197413622852295,
      "episode_duration": 20.666666666666668,
      "time_to_goal": null
    },
    {
      "episode_return": -9.016727225925372,
      "success": 0.0,
      "collision": 0.0,
      "min_obstacle_distance": 1.0041656494140625,
      "min_clearance": 0.6541656494140625,
      "path_length": 4.316347191459499,
      "start_to_goal_distance": 4.218926906585693,
      "steps": 620.0,
      "control_effort": 0.5534384309284148,
      "episode_duration": 20.666666666666668,
      "time_to_goal": null
    },
    {
      "episode_return": -0.08457631734780335,
      "success": 0.0,
      "collision": 0.0,
      "min_obstacle_distance": 1.3106837272644043,
      "min_clearance": 0.9606837272644043,
      "path_length": 4.429622753057629,
      "start_to_goal_distance": 3.8663716316223145,
      "steps": 620.0,
      "control_effort": 0.5400985605293704,
      "episode_duration": 20.666666666666668,
      "time_to_goal": null
    },
    {
      "episode_return": -79.16136187187081,
      "success": 0.0,
      "collision": 0.0,
      "min_obstacle_distance": 0.39451107382774353,
      "min_clearance": 0.04451107382774355,
      "path_length": 4.488878180971369,
      "start_to_goal_distance": 4.319121837615967,
      "steps": 620.0,
      "control_effort": 0.5387900830757233,
      "episode_duration": 20.666666666666668,
      "time_to_goal": null
    },
    {
      "episode_return": -29.38987606753134,
      "success": 0.0,
      "collision": 0.0,
      "min_obstacle_distance": 0.7303991317749023,
      "min_clearance": 0.38039913177490237,
      "path_length": 4.296035465260502,
      "start_to_goal_distance": 5.195745468139648,
      "steps": 620.0,
      "control_effort": 0.5166941139005845,
      "episode_duration": 20.666666666666668,
      "time_to_goal": null
    }
  ]
}