{
  "summary": {
    "train_episode": 1280,
    "stage_index": 7,
    "stage_name": "target_default_intro",
    "stage_episode": 520,
    "stage_eval_index": 42,
    "stage_target_hit": 0.0,
    "stage_success_streak": 0,
    "stage_best_success_rate": 0.5,
    "stage_best_collision_rate": 0.0,
    "stage_best_avg_return": 73.55451202392578,
    "stage_bad_eval_streak": 26,
    "stage_regression_active": 1.0,
    "stage_regression_bad_eval": 1.0,
    "stage_regression_absolute_drop": 0.5,
    "stage_regression_relative_drop": 1.0,
    "stage_regression_detected": 1.0,
    "stage_rollback_applied": 0.0,
    "stage_plateau_recovery_applied": 0.0,
    "num_episodes": 6,
    "success_rate": 0.0,
    "collision_rate": 0.0,
    "avg_episode_return": -25.41319465637207,
    "avg_path_length": 3.563277006149292,
    "avg_episode_duration": 20.66666603088379,
    "avg_time_to_goal": 0.0,
    "avg_min_obstacle_distance": 0.8360812067985535,
    "avg_min_clearance": 0.48608121275901794,
    "avg_control_effort": 0.5737901329994202,
    "avg_path_efficiency": 0.0,
    "avg_steps": 620.0,
    "best_episode_return": 31.056556701660156,
    "deterministic": 1.0,
    "seed_offset": 100000
  },
  "episodes": [
    {
      "episode_return": -24.780222233211813,
      "success": 0.0,
      "collision": 0.0,
      "min_obstacle_distance": 1.348514437675476,
      "min_clearance": 0.9985144376754761,
      "path_length": 2.8690509296672815,
      "start_to_goal_distance": 5.67656946182251,
      "steps": 620.0,
      "control_effort": 0.5771280848210858,
      "episode_duration": 20.666666666666668,
      "time_to_goal": null
    },
    {
      "episode_return": -98.38099734980167,
      "success": 0.0,
      "collision": 0.0,
      "min_obstacle_distance": 0.40595731139183044,
      "min_clearance": 0.05595731139183047,
      "path_length": 3.5058185383767793,
      "start_to_goal_distance": 3.87174391746521,
      "steps": 620.0,
      "control_effort": 0.566066879514725,
      "episode_duration": 20.666666666666668,
      "time_to_goal": null
    },
    {
      "episode_return": -13.746898986259097,
      "success": 0.0,
      "collision": 0.0,
      "min_obstacle_distance": 1.2036528587341309,
      "min_clearance": 0.8536528587341309,
      "path_length": 3.7480715990282754,
      "start_to_goal_distance": 4.218926906585693,
      "steps": 620.0,
      "control_effort": 0.5882468722520336,
      "episode_duration": 20.666666666666668,
      "time_to_goal": null
    },
    {
      "episode_return": 31.056557178153696,
      "success": 0.0,
      "collision": 0.0,
      "min_obstacle_distance": 0.7606821060180664,
      "min_clearance": 0.41068210601806643,
      "path_length": 4.405675291112857,
      "start_to_goal_distance": 3.8663716316223145,
      "steps": 620.0,
      "control_effort": 0.5815855928005711,
      "episode_duration": 20.666666666666668,
      "time_to_goal": null
    },
    {
      "episode_return": -24.407090942298773,
      "success": 0.0,
      "collision": 0.0,
      "min_obstacle_distance": 0.7629477977752686,
      "min_clearance": 0.4129477977752686,
      "path_length": 2.4756062569362953,
      "start_to_goal_distance": 4.319121837615967,
      "steps": 620.0,
      "control_effort": 0.5637976215731713,
      "episode_duration": 20.666666666666668,
      "time_to_goal": null
    },
    {
      "episode_return": -22.220516522976336,
      "success": 0.0,
      "collision": 0.0,
      "min_obstacle_distance": 0.5347326993942261,
      "min_clearance": 0.1847326993942261,
      "path_length": 4.375437580107246,
      "start_to_goal_distance": 5.195745468139648,
      "steps": 620.0,
      "control_effort": 0.5659161287930704,
      "episode_duration": 20.666666666666668,
      "time_to_goal": null
    }
  ]
}