{
  "summary": {
    "train_episode": 2620,
    "stage_index": 7,
    "stage_name": "target_default_intro",
    "stage_episode": 1860,
    "stage_eval_index": 109,
    "stage_target_hit": 0.0,
    "stage_success_streak": 0,
    "stage_best_success_rate": 0.5,
    "stage_best_collision_rate": 0.0,
    "stage_best_avg_return": 73.55451202392578,
    "stage_bad_eval_streak": 93,
    "stage_regression_active": 1.0,
    "stage_regression_bad_eval": 1.0,
    "stage_regression_absolute_drop": 0.5,
    "stage_regression_relative_drop": 1.0,
    "stage_regression_detected": 1.0,
    "stage_rollback_applied": 0.0,
    "stage_plateau_recovery_applied": 0.0,
    "num_episodes": 6,
    "success_rate": 0.0,
    "collision_rate": 0.0,
    "avg_episode_return": -71.57642364501953,
    "avg_path_length": 4.236870765686035,
    "avg_episode_duration": 20.66666603088379,
    "avg_time_to_goal": 0.0,
    "avg_min_obstacle_distance": 0.988513171672821,
    "avg_min_clearance": 0.6385131478309631,
    "avg_control_effort": 0.4907258450984955,
    "avg_path_efficiency": 0.0,
    "avg_steps": 620.0,
    "best_episode_return": -6.651607990264893,
    "deterministic": 1.0,
    "seed_offset": 100000
  },
  "episodes": [
    {
      "episode_return": -77.50507979019356,
      "success": 0.0,
      "collision": 0.0,
      "min_obstacle_distance": 1.5743930339813232,
      "min_clearance": 1.2243930339813232,
      "path_length": 3.5517251629716498,
      "start_to_goal_distance": 5.67656946182251,
      "steps": 620.0,
      "control_effort": 0.4819895583295053,
      "episode_duration": 20.666666666666668,
      "time_to_goal": null
    },
    {
      "episode_return": -76.0148763716648,
      "success": 0.0,
      "collision": 0.0,
      "min_obstacle_distance": 0.8940113186836243,
      "min_clearance": 0.5440113186836243,
      "path_length": 4.396130001172423,
      "start_to_goal_distance": 3.87174391746521,
      "steps": 620.0,
      "control_effort": 0.4671325974406735,
      "episode_duration": 20.666666666666668,
      "time_to_goal": null
    },
    {
      "episode_return": -80.90674613631072,
      "success": 0.0,
      "collision": 0.0,
      "min_obstacle_distance": 1.0898001194000244,
      "min_clearance": 0.7398001194000244,
      "path_length": 4.378004716010764,
      "start_to_goal_distance": 4.218926906585693,
      "steps": 620.0,
      "control_effort": 0.49368117941964057,
      "episode_duration": 20.666666666666668,
      "time_to_goal": null
    },
    {
      "episode_return": -53.00447754141774,
      "success": 0.0,
      "collision": 0.0,
      "min_obstacle_distance": 1.3170961141586304,
      "min_clearance": 0.9670961141586304,
      "path_length": 4.349485727143474,
      "start_to_goal_distance": 3.8663716316223145,
      "steps": 620.0,
      "control_effort": 0.5136819301113006,
      "episode_duration": 20.666666666666668,
      "time_to_goal": null
    },
    {
      "episode_return": -135.3757799005619,
      "success": 0.0,
      "collision": 0.0,
      "min_obstacle_distance": 0.4087909758090973,
      "min_clearance": 0.05879097580909731,
      "path_length": 4.422067173873074,
      "start_to_goal_distance": 4.319121837615967,
      "steps": 620.0,
      "control_effort": 0.4946533759755473,
      "episode_duration": 20.666666666666668,
      "time_to_goal": null
    },
    {
      "episode_return": -6.651608143504163,
      "success": 0.0,
      "collision": 0.0,
      "min_obstacle_distance": 0.6469873785972595,
      "min_clearance": 0.29698737859725954,
      "path_length": 4.32381218962837,
      "start_to_goal_distance": 5.195745468139648,
      "steps": 620.0,
      "control_effort": 0.4932162563166311,
      "episode_duration": 20.666666666666668,
      "time_to_goal": null
    }
  ]
}