{
  "summary": {
    "train_episode": 380,
    "stage_index": 5,
    "stage_name": "medium_crossing_intro",
    "stage_episode": 40,
    "stage_eval_index": 2,
    "stage_target_hit": 1.0,
    "stage_success_streak": 1,
    "stage_best_success_rate": 1.0,
    "stage_best_collision_rate": 0.0,
    "stage_best_avg_return": 140.1247100830078,
    "stage_bad_eval_streak": 0,
    "stage_regression_active": 1.0,
    "stage_regression_bad_eval": 0.0,
    "stage_regression_absolute_drop": 0.0,
    "stage_regression_relative_drop": 0.0,
    "stage_regression_detected": 0.0,
    "stage_rollback_applied": 0.0,
    "stage_plateau_recovery_applied": 0.0,
    "num_episodes": 6,
    "success_rate": 1.0,
    "collision_rate": 0.0,
    "avg_episode_return": 140.1247100830078,
    "avg_path_length": 2.1065542697906494,
    "avg_episode_duration": 8.527777671813965,
    "avg_time_to_goal": 8.527777671813965,
    "avg_min_obstacle_distance": 1.9916834831237793,
    "avg_min_clearance": 1.6416834592819214,
    "avg_control_effort": 0.7064066529273987,
    "avg_path_efficiency": 1.0,
    "avg_steps": 255.8333282470703,
    "best_episode_return": 142.09815979003906,
    "deterministic": 1.0,
    "seed_offset": 100000
  },
  "episodes": [
    {
      "episode_return": 141.98179557017366,
      "success": 1.0,
      "collision": 0.0,
      "min_obstacle_distance": 1.9673793315887451,
      "min_clearance": 1.617379331588745,
      "path_length": 2.357586003578035,
      "start_to_goal_distance": 3.119013786315918,
      "steps": 289.0,
      "control_effort": 0.7064061614468848,
      "episode_duration": 9.633333333333333,
      "time_to_goal": 9.633333333333333
    },
    {
      "episode_return": 137.78383663386833,
      "success": 1.0,
      "collision": 0.0,
      "min_obstacle_distance": 0.9711956977844238,
      "min_clearance": 0.6211956977844239,
      "path_length": 1.8432946008106228,
      "start_to_goal_distance": 2.734668493270874,
      "steps": 226.0,
      "control_effort": 0.7063145692897054,
      "episode_duration": 7.533333333333333,
      "time_to_goal": 7.533333333333333
    },
    {
      "episode_return": 139.98218818242913,
      "success": 1.0,
      "collision": 0.0,
      "min_obstacle_distance": 2.0888760089874268,
      "min_clearance": 1.7388760089874267,
      "path_length": 2.078971045848448,
      "start_to_goal_distance": 2.9164505004882812,
      "steps": 245.0,
      "control_effort": 0.7064729622432164,
      "episode_duration": 8.166666666666666,
      "time_to_goal": 8.166666666666666
    },
    {
      "episode_return": 137.34402550810069,
      "success": 1.0,
      "collision": 0.0,
      "min_obstacle_distance": 1.8546704053878784,
      "min_clearance": 1.5046704053878783,
      "path_length": 1.893038560054265,
      "start_to_goal_distance": 2.713747501373291,
      "steps": 233.0,
      "control_effort": 0.7064438367606233,
      "episode_duration": 7.766666666666667,
      "time_to_goal": 7.766666666666667
    },
    {
      "episode_return": 141.55834384970032,
      "success": 1.0,
      "collision": 0.0,
      "min_obstacle_distance": 2.044058084487915,
      "min_clearance": 1.694058084487915,
      "path_length": 2.221407245408045,
      "start_to_goal_distance": 3.0606095790863037,
      "steps": 271.0,
      "control_effort": 0.706432524422438,
      "episode_duration": 9.033333333333333,
      "time_to_goal": 9.033333333333333
    },
    {
      "episode_return": 142.09816654306164,
      "success": 1.0,
      "collision": 0.0,
      "min_obstacle_distance": 3.023921251296997,
      "min_clearance": 2.673921251296997,
      "path_length": 2.2450281148630893,
      "start_to_goal_distance": 3.106799364089966,
      "steps": 271.0,
      "control_effort": 0.7063699954110318,
      "episode_duration": 9.033333333333333,
      "time_to_goal": 9.033333333333333
    }
  ]
}