{
  "episode_return": -2.172776986134089,
  "success": 0.0,
  "collision": 0.0,
  "min_obstacle_distance": 1.2636232376098633,
  "min_clearance": 0.9136232376098633,
  "path_length": 4.436917211394757,
  "start_to_goal_distance": 3.8663716316223145,
  "steps": 620.0,
  "control_effort": 0.5505458356391999,
  "episode_duration": 20.666666666666668,
  "time_to_goal": null
}