{
  "summary": {
    "train_episode": 3020,
    "stage_index": 7,
    "stage_name": "target_default_intro",
    "stage_episode": 2260,
    "stage_eval_index": 129,
    "stage_target_hit": 0.0,
    "stage_success_streak": 0,
    "stage_best_success_rate": 0.5,
    "stage_best_collision_rate": 0.0,
    "stage_best_avg_return": 73.55451202392578,
    "stage_bad_eval_streak": 113,
    "stage_regression_active": 1.0,
    "stage_regression_bad_eval": 1.0,
    "stage_regression_absolute_drop": 0.5,
    "stage_regression_relative_drop": 1.0,
    "stage_regression_detected": 1.0,
    "stage_rollback_applied": 0.0,
    "stage_plateau_recovery_applied": 0.0,
    "num_episodes": 6,
    "success_rate": 0.0,
    "collision_rate": 0.0,
    "avg_episode_return": -103.22090911865234,
    "avg_path_length": 3.762946844100952,
    "avg_episode_duration": 20.66666603088379,
    "avg_time_to_goal": 0.0,
    "avg_min_obstacle_distance": 0.9643924832344055,
    "avg_min_clearance": 0.6143925189971924,
    "avg_control_effort": 0.5270569920539856,
    "avg_path_efficiency": 0.0,
    "avg_steps": 620.0,
    "best_episode_return": -2.1115212440490723,
    "deterministic": 1.0,
    "seed_offset": 100000
  },
  "episodes": [
    {
      "episode_return": -108.0245465141762,
      "success": 0.0,
      "collision": 0.0,
      "min_obstacle_distance": 1.8702679872512817,
      "min_clearance": 1.5202679872512816,
      "path_length": 2.051548825669869,
      "start_to_goal_distance": 5.67656946182251,
      "steps": 620.0,
      "control_effort": 0.5737331320201197,
      "episode_duration": 20.666666666666668,
      "time_to_goal": null
    },
    {
      "episode_return": -132.66603800490014,
      "success": 0.0,
      "collision": 0.0,
      "min_obstacle_distance": 0.4831944406032562,
      "min_clearance": 0.13319444060325625,
      "path_length": 4.263687352533452,
      "start_to_goal_distance": 3.87174391746521,
      "steps": 620.0,
      "control_effort": 0.5190622254725425,
      "episode_duration": 20.666666666666668,
      "time_to_goal": null
    },
    {
      "episode_return": -122.73350402631681,
      "success": 0.0,
      "collision": 0.0,
      "min_obstacle_distance": 1.3927663564682007,
      "min_clearance": 1.0427663564682006,
      "path_length": 3.778552490416672,
      "start_to_goal_distance": 4.218926906585693,
      "steps": 620.0,
      "control_effort": 0.5260283302395574,
      "episode_duration": 20.666666666666668,
      "time_to_goal": null
    },
    {
      "episode_return": -102.3230739216082,
      "success": 0.0,
      "collision": 0.0,
      "min_obstacle_distance": 0.8892000317573547,
      "min_clearance": 0.5392000317573548,
      "path_length": 4.340270837332355,
      "start_to_goal_distance": 3.8663716316223145,
      "steps": 620.0,
      "control_effort": 0.5064023331288369,
      "episode_duration": 20.666666666666668,
      "time_to_goal": null
    },
    {
      "episode_return": -151.46678417815085,
      "success": 0.0,
      "collision": 0.0,
      "min_obstacle_distance": 0.5249543190002441,
      "min_clearance": 0.17495431900024416,
      "path_length": 3.778338458105509,
      "start_to_goal_distance": 4.319121837615967,
      "steps": 620.0,
      "control_effort": 0.5104408843863395,
      "episode_duration": 20.666666666666668,
      "time_to_goal": null
    },
    {
      "episode_return": -2.111521131701835,
      "success": 0.0,
      "collision": 0.0,
      "min_obstacle_distance": 0.6259719729423523,
      "min_clearance": 0.2759719729423523,
      "path_length": 4.36528138112044,
      "start_to_goal_distance": 5.195745468139648,
      "steps": 620.0,
      "control_effort": 0.5266751961361977,
      "episode_duration": 20.666666666666668,
      "time_to_goal": null
    }
  ]
}