{
  "summary": {
    "train_episode": 260,
    "stage_index": 4,
    "stage_name": "bridge_crossing_commit",
    "stage_episode": 20,
    "stage_eval_index": 1,
    "stage_target_hit": 0.0,
    "stage_success_streak": 0,
    "stage_best_success_rate": 1.0,
    "stage_best_collision_rate": 0.0,
    "stage_best_avg_return": 95.1629409790039,
    "stage_bad_eval_streak": 0,
    "stage_regression_active": 1.0,
    "stage_regression_bad_eval": 0.0,
    "stage_regression_absolute_drop": 0.0,
    "stage_regression_relative_drop": 0.0,
    "stage_regression_detected": 0.0,
    "stage_rollback_applied": 0.0,
    "stage_plateau_recovery_applied": 0.0,
    "num_episodes": 6,
    "success_rate": 1.0,
    "collision_rate": 0.0,
    "avg_episode_return": 95.1629409790039,
    "avg_path_length": 1.8556698560714722,
    "avg_episode_duration": 7.644443988800049,
    "avg_time_to_goal": 7.644443988800049,
    "avg_min_obstacle_distance": 2.1500024795532227,
    "avg_min_clearance": 1.8000024557113647,
    "avg_control_effort": 0.7010257244110107,
    "avg_path_efficiency": 1.0,
    "avg_steps": 229.3333282470703,
    "best_episode_return": 96.67919158935547,
    "deterministic": 1.0,
    "seed_offset": 100000
  },
  "episodes": [
    {
      "episode_return": 96.6791944923997,
      "success": 1.0,
      "collision": 0.0,
      "min_obstacle_distance": 2.089925527572632,
      "min_clearance": 1.7399255275726317,
      "path_length": 2.069302080286434,
      "start_to_goal_distance": 2.8751626014709473,
      "steps": 250.0,
      "control_effort": 0.7010075948238372,
      "episode_duration": 8.333333333333334,
      "time_to_goal": 8.333333333333334
    },
    {
      "episode_return": 93.57360593175888,
      "success": 1.0,
      "collision": 0.0,
      "min_obstacle_distance": 1.697227954864502,
      "min_clearance": 1.3472279548645019,
      "path_length": 1.606027252099011,
      "start_to_goal_distance": 2.494187355041504,
      "steps": 192.0,
      "control_effort": 0.7010115136702856,
      "episode_duration": 6.4,
      "time_to_goal": 6.4
    },
    {
      "episode_return": 94.93345563423634,
      "success": 1.0,
      "collision": 0.0,
      "min_obstacle_distance": 2.0439858436584473,
      "min_clearance": 1.6939858436584472,
      "path_length": 1.834078331507044,
      "start_to_goal_distance": 2.6756033897399902,
      "steps": 229.0,
      "control_effort": 0.7010446693178868,
      "episode_duration": 7.633333333333334,
      "time_to_goal": 7.633333333333334
    },
    {
      "episode_return": 93.09240599757432,
      "success": 1.0,
      "collision": 0.0,
      "min_obstacle_distance": 2.404940605163574,
      "min_clearance": 2.054940605163574,
      "path_length": 1.6200067249301355,
      "start_to_goal_distance": 2.470832347869873,
      "steps": 207.0,
      "control_effort": 0.7010296678197556,
      "episode_duration": 6.9,
      "time_to_goal": 6.9
    },
    {
      "episode_return": 96.10264620441197,
      "success": 1.0,
      "collision": 0.0,
      "min_obstacle_distance": 1.5577820539474487,
      "min_clearance": 1.2077820539474486,
      "path_length": 1.9834603625058662,
      "start_to_goal_distance": 2.8203952312469482,
      "steps": 251.0,
      "control_effort": 0.7010793004377904,
      "episode_duration": 8.366666666666667,
      "time_to_goal": 8.366666666666667
    },
    {
      "episode_return": 96.59634484684466,
      "success": 1.0,
      "collision": 0.0,
      "min_obstacle_distance": 3.106152057647705,
      "min_clearance": 2.756152057647705,
      "path_length": 2.0211450989881996,
      "start_to_goal_distance": 2.864516258239746,
      "steps": 247.0,
      "control_effort": 0.7009817023991574,
      "episode_duration": 8.233333333333333,
      "time_to_goal": 8.233333333333333
    }
  ]
}