{
  "summary": {
    "train_episode": 2700,
    "stage_index": 7,
    "stage_name": "target_default_intro",
    "stage_episode": 1940,
    "stage_eval_index": 113,
    "stage_target_hit": 0.0,
    "stage_success_streak": 0,
    "stage_best_success_rate": 0.5,
    "stage_best_collision_rate": 0.0,
    "stage_best_avg_return": 73.55451202392578,
    "stage_bad_eval_streak": 97,
    "stage_regression_active": 1.0,
    "stage_regression_bad_eval": 1.0,
    "stage_regression_absolute_drop": 0.5,
    "stage_regression_relative_drop": 1.0,
    "stage_regression_detected": 1.0,
    "stage_rollback_applied": 0.0,
    "stage_plateau_recovery_applied": 0.0,
    "num_episodes": 6,
    "success_rate": 0.0,
    "collision_rate": 0.1666666716337204,
    "avg_episode_return": -58.61214828491211,
    "avg_path_length": 3.4248173236846924,
    "avg_episode_duration": 17.855554580688477,
    "avg_time_to_goal": 0.0,
    "avg_min_obstacle_distance": 0.9811832904815674,
    "avg_min_clearance": 0.6311833262443542,
    "avg_control_effort": 0.463125616312027,
    "avg_path_efficiency": 0.0,
    "avg_steps": 535.6666870117188,
    "best_episode_return": -12.123071670532227,
    "deterministic": 1.0,
    "seed_offset": 100000
  },
  "episodes": [
    {
      "episode_return": -79.9397717849514,
      "success": 0.0,
      "collision": 0.0,
      "min_obstacle_distance": 1.7314947843551636,
      "min_clearance": 1.3814947843551635,
      "path_length": 2.5869607403442387,
      "start_to_goal_distance": 5.67656946182251,
      "steps": 620.0,
      "control_effort": 0.4824661720183588,
      "episode_duration": 20.666666666666668,
      "time_to_goal": null
    },
    {
      "episode_return": -77.3044811532624,
      "success": 0.0,
      "collision": 0.0,
      "min_obstacle_distance": 0.8868581652641296,
      "min_clearance": 0.5368581652641297,
      "path_length": 4.235261201218236,
      "start_to_goal_distance": 3.87174391746521,
      "steps": 620.0,
      "control_effort": 0.4437713318294094,
      "episode_duration": 20.666666666666668,
      "time_to_goal": null
    },
    {
      "episode_return": -83.979101875215,
      "success": 0.0,
      "collision": 0.0,
      "min_obstacle_distance": 1.1373580694198608,
      "min_clearance": 0.7873580694198609,
      "path_length": 4.307267806259915,
      "start_to_goal_distance": 4.218926906585693,
      "steps": 620.0,
      "control_effort": 0.4729716458147572,
      "episode_duration": 20.666666666666668,
      "time_to_goal": null
    },
    {
      "episode_return": -60.33533826675072,
      "success": 0.0,
      "collision": 0.0,
      "min_obstacle_distance": 1.2672672271728516,
      "min_clearance": 0.9172672271728516,
      "path_length": 4.406588699144777,
      "start_to_goal_distance": 3.8663716316223145,
      "steps": 620.0,
      "control_effort": 0.4771432974165486,
      "episode_duration": 20.666666666666668,
      "time_to_goal": null
    },
    {
      "episode_return": -37.991113279000515,
      "success": 0.0,
      "collision": 1.0,
      "min_obstacle_distance": 0.3467824161052704,
      "min_clearance": -0.003217583894729592,
      "path_length": 0.7575365906814113,
      "start_to_goal_distance": 4.319121837615967,
      "steps": 114.0,
      "control_effort": 0.4349211904040554,
      "episode_duration": 3.8,
      "time_to_goal": null
    },
    {
      "episode_return": -12.123071660236914,
      "success": 0.0,
      "collision": 0.0,
      "min_obstacle_distance": 0.5173394083976746,
      "min_clearance": 0.16733940839767458,
      "path_length": 4.255289792898111,
      "start_to_goal_distance": 5.195745468139648,
      "steps": 620.0,
      "control_effort": 0.46748006872592435,
      "episode_duration": 20.666666666666668,
      "time_to_goal": null
    }
  ]
}