{
  "summary": {
    "train_episode": 40,
    "stage_index": 1,
    "stage_name": "corridor_dash",
    "stage_episode": 20,
    "stage_eval_index": 1,
    "stage_target_hit": 0.0,
    "stage_success_streak": 0,
    "stage_best_success_rate": 1.0,
    "stage_best_collision_rate": 0.0,
    "stage_best_avg_return": 86.21854400634766,
    "stage_bad_eval_streak": 0,
    "stage_regression_active": 1.0,
    "stage_regression_bad_eval": 0.0,
    "stage_regression_absolute_drop": 0.0,
    "stage_regression_relative_drop": 0.0,
    "stage_regression_detected": 0.0,
    "stage_rollback_applied": 0.0,
    "stage_plateau_recovery_applied": 0.0,
    "num_episodes": 6,
    "success_rate": 1.0,
    "collision_rate": 0.0,
    "avg_episode_return": 86.21854400634766,
    "avg_path_length": 0.5050333738327026,
    "avg_episode_duration": 2.4666666984558105,
    "avg_time_to_goal": 2.4666666984558105,
    "avg_min_obstacle_distance": 3.1898186206817627,
    "avg_min_clearance": 2.8398189544677734,
    "avg_control_effort": 0.6759653687477112,
    "avg_path_efficiency": 1.0,
    "avg_steps": 74.0,
    "best_episode_return": 90.40811920166016,
    "deterministic": 1.0,
    "seed_offset": 100000
  },
  "episodes": [
    {
      "episode_return": 90.40812125701565,
      "success": 1.0,
      "collision": 0.0,
      "min_obstacle_distance": 3.1595191955566406,
      "min_clearance": 2.8095191955566405,
      "path_length": 0.6772303604266199,
      "start_to_goal_distance": 1.7638744115829468,
      "steps": 98.0,
      "control_effort": 0.6759648122349564,
      "episode_duration": 3.2666666666666666,
      "time_to_goal": 3.2666666666666666
    },
    {
      "episode_return": 80.31000341241719,
      "success": 1.0,
      "collision": 0.0,
      "min_obstacle_distance": 3.6261749267578125,
      "min_clearance": 3.2761749267578124,
      "path_length": 0.28527225045399973,
      "start_to_goal_distance": 1.3737833499908447,
      "steps": 44.0,
      "control_effort": 0.6759669116952203,
      "episode_duration": 1.4666666666666666,
      "time_to_goal": 1.4666666666666666
    },
    {
      "episode_return": 88.32903874448668,
      "success": 1.0,
      "collision": 0.0,
      "min_obstacle_distance": 3.5024333000183105,
      "min_clearance": 3.1524333000183105,
      "path_length": 0.4868922107962135,
      "start_to_goal_distance": 1.5775760412216187,
      "steps": 75.0,
      "control_effort": 0.6759665751457214,
      "episode_duration": 2.5,
      "time_to_goal": 2.5
    },
    {
      "episode_return": 77.82815518285976,
      "success": 1.0,
      "collision": 0.0,
      "min_obstacle_distance": 2.4131221771240234,
      "min_clearance": 2.0631221771240233,
      "path_length": 0.25747295617111376,
      "start_to_goal_distance": 1.3524121046066284,
      "steps": 36.0,
      "control_effort": 0.6759631832440695,
      "episode_duration": 1.2,
      "time_to_goal": 1.2
    },
    {
      "episode_return": 90.1803010350226,
      "success": 1.0,
      "collision": 0.0,
      "min_obstacle_distance": 3.24648380279541,
      "min_clearance": 2.89648380279541,
      "path_length": 0.6562817309568345,
      "start_to_goal_distance": 1.7396578788757324,
      "steps": 96.0,
      "control_effort": 0.6759657027820746,
      "episode_duration": 3.2,
      "time_to_goal": 3.2
    },
    {
      "episode_return": 90.2556437360621,
      "success": 1.0,
      "collision": 0.0,
      "min_obstacle_distance": 3.191178560256958,
      "min_clearance": 2.841178560256958,
      "path_length": 0.667050578926137,
      "start_to_goal_distance": 1.7545193433761597,
      "steps": 95.0,
      "control_effort": 0.6759652332255714,
      "episode_duration": 3.1666666666666665,
      "time_to_goal": 3.1666666666666665
    }
  ]
}