{
  "summary": {
    "train_episode": 100,
    "stage_index": 2,
    "stage_name": "bridge_entry",
    "stage_episode": 20,
    "stage_eval_index": 1,
    "stage_target_hit": 0.0,
    "stage_success_streak": 0,
    "stage_best_success_rate": 1.0,
    "stage_best_collision_rate": 0.0,
    "stage_best_avg_return": 103.01146697998047,
    "stage_bad_eval_streak": 0,
    "stage_regression_active": 1.0,
    "stage_regression_bad_eval": 0.0,
    "stage_regression_absolute_drop": 0.0,
    "stage_regression_relative_drop": 0.0,
    "stage_regression_detected": 0.0,
    "stage_rollback_applied": 0.0,
    "stage_plateau_recovery_applied": 0.0,
    "num_episodes": 6,
    "success_rate": 1.0,
    "collision_rate": 0.0,
    "avg_episode_return": 103.01146697998047,
    "avg_path_length": 1.0975452661514282,
    "avg_episode_duration": 4.761110782623291,
    "avg_time_to_goal": 4.761110782623291,
    "avg_min_obstacle_distance": 2.7314767837524414,
    "avg_min_clearance": 2.381476640701294,
    "avg_control_effort": 0.6899372935295105,
    "avg_path_efficiency": 1.0,
    "avg_steps": 142.8333282470703,
    "best_episode_return": 104.77581787109375,
    "deterministic": 1.0,
    "seed_offset": 100000
  },
  "episodes": [
    {
      "episode_return": 104.77581925243142,
      "success": 1.0,
      "collision": 0.0,
      "min_obstacle_distance": 2.696038007736206,
      "min_clearance": 2.346038007736206,
      "path_length": 1.2718874366219097,
      "start_to_goal_distance": 2.2447426319122314,
      "steps": 164.0,
      "control_effort": 0.6899373258759336,
      "episode_duration": 5.466666666666667,
      "time_to_goal": 5.466666666666667
    },
    {
      "episode_return": 100.74859134733676,
      "success": 1.0,
      "collision": 0.0,
      "min_obstacle_distance": 3.090705156326294,
      "min_clearance": 2.740705156326294,
      "path_length": 0.8686047798801155,
      "start_to_goal_distance": 1.8540050983428955,
      "steps": 114.0,
      "control_effort": 0.6899385107190985,
      "episode_duration": 3.8,
      "time_to_goal": 3.8
    },
    {
      "episode_return": 102.75443094044925,
      "success": 1.0,
      "collision": 0.0,
      "min_obstacle_distance": 3.2364916801452637,
      "min_clearance": 2.8864916801452636,
      "path_length": 1.07659618742764,
      "start_to_goal_distance": 2.0578346252441406,
      "steps": 145.0,
      "control_effort": 0.6899384757568097,
      "episode_duration": 4.833333333333333,
      "time_to_goal": 4.833333333333333
    },
    {
      "episode_return": 100.47492236495019,
      "success": 1.0,
      "collision": 0.0,
      "min_obstacle_distance": 2.2628631591796875,
      "min_clearance": 1.9128631591796874,
      "path_length": 0.8563670507555798,
      "start_to_goal_distance": 1.832995891571045,
      "steps": 116.0,
      "control_effort": 0.6899359246780132,
      "episode_duration": 3.8666666666666667,
      "time_to_goal": 3.8666666666666667
    },
    {
      "episode_return": 104.65340528726576,
      "success": 1.0,
      "collision": 0.0,
      "min_obstacle_distance": 2.2657132148742676,
      "min_clearance": 1.9157132148742675,
      "path_length": 1.2566768377346307,
      "start_to_goal_distance": 2.2196991443634033,
      "steps": 155.0,
      "control_effort": 0.6899358041824833,
      "episode_duration": 5.166666666666667,
      "time_to_goal": 5.166666666666667
    },
    {
      "episode_return": 104.66160427302124,
      "success": 1.0,
      "collision": 0.0,
      "min_obstacle_distance": 2.8370492458343506,
      "min_clearance": 2.4870492458343505,
      "path_length": 1.255139970964592,
      "start_to_goal_distance": 2.2351953983306885,
      "steps": 163.0,
      "control_effort": 0.6899374485747215,
      "episode_duration": 5.433333333333334,
      "time_to_goal": 5.433333333333334
    }
  ]
}