{
  "summary": {
    "train_episode": 1400,
    "stage_index": 7,
    "stage_name": "target_default_intro",
    "stage_episode": 640,
    "stage_eval_index": 48,
    "stage_target_hit": 0.0,
    "stage_success_streak": 0,
    "stage_best_success_rate": 0.5,
    "stage_best_collision_rate": 0.0,
    "stage_best_avg_return": 73.55451202392578,
    "stage_bad_eval_streak": 32,
    "stage_regression_active": 1.0,
    "stage_regression_bad_eval": 1.0,
    "stage_regression_absolute_drop": 0.5,
    "stage_regression_relative_drop": 1.0,
    "stage_regression_detected": 1.0,
    "stage_rollback_applied": 0.0,
    "stage_plateau_recovery_applied": 0.0,
    "num_episodes": 6,
    "success_rate": 0.0,
    "collision_rate": 0.0,
    "avg_episode_return": -23.463441848754883,
    "avg_path_length": 3.7360315322875977,
    "avg_episode_duration": 20.66666603088379,
    "avg_time_to_goal": 0.0,
    "avg_min_obstacle_distance": 0.7377089858055115,
    "avg_min_clearance": 0.38770899176597595,
    "avg_control_effort": 0.5672945976257324,
    "avg_path_efficiency": 0.0,
    "avg_steps": 620.0,
    "best_episode_return": 9.382611274719238,
    "deterministic": 1.0,
    "seed_offset": 100000
  },
  "episodes": [
    {
      "episode_return": -20.68107212106258,
      "success": 0.0,
      "collision": 0.0,
      "min_obstacle_distance": 0.8767202496528625,
      "min_clearance": 0.5267202496528626,
      "path_length": 3.248549614551564,
      "start_to_goal_distance": 5.67656946182251,
      "steps": 620.0,
      "control_effort": 0.5886201667208826,
      "episode_duration": 20.666666666666668,
      "time_to_goal": null
    },
    {
      "episode_return": -56.914204521971314,
      "success": 0.0,
      "collision": 0.0,
      "min_obstacle_distance": 0.4326302707195282,
      "min_clearance": 0.08263027071952822,
      "path_length": 3.486074900897165,
      "start_to_goal_distance": 3.87174391746521,
      "steps": 620.0,
      "control_effort": 0.5499160957913245,
      "episode_duration": 20.666666666666668,
      "time_to_goal": null
    },
    {
      "episode_return": -21.727402266246802,
      "success": 0.0,
      "collision": 0.0,
      "min_obstacle_distance": 1.1605370044708252,
      "min_clearance": 0.8105370044708252,
      "path_length": 4.049796160134619,
      "start_to_goal_distance": 4.218926906585693,
      "steps": 620.0,
      "control_effort": 0.5821546137332916,
      "episode_duration": 20.666666666666668,
      "time_to_goal": null
    },
    {
      "episode_return": 9.38261129808955,
      "success": 0.0,
      "collision": 0.0,
      "min_obstacle_distance": 0.6763323545455933,
      "min_clearance": 0.3263323545455933,
      "path_length": 4.43365994738997,
      "start_to_goal_distance": 3.8663716316223145,
      "steps": 620.0,
      "control_effort": 0.5709678043280878,
      "episode_duration": 20.666666666666668,
      "time_to_goal": null
    },
    {
      "episode_return": -30.177555008170742,
      "success": 0.0,
      "collision": 0.0,
      "min_obstacle_distance": 0.6942119002342224,
      "min_clearance": 0.34421190023422243,
      "path_length": 2.7980601202078503,
      "start_to_goal_distance": 4.319121837615967,
      "steps": 620.0,
      "control_effort": 0.5625926210034278,
      "episode_duration": 20.666666666666668,
      "time_to_goal": null
    },
    {
      "episode_return": -20.663040095898204,
      "success": 0.0,
      "collision": 0.0,
      "min_obstacle_distance": 0.5858221054077148,
      "min_clearance": 0.23582210540771487,
      "path_length": 4.400048770417925,
      "start_to_goal_distance": 5.195745468139648,
      "steps": 620.0,
      "control_effort": 0.5495162506257334,
      "episode_duration": 20.666666666666668,
      "time_to_goal": null
    }
  ]
}