{
  "episode_return": -38.60464813900778,
  "success": 0.0,
  "collision": 0.0,
  "min_obstacle_distance": 1.316088318824768,
  "min_clearance": 0.9660883188247681,
  "path_length": 4.32567568088416,
  "start_to_goal_distance": 3.8663716316223145,
  "steps": 620.0,
  "control_effort": 0.5042454047549155,
  "episode_duration": 20.666666666666668,
  "time_to_goal": null
}