{
  "summary": {
    "train_episode": 2040,
    "stage_index": 7,
    "stage_name": "target_default_intro",
    "stage_episode": 1280,
    "stage_eval_index": 80,
    "stage_target_hit": 0.0,
    "stage_success_streak": 0,
    "stage_best_success_rate": 0.5,
    "stage_best_collision_rate": 0.0,
    "stage_best_avg_return": 73.55451202392578,
    "stage_bad_eval_streak": 64,
    "stage_regression_active": 1.0,
    "stage_regression_bad_eval": 1.0,
    "stage_regression_absolute_drop": 0.5,
    "stage_regression_relative_drop": 1.0,
    "stage_regression_detected": 1.0,
    "stage_rollback_applied": 0.0,
    "stage_plateau_recovery_applied": 0.0,
    "num_episodes": 6,
    "success_rate": 0.0,
    "collision_rate": 0.1666666716337204,
    "avg_episode_return": -22.970857620239258,
    "avg_path_length": 4.098918914794922,
    "avg_episode_duration": 19.361108779907227,
    "avg_time_to_goal": 0.0,
    "avg_min_obstacle_distance": 0.6771352291107178,
    "avg_min_clearance": 0.32713523507118225,
    "avg_control_effort": 0.540381908416748,
    "avg_path_efficiency": 0.0,
    "avg_steps": 580.8333129882812,
    "best_episode_return": -2.854962110519409,
    "deterministic": 1.0,
    "seed_offset": 100000
  },
  "episodes": [
    {
      "episode_return": -16.910512899929124,
      "success": 0.0,
      "collision": 1.0,
      "min_obstacle_distance": 0.34416648745536804,
      "min_clearance": -0.005833512544631936,
      "path_length": 2.7465694717830047,
      "start_to_goal_distance": 5.67656946182251,
      "steps": 385.0,
      "control_effort": 0.5464818663411326,
      "episode_duration": 12.833333333333334,
      "time_to_goal": null
    },
    {
      "episode_return": -10.559524860661757,
      "success": 0.0,
      "collision": 0.0,
      "min_obstacle_distance": 0.8396831750869751,
      "min_clearance": 0.4896831750869751,
      "path_length": 4.316501357068773,
      "start_to_goal_distance": 3.87174391746521,
      "steps": 620.0,
      "control_effort": 0.5317212936378295,
      "episode_duration": 20.666666666666668,
      "time_to_goal": null
    },
    {
      "episode_return": -33.71422545033387,
      "success": 0.0,
      "collision": 0.0,
      "min_obstacle_distance": 0.6876661777496338,
      "min_clearance": 0.3376661777496338,
      "path_length": 4.480635076819453,
      "start_to_goal_distance": 4.218926906585693,
      "steps": 620.0,
      "control_effort": 0.5586252251459706,
      "episode_duration": 20.666666666666668,
      "time_to_goal": null
    },
    {
      "episode_return": -2.8549621608120788,
      "success": 0.0,
      "collision": 0.0,
      "min_obstacle_distance": 1.1532787084579468,
      "min_clearance": 0.8032787084579468,
      "path_length": 4.395976408966817,
      "start_to_goal_distance": 3.8663716316223145,
      "steps": 620.0,
      "control_effort": 0.5497767643101754,
      "episode_duration": 20.666666666666668,
      "time_to_goal": null
    },
    {
      "episode_return": -58.40425858924688,
      "success": 0.0,
      "collision": 0.0,
      "min_obstacle_distance": 0.5031365156173706,
      "min_clearance": 0.15313651561737063,
      "path_length": 4.412005625024904,
      "start_to_goal_distance": 4.319121837615967,
      "steps": 620.0,
      "control_effort": 0.5462523031619287,
      "episode_duration": 20.666666666666668,
      "time_to_goal": null
    },
    {
      "episode_return": -15.381655706890218,
      "success": 0.0,
      "collision": 0.0,
      "min_obstacle_distance": 0.5348803400993347,
      "min_clearance": 0.18488034009933474,
      "path_length": 4.2418260017293505,
      "start_to_goal_distance": 5.195745468139648,
      "steps": 620.0,
      "control_effort": 0.5094340254222193,
      "episode_duration": 20.666666666666668,
      "time_to_goal": null
    }
  ]
}