{
  "summary": {
    "train_episode": 280,
    "stage_index": 4,
    "stage_name": "bridge_crossing_commit",
    "stage_episode": 40,
    "stage_eval_index": 2,
    "stage_target_hit": 0.0,
    "stage_success_streak": 0,
    "stage_best_success_rate": 1.0,
    "stage_best_collision_rate": 0.0,
    "stage_best_avg_return": 95.1629409790039,
    "stage_bad_eval_streak": 0,
    "stage_regression_active": 1.0,
    "stage_regression_bad_eval": 0.0,
    "stage_regression_absolute_drop": 0.0,
    "stage_regression_relative_drop": 0.0,
    "stage_regression_detected": 0.0,
    "stage_rollback_applied": 0.0,
    "stage_plateau_recovery_applied": 0.0,
    "num_episodes": 6,
    "success_rate": 1.0,
    "collision_rate": 0.0,
    "avg_episode_return": 95.1116943359375,
    "avg_path_length": 1.8593989610671997,
    "avg_episode_duration": 7.799999713897705,
    "avg_time_to_goal": 7.799999713897705,
    "avg_min_obstacle_distance": 2.144322156906128,
    "avg_min_clearance": 1.7943223714828491,
    "avg_control_effort": 0.6934778690338135,
    "avg_path_efficiency": 1.0,
    "avg_steps": 234.0,
    "best_episode_return": 96.51970672607422,
    "deterministic": 1.0,
    "seed_offset": 100000
  },
  "episodes": [
    {
      "episode_return": 96.45221167230605,
      "success": 1.0,
      "collision": 0.0,
      "min_obstacle_distance": 2.060275077819824,
      "min_clearance": 1.7102750778198241,
      "path_length": 2.0810946460987907,
      "start_to_goal_distance": 2.8751626014709473,
      "steps": 268.0,
      "control_effort": 0.6927741748183521,
      "episode_duration": 8.933333333333334,
      "time_to_goal": 8.933333333333334
    },
    {
      "episode_return": 93.55265439522266,
      "success": 1.0,
      "collision": 0.0,
      "min_obstacle_distance": 1.6120078563690186,
      "min_clearance": 1.2620078563690185,
      "path_length": 1.6145489889022429,
      "start_to_goal_distance": 2.494187355041504,
      "steps": 199.0,
      "control_effort": 0.6916532582374074,
      "episode_duration": 6.633333333333334,
      "time_to_goal": 6.633333333333334
    },
    {
      "episode_return": 94.85892431205511,
      "success": 1.0,
      "collision": 0.0,
      "min_obstacle_distance": 2.1129109859466553,
      "min_clearance": 1.7629109859466552,
      "path_length": 1.815555182605749,
      "start_to_goal_distance": 2.6756033897399902,
      "steps": 232.0,
      "control_effort": 0.6939333289347845,
      "episode_duration": 7.733333333333333,
      "time_to_goal": 7.733333333333333
    },
    {
      "episode_return": 93.14023936879634,
      "success": 1.0,
      "collision": 0.0,
      "min_obstacle_distance": 2.3901402950286865,
      "min_clearance": 2.0401402950286864,
      "path_length": 1.6397626270336332,
      "start_to_goal_distance": 2.470832347869873,
      "steps": 204.0,
      "control_effort": 0.6916929723000994,
      "episode_duration": 6.8,
      "time_to_goal": 6.8
    },
    {
      "episode_return": 96.14641136413813,
      "success": 1.0,
      "collision": 0.0,
      "min_obstacle_distance": 1.6456680297851562,
      "min_clearance": 1.2956680297851562,
      "path_length": 1.9922628893109504,
      "start_to_goal_distance": 2.8203952312469482,
      "steps": 247.0,
      "control_effort": 0.699614088303647,
      "episode_duration": 8.233333333333333,
      "time_to_goal": 8.233333333333333
    },
    {
      "episode_return": 96.51970386755464,
      "success": 1.0,
      "collision": 0.0,
      "min_obstacle_distance": 3.044931650161743,
      "min_clearance": 2.694931650161743,
      "path_length": 2.0131694107258227,
      "start_to_goal_distance": 2.864516258239746,
      "steps": 254.0,
      "control_effort": 0.691199142632522,
      "episode_duration": 8.466666666666667,
      "time_to_goal": 8.466666666666667
    }
  ]
}