{
  "summary": {
    "train_episode": 540,
    "stage_index": 7,
    "stage_name": "target_default_intro",
    "stage_episode": 100,
    "stage_eval_index": 5,
    "stage_target_hit": 0.0,
    "stage_success_streak": 0,
    "stage_best_success_rate": 0.3333333432674408,
    "stage_best_collision_rate": 0.0,
    "stage_best_avg_return": 45.80244064331055,
    "stage_bad_eval_streak": 0,
    "stage_regression_active": 1.0,
    "stage_regression_bad_eval": 1.0,
    "stage_regression_absolute_drop": 0.1666666716337204,
    "stage_regression_relative_drop": 0.5,
    "stage_regression_detected": 1.0,
    "stage_rollback_applied": 1.0,
    "stage_plateau_recovery_applied": 0.0,
    "num_episodes": 6,
    "success_rate": 0.1666666716337204,
    "collision_rate": 0.1666666716337204,
    "avg_episode_return": 15.96829605102539,
    "avg_path_length": 3.821925401687622,
    "avg_episode_duration": 17.94999885559082,
    "avg_time_to_goal": 15.866666793823242,
    "avg_min_obstacle_distance": 0.9036264419555664,
    "avg_min_clearance": 0.5536264777183533,
    "avg_control_effort": 0.6564800143241882,
    "avg_path_efficiency": 0.1666666716337204,
    "avg_steps": 538.5,
    "best_episode_return": 157.5732421875,
    "deterministic": 1.0,
    "seed_offset": 100000
  },
  "episodes": [
    {
      "episode_return": -30.567716279646586,
      "success": 0.0,
      "collision": 0.0,
      "min_obstacle_distance": 1.2206439971923828,
      "min_clearance": 0.8706439971923828,
      "path_length": 4.522003794278135,
      "start_to_goal_distance": 5.67656946182251,
      "steps": 620.0,
      "control_effort": 0.6589836165789635,
      "episode_duration": 20.666666666666668,
      "time_to_goal": null
    },
    {
      "episode_return": -36.04553313898212,
      "success": 0.0,
      "collision": 1.0,
      "min_obstacle_distance": 0.34954679012298584,
      "min_clearance": -0.00045320987701413795,
      "path_length": 1.9431791000897647,
      "start_to_goal_distance": 3.87174391746521,
      "steps": 275.0,
      "control_effort": 0.6453259814869273,
      "episode_duration": 9.166666666666666,
      "time_to_goal": null
    },
    {
      "episode_return": 1.49186860129943,
      "success": 0.0,
      "collision": 0.0,
      "min_obstacle_distance": 1.3296451568603516,
      "min_clearance": 0.9796451568603516,
      "path_length": 4.509322586496637,
      "start_to_goal_distance": 4.218926906585693,
      "steps": 620.0,
      "control_effort": 0.661576362482963,
      "episode_duration": 20.666666666666668,
      "time_to_goal": null
    },
    {
      "episode_return": 157.5732391695026,
      "success": 1.0,
      "collision": 0.0,
      "min_obstacle_distance": 0.8309910893440247,
      "min_clearance": 0.4809910893440247,
      "path_length": 3.359107812801085,
      "start_to_goal_distance": 3.8663716316223145,
      "steps": 476.0,
      "control_effort": 0.6518695387018829,
      "episode_duration": 15.866666666666667,
      "time_to_goal": 15.866666666666667
    },
    {
      "episode_return": -2.1503314928262185,
      "success": 0.0,
      "collision": 0.0,
      "min_obstacle_distance": 0.81041419506073,
      "min_clearance": 0.46041419506073,
      "path_length": 4.057891400654398,
      "start_to_goal_distance": 4.319121837615967,
      "steps": 620.0,
      "control_effort": 0.667072977365986,
      "episode_duration": 20.666666666666668,
      "time_to_goal": null
    },
    {
      "episode_return": 5.508249584726485,
      "success": 0.0,
      "collision": 0.0,
      "min_obstacle_distance": 0.8805177211761475,
      "min_clearance": 0.5305177211761475,
      "path_length": 4.540048805807601,
      "start_to_goal_distance": 5.195745468139648,
      "steps": 620.0,
      "control_effort": 0.654051542570514,
      "episode_duration": 20.666666666666668,
      "time_to_goal": null
    }
  ]
}