{
  "episode_return": 5.330534638899536,
  "success": 0.0,
  "collision": 0.0,
  "min_obstacle_distance": 0.5163326263427734,
  "min_clearance": 0.16633262634277346,
  "path_length": 4.421555092019844,
  "start_to_goal_distance": 3.8663716316223145,
  "steps": 620.0,
  "control_effort": 0.5910056917898117,
  "episode_duration": 20.666666666666668,
  "time_to_goal": null
}