{
  "summary": {
    "train_episode": 920,
    "stage_index": 7,
    "stage_name": "target_default_intro",
    "stage_episode": 160,
    "stage_eval_index": 24,
    "stage_target_hit": 0.0,
    "stage_success_streak": 0,
    "stage_best_success_rate": 0.5,
    "stage_best_collision_rate": 0.0,
    "stage_best_avg_return": 73.55451202392578,
    "stage_bad_eval_streak": 8,
    "stage_regression_active": 1.0,
    "stage_regression_bad_eval": 1.0,
    "stage_regression_absolute_drop": 0.5,
    "stage_regression_relative_drop": 1.0,
    "stage_regression_detected": 1.0,
    "stage_rollback_applied": 0.0,
    "stage_plateau_recovery_applied": 0.0,
    "num_episodes": 6,
    "success_rate": 0.0,
    "collision_rate": 0.1666666716337204,
    "avg_episode_return": -19.63075828552246,
    "avg_path_length": 4.375406742095947,
    "avg_episode_duration": 20.383333206176758,
    "avg_time_to_goal": 0.0,
    "avg_min_obstacle_distance": 0.7934801578521729,
    "avg_min_clearance": 0.44348010420799255,
    "avg_control_effort": 0.6395731568336487,
    "avg_path_efficiency": 0.0,
    "avg_steps": 611.5,
    "best_episode_return": 14.470101356506348,
    "deterministic": 1.0,
    "seed_offset": 100000
  },
  "episodes": [
    {
      "episode_return": -22.151083628139332,
      "success": 0.0,
      "collision": 0.0,
      "min_obstacle_distance": 1.0432896614074707,
      "min_clearance": 0.6932896614074707,
      "path_length": 4.569104573702134,
      "start_to_goal_distance": 5.67656946182251,
      "steps": 620.0,
      "control_effort": 0.6516189595383982,
      "episode_duration": 20.666666666666668,
      "time_to_goal": null
    },
    {
      "episode_return": -101.74892778555656,
      "success": 0.0,
      "collision": 0.0,
      "min_obstacle_distance": 0.37798014283180237,
      "min_clearance": 0.02798014283180239,
      "path_length": 4.487323443132482,
      "start_to_goal_distance": 3.87174391746521,
      "steps": 620.0,
      "control_effort": 0.6238288483312053,
      "episode_duration": 20.666666666666668,
      "time_to_goal": null
    },
    {
      "episode_return": 6.09738168030745,
      "success": 0.0,
      "collision": 0.0,
      "min_obstacle_distance": 1.2539496421813965,
      "min_clearance": 0.9039496421813965,
      "path_length": 4.305813149832829,
      "start_to_goal_distance": 4.218926906585693,
      "steps": 620.0,
      "control_effort": 0.6455048814896615,
      "episode_duration": 20.666666666666668,
      "time_to_goal": null
    },
    {
      "episode_return": 14.470101683010753,
      "success": 0.0,
      "collision": 0.0,
      "min_obstacle_distance": 0.938836932182312,
      "min_clearance": 0.588836932182312,
      "path_length": 4.5071526966494275,
      "start_to_goal_distance": 3.8663716316223145,
      "steps": 620.0,
      "control_effort": 0.6359885519550693,
      "episode_duration": 20.666666666666668,
      "time_to_goal": null
    },
    {
      "episode_return": 2.189351622822862,
      "success": 0.0,
      "collision": 0.0,
      "min_obstacle_distance": 0.7990986108779907,
      "min_clearance": 0.44909861087799074,
      "path_length": 4.411173627609969,
      "start_to_goal_distance": 4.319121837615967,
      "steps": 620.0,
      "control_effort": 0.641691694913372,
      "episode_duration": 20.666666666666668,
      "time_to_goal": null
    },
    {
      "episode_return": -16.641376179286997,
      "success": 0.0,
      "collision": 1.0,
      "min_obstacle_distance": 0.34772583842277527,
      "min_clearance": -0.0022741615772247092,
      "path_length": 3.97187418815156,
      "start_to_goal_distance": 5.195745468139648,
      "steps": 569.0,
      "control_effort": 0.6388061281247801,
      "episode_duration": 18.966666666666665,
      "time_to_goal": null
    }
  ]
}