{
  "summary": {
    "train_episode": 2120,
    "stage_index": 7,
    "stage_name": "target_default_intro",
    "stage_episode": 1360,
    "stage_eval_index": 84,
    "stage_target_hit": 0.0,
    "stage_success_streak": 0,
    "stage_best_success_rate": 0.5,
    "stage_best_collision_rate": 0.0,
    "stage_best_avg_return": 73.55451202392578,
    "stage_bad_eval_streak": 68,
    "stage_regression_active": 1.0,
    "stage_regression_bad_eval": 1.0,
    "stage_regression_absolute_drop": 0.5,
    "stage_regression_relative_drop": 1.0,
    "stage_regression_detected": 1.0,
    "stage_rollback_applied": 0.0,
    "stage_plateau_recovery_applied": 0.0,
    "num_episodes": 6,
    "success_rate": 0.0,
    "collision_rate": 0.0,
    "avg_episode_return": -27.374160766601562,
    "avg_path_length": 4.452908039093018,
    "avg_episode_duration": 20.66666603088379,
    "avg_time_to_goal": 0.0,
    "avg_min_obstacle_distance": 0.839364230632782,
    "avg_min_clearance": 0.4893641471862793,
    "avg_control_effort": 0.5428149104118347,
    "avg_path_efficiency": 0.0,
    "avg_steps": 620.0,
    "best_episode_return": -5.751075744628906,
    "deterministic": 1.0,
    "seed_offset": 100000
  },
  "episodes": [
    {
      "episode_return": -18.80229367106456,
      "success": 0.0,
      "collision": 0.0,
      "min_obstacle_distance": 0.6657120585441589,
      "min_clearance": 0.31571205854415896,
      "path_length": 4.396028550108895,
      "start_to_goal_distance": 5.67656946182251,
      "steps": 620.0,
      "control_effort": 0.5530701139280872,
      "episode_duration": 20.666666666666668,
      "time_to_goal": null
    },
    {
      "episode_return": -12.40048622033298,
      "success": 0.0,
      "collision": 0.0,
      "min_obstacle_distance": 1.0163652896881104,
      "min_clearance": 0.6663652896881104,
      "path_length": 4.409838694846258,
      "start_to_goal_distance": 3.87174391746521,
      "steps": 620.0,
      "control_effort": 0.5263043566096214,
      "episode_duration": 20.666666666666668,
      "time_to_goal": null
    },
    {
      "episode_return": -19.929214901691942,
      "success": 0.0,
      "collision": 0.0,
      "min_obstacle_distance": 0.7459521889686584,
      "min_clearance": 0.39595218896865847,
      "path_length": 4.469720971537754,
      "start_to_goal_distance": 4.218926906585693,
      "steps": 620.0,
      "control_effort": 0.5502871327342526,
      "episode_duration": 20.666666666666668,
      "time_to_goal": null
    },
    {
      "episode_return": -5.751075619537062,
      "success": 0.0,
      "collision": 0.0,
      "min_obstacle_distance": 1.36757230758667,
      "min_clearance": 1.0175723075866698,
      "path_length": 4.466911859926768,
      "start_to_goal_distance": 3.8663716316223145,
      "steps": 620.0,
      "control_effort": 0.550707839717788,
      "episode_duration": 20.666666666666668,
      "time_to_goal": null
    },
    {
      "episode_return": -84.67862366679122,
      "success": 0.0,
      "collision": 0.0,
      "min_obstacle_distance": 0.42200732231140137,
      "min_clearance": 0.07200732231140139,
      "path_length": 4.531176920514554,
      "start_to_goal_distance": 4.319121837615967,
      "steps": 620.0,
      "control_effort": 0.5414136026655474,
      "episode_duration": 20.666666666666668,
      "time_to_goal": null
    },
    {
      "episode_return": -22.683249947037,
      "success": 0.0,
      "collision": 0.0,
      "min_obstacle_distance": 0.8185757994651794,
      "min_clearance": 0.46857579946517947,
      "path_length": 4.4437691260827705,
      "start_to_goal_distance": 5.195745468139648,
      "steps": 620.0,
      "control_effort": 0.5351063465399127,
      "episode_duration": 20.666666666666668,
      "time_to_goal": null
    }
  ]
}