{
  "episode_return": 14.285317908196319,
  "success": 0.0,
  "collision": 0.0,
  "min_obstacle_distance": 1.218724012374878,
  "min_clearance": 0.868724012374878,
  "path_length": 4.329998398723546,
  "start_to_goal_distance": 3.8663716316223145,
  "steps": 620.0,
  "control_effort": 0.5639232881607548,
  "episode_duration": 20.666666666666668,
  "time_to_goal": null
}