{
  "episode_return": -0.061178961219539474,
  "success": 0.0,
  "collision": 0.0,
  "min_obstacle_distance": 0.682398796081543,
  "min_clearance": 0.332398796081543,
  "path_length": 4.336473147675861,
  "start_to_goal_distance": 5.195745468139648,
  "steps": 620.0,
  "control_effort": 0.49247423545006785,
  "episode_duration": 20.666666666666668,
  "time_to_goal": null
}