{
  "episode_return": -21.425623278481908,
  "success": 0.0,
  "collision": 0.0,
  "min_obstacle_distance": 0.6653838157653809,
  "min_clearance": 0.3153838157653809,
  "path_length": 4.453588571690489,
  "start_to_goal_distance": 3.8663716316223145,
  "steps": 620.0,
  "control_effort": 0.5477924903554301,
  "episode_duration": 20.666666666666668,
  "time_to_goal": null
}