{
  "episode_return": -20.49090780851211,
  "success": 0.0,
  "collision": 0.0,
  "min_obstacle_distance": 1.3158355951309204,
  "min_clearance": 0.9658355951309204,
  "path_length": 4.28961889113998,
  "start_to_goal_distance": 3.8663716316223145,
  "steps": 620.0,
  "control_effort": 0.5070435436983263,
  "episode_duration": 20.666666666666668,
  "time_to_goal": null
}