{
  "summary": {
    "train_episode": 1900,
    "stage_index": 7,
    "stage_name": "target_default_intro",
    "stage_episode": 1140,
    "stage_eval_index": 73,
    "stage_target_hit": 0.0,
    "stage_success_streak": 0,
    "stage_best_success_rate": 0.5,
    "stage_best_collision_rate": 0.0,
    "stage_best_avg_return": 73.55451202392578,
    "stage_bad_eval_streak": 57,
    "stage_regression_active": 1.0,
    "stage_regression_bad_eval": 1.0,
    "stage_regression_absolute_drop": 0.5,
    "stage_regression_relative_drop": 1.0,
    "stage_regression_detected": 1.0,
    "stage_rollback_applied": 0.0,
    "stage_plateau_recovery_applied": 0.0,
    "num_episodes": 6,
    "success_rate": 0.0,
    "collision_rate": 0.0,
    "avg_episode_return": -41.296939849853516,
    "avg_path_length": 4.439209938049316,
    "avg_episode_duration": 20.66666603088379,
    "avg_time_to_goal": 0.0,
    "avg_min_obstacle_distance": 0.5873448252677917,
    "avg_min_clearance": 0.23734484612941742,
    "avg_control_effort": 0.5320513248443604,
    "avg_path_efficiency": 0.0,
    "avg_steps": 620.0,
    "best_episode_return": -16.631444931030273,
    "deterministic": 1.0,
    "seed_offset": 100000
  },
  "episodes": [
    {
      "episode_return": -69.53198451231444,
      "success": 0.0,
      "collision": 0.0,
      "min_obstacle_distance": 0.4296985864639282,
      "min_clearance": 0.07969858646392824,
      "path_length": 4.4685204677516595,
      "start_to_goal_distance": 5.67656946182251,
      "steps": 620.0,
      "control_effort": 0.5512145202967429,
      "episode_duration": 20.666666666666668,
      "time_to_goal": null
    },
    {
      "episode_return": -37.35361303308109,
      "success": 0.0,
      "collision": 0.0,
      "min_obstacle_distance": 0.486118882894516,
      "min_clearance": 0.136118882894516,
      "path_length": 4.414831898699049,
      "start_to_goal_distance": 3.87174391746521,
      "steps": 620.0,
      "control_effort": 0.5110420377023759,
      "episode_duration": 20.666666666666668,
      "time_to_goal": null
    },
    {
      "episode_return": -39.14476802355292,
      "success": 0.0,
      "collision": 0.0,
      "min_obstacle_distance": 0.7627108097076416,
      "min_clearance": 0.4127108097076416,
      "path_length": 4.51922396273585,
      "start_to_goal_distance": 4.218926906585693,
      "steps": 620.0,
      "control_effort": 0.5477231162209665,
      "episode_duration": 20.666666666666668,
      "time_to_goal": null
    },
    {
      "episode_return": -16.63144440612812,
      "success": 0.0,
      "collision": 0.0,
      "min_obstacle_distance": 0.8021504878997803,
      "min_clearance": 0.4521504878997803,
      "path_length": 4.525987426342908,
      "start_to_goal_distance": 3.8663716316223145,
      "steps": 620.0,
      "control_effort": 0.5387468853304463,
      "episode_duration": 20.666666666666668,
      "time_to_goal": null
    },
    {
      "episode_return": -68.02898168665529,
      "success": 0.0,
      "collision": 0.0,
      "min_obstacle_distance": 0.4548318684101105,
      "min_clearance": 0.1048318684101105,
      "path_length": 4.365595858427696,
      "start_to_goal_distance": 4.319121837615967,
      "steps": 620.0,
      "control_effort": 0.5326130812206576,
      "episode_duration": 20.666666666666668,
      "time_to_goal": null
    },
    {
      "episode_return": -17.090831805561642,
      "success": 0.0,
      "collision": 0.0,
      "min_obstacle_distance": 0.5885584354400635,
      "min_clearance": 0.2385584354400635,
      "path_length": 4.341101080237422,
      "start_to_goal_distance": 5.195745468139648,
      "steps": 620.0,
      "control_effort": 0.5109684263025561,
      "episode_duration": 20.666666666666668,
      "time_to_goal": null
    }
  ]
}