{
  "summary": {
    "train_episode": 1260,
    "stage_index": 7,
    "stage_name": "target_default_intro",
    "stage_episode": 500,
    "stage_eval_index": 41,
    "stage_target_hit": 0.0,
    "stage_success_streak": 0,
    "stage_best_success_rate": 0.5,
    "stage_best_collision_rate": 0.0,
    "stage_best_avg_return": 73.55451202392578,
    "stage_bad_eval_streak": 25,
    "stage_regression_active": 1.0,
    "stage_regression_bad_eval": 1.0,
    "stage_regression_absolute_drop": 0.5,
    "stage_regression_relative_drop": 1.0,
    "stage_regression_detected": 1.0,
    "stage_rollback_applied": 0.0,
    "stage_plateau_recovery_applied": 0.0,
    "num_episodes": 6,
    "success_rate": 0.0,
    "collision_rate": 0.3333333432674408,
    "avg_episode_return": -17.605634689331055,
    "avg_path_length": 2.9891316890716553,
    "avg_episode_duration": 17.9777774810791,
    "avg_time_to_goal": 0.0,
    "avg_min_obstacle_distance": 0.8266472816467285,
    "avg_min_clearance": 0.4766472578048706,
    "avg_control_effort": 0.5779575109481812,
    "avg_path_efficiency": 0.0,
    "avg_steps": 539.3333129882812,
    "best_episode_return": 26.617830276489258,
    "deterministic": 1.0,
    "seed_offset": 100000
  },
  "episodes": [
    {
      "episode_return": -24.07376308468687,
      "success": 0.0,
      "collision": 0.0,
      "min_obstacle_distance": 1.4644426107406616,
      "min_clearance": 1.1144426107406615,
      "path_length": 2.6693398526645495,
      "start_to_goal_distance": 5.67656946182251,
      "steps": 620.0,
      "control_effort": 0.578538645563587,
      "episode_duration": 20.666666666666668,
      "time_to_goal": null
    },
    {
      "episode_return": -32.81004561933049,
      "success": 0.0,
      "collision": 1.0,
      "min_obstacle_distance": 0.34666234254837036,
      "min_clearance": -0.0033376574516296165,
      "path_length": 1.0955391035677167,
      "start_to_goal_distance": 3.87174391746521,
      "steps": 159.0,
      "control_effort": 0.5886054275170812,
      "episode_duration": 5.3,
      "time_to_goal": null
    },
    {
      "episode_return": -4.955486498219749,
      "success": 0.0,
      "collision": 0.0,
      "min_obstacle_distance": 1.2871981859207153,
      "min_clearance": 0.9371981859207154,
      "path_length": 3.4243729870734683,
      "start_to_goal_distance": 4.218926906585693,
      "steps": 620.0,
      "control_effort": 0.5975357744001573,
      "episode_duration": 20.666666666666668,
      "time_to_goal": null
    },
    {
      "episode_return": 26.617829916303183,
      "success": 0.0,
      "collision": 0.0,
      "min_obstacle_distance": 0.67745441198349,
      "min_clearance": 0.32745441198349,
      "path_length": 4.337122756522149,
      "start_to_goal_distance": 3.8663716316223145,
      "steps": 620.0,
      "control_effort": 0.5848923080390499,
      "episode_duration": 20.666666666666668,
      "time_to_goal": null
    },
    {
      "episode_return": -30.808561471737818,
      "success": 0.0,
      "collision": 0.0,
      "min_obstacle_distance": 0.8386927247047424,
      "min_clearance": 0.48869272470474245,
      "path_length": 2.3072954098061587,
      "start_to_goal_distance": 4.319121837615967,
      "steps": 620.0,
      "control_effort": 0.5449616921044165,
      "episode_duration": 20.666666666666668,
      "time_to_goal": null
    },
    {
      "episode_return": -39.60378342128642,
      "success": 0.0,
      "collision": 1.0,
      "min_obstacle_distance": 0.34543338418006897,
      "min_clearance": -0.004566615819931008,
      "path_length": 4.101119786879281,
      "start_to_goal_distance": 5.195745468139648,
      "steps": 597.0,
      "control_effort": 0.5732111879429426,
      "episode_duration": 19.9,
      "time_to_goal": null
    }
  ]
}