{
  "summary": {
    "train_episode": 1800,
    "stage_index": 7,
    "stage_name": "target_default_intro",
    "stage_episode": 1040,
    "stage_eval_index": 68,
    "stage_target_hit": 0.0,
    "stage_success_streak": 0,
    "stage_best_success_rate": 0.5,
    "stage_best_collision_rate": 0.0,
    "stage_best_avg_return": 73.55451202392578,
    "stage_bad_eval_streak": 52,
    "stage_regression_active": 1.0,
    "stage_regression_bad_eval": 1.0,
    "stage_regression_absolute_drop": 0.5,
    "stage_regression_relative_drop": 1.0,
    "stage_regression_detected": 1.0,
    "stage_rollback_applied": 0.0,
    "stage_plateau_recovery_applied": 0.0,
    "num_episodes": 6,
    "success_rate": 0.0,
    "collision_rate": 0.0,
    "avg_episode_return": -22.812761306762695,
    "avg_path_length": 4.406007766723633,
    "avg_episode_duration": 20.66666603088379,
    "avg_time_to_goal": 0.0,
    "avg_min_obstacle_distance": 0.6717949509620667,
    "avg_min_clearance": 0.32179492712020874,
    "avg_control_effort": 0.5329801440238953,
    "avg_path_efficiency": 0.0,
    "avg_steps": 620.0,
    "best_episode_return": -6.749281406402588,
    "deterministic": 1.0,
    "seed_offset": 100000
  },
  "episodes": [
    {
      "episode_return": -24.134746201606458,
      "success": 0.0,
      "collision": 0.0,
      "min_obstacle_distance": 0.5082381367683411,
      "min_clearance": 0.1582381367683411,
      "path_length": 4.378286151622888,
      "start_to_goal_distance": 5.67656946182251,
      "steps": 620.0,
      "control_effort": 0.5464433492191376,
      "episode_duration": 20.666666666666668,
      "time_to_goal": null
    },
    {
      "episode_return": -18.689302305213268,
      "success": 0.0,
      "collision": 0.0,
      "min_obstacle_distance": 0.684908390045166,
      "min_clearance": 0.33490839004516604,
      "path_length": 4.43056722386973,
      "start_to_goal_distance": 3.87174391746521,
      "steps": 620.0,
      "control_effort": 0.5096559478871284,
      "episode_duration": 20.666666666666668,
      "time_to_goal": null
    },
    {
      "episode_return": -22.47982651115666,
      "success": 0.0,
      "collision": 0.0,
      "min_obstacle_distance": 0.7945338487625122,
      "min_clearance": 0.44453384876251223,
      "path_length": 4.431118871434592,
      "start_to_goal_distance": 4.218926906585693,
      "steps": 620.0,
      "control_effort": 0.545029748495548,
      "episode_duration": 20.666666666666668,
      "time_to_goal": null
    },
    {
      "episode_return": -6.749281281144622,
      "success": 0.0,
      "collision": 0.0,
      "min_obstacle_distance": 0.994601309299469,
      "min_clearance": 0.644601309299469,
      "path_length": 4.503382932103705,
      "start_to_goal_distance": 3.8663716316223145,
      "steps": 620.0,
      "control_effort": 0.5424685894000915,
      "episode_duration": 20.666666666666668,
      "time_to_goal": null
    },
    {
      "episode_return": -52.14426053808028,
      "success": 0.0,
      "collision": 0.0,
      "min_obstacle_distance": 0.47981518507003784,
      "min_clearance": 0.12981518507003786,
      "path_length": 4.414821479469538,
      "start_to_goal_distance": 4.319121837615967,
      "steps": 620.0,
      "control_effort": 0.5324608083694212,
      "episode_duration": 20.666666666666668,
      "time_to_goal": null
    },
    {
      "episode_return": -12.6791471707504,
      "success": 0.0,
      "collision": 0.0,
      "min_obstacle_distance": 0.568672776222229,
      "min_clearance": 0.21867277622222903,
      "path_length": 4.277870610530954,
      "start_to_goal_distance": 5.195745468139648,
      "steps": 620.0,
      "control_effort": 0.5218225403178123,
      "episode_duration": 20.666666666666668,
      "time_to_goal": null
    }
  ]
}