{
  "summary": {
    "train_episode": 2180,
    "stage_index": 7,
    "stage_name": "target_default_intro",
    "stage_episode": 1420,
    "stage_eval_index": 87,
    "stage_target_hit": 0.0,
    "stage_success_streak": 0,
    "stage_best_success_rate": 0.5,
    "stage_best_collision_rate": 0.0,
    "stage_best_avg_return": 73.55451202392578,
    "stage_bad_eval_streak": 71,
    "stage_regression_active": 1.0,
    "stage_regression_bad_eval": 1.0,
    "stage_regression_absolute_drop": 0.5,
    "stage_regression_relative_drop": 1.0,
    "stage_regression_detected": 1.0,
    "stage_rollback_applied": 0.0,
    "stage_plateau_recovery_applied": 0.0,
    "num_episodes": 6,
    "success_rate": 0.0,
    "collision_rate": 0.0,
    "avg_episode_return": -39.403072357177734,
    "avg_path_length": 4.295656681060791,
    "avg_episode_duration": 20.66666603088379,
    "avg_time_to_goal": 0.0,
    "avg_min_obstacle_distance": 0.7475106120109558,
    "avg_min_clearance": 0.3975105285644531,
    "avg_control_effort": 0.520517110824585,
    "avg_path_efficiency": 0.0,
    "avg_steps": 620.0,
    "best_episode_return": -4.023606300354004,
    "deterministic": 1.0,
    "seed_offset": 100000
  },
  "episodes": [
    {
      "episode_return": -53.88469421605643,
      "success": 0.0,
      "collision": 0.0,
      "min_obstacle_distance": 0.9328587055206299,
      "min_clearance": 0.5828587055206299,
      "path_length": 3.7353330139841745,
      "start_to_goal_distance": 5.67656946182251,
      "steps": 620.0,
      "control_effort": 0.5249466352885769,
      "episode_duration": 20.666666666666668,
      "time_to_goal": null
    },
    {
      "episode_return": -33.40069665021307,
      "success": 0.0,
      "collision": 0.0,
      "min_obstacle_distance": 0.6462627649307251,
      "min_clearance": 0.2962627649307251,
      "path_length": 4.3868891029269435,
      "start_to_goal_distance": 3.87174391746521,
      "steps": 620.0,
      "control_effort": 0.49883300921609325,
      "episode_duration": 20.666666666666668,
      "time_to_goal": null
    },
    {
      "episode_return": -56.9484883173154,
      "success": 0.0,
      "collision": 0.0,
      "min_obstacle_distance": 0.9779134392738342,
      "min_clearance": 0.6279134392738343,
      "path_length": 4.544218065042514,
      "start_to_goal_distance": 4.218926906585693,
      "steps": 620.0,
      "control_effort": 0.539655887359573,
      "episode_duration": 20.666666666666668,
      "time_to_goal": null
    },
    {
      "episode_return": -25.090212491849407,
      "success": 0.0,
      "collision": 0.0,
      "min_obstacle_distance": 0.8285843729972839,
      "min_clearance": 0.47858437299728396,
      "path_length": 4.348290253139567,
      "start_to_goal_distance": 3.8663716316223145,
      "steps": 620.0,
      "control_effort": 0.533266545255338,
      "episode_duration": 20.666666666666668,
      "time_to_goal": null
    },
    {
      "episode_return": -63.07073849715572,
      "success": 0.0,
      "collision": 0.0,
      "min_obstacle_distance": 0.5112690925598145,
      "min_clearance": 0.16126909255981448,
      "path_length": 4.449219344765879,
      "start_to_goal_distance": 4.319121837615967,
      "steps": 620.0,
      "control_effort": 0.5282612914519925,
      "episode_duration": 20.666666666666668,
      "time_to_goal": null
    },
    {
      "episode_return": -4.023606272713195,
      "success": 0.0,
      "collision": 0.0,
      "min_obstacle_distance": 0.5881749987602234,
      "min_clearance": 0.2381749987602234,
      "path_length": 4.309989620058332,
      "start_to_goal_distance": 5.195745468139648,
      "steps": 620.0,
      "control_effort": 0.4981392530183638,
      "episode_duration": 20.666666666666668,
      "time_to_goal": null
    }
  ]
}