{
  "episode_return": 0.8228106198817784,
  "success": 0.0,
  "collision": 0.0,
  "min_obstacle_distance": 1.2328402996063232,
  "min_clearance": 0.8828402996063233,
  "path_length": 3.7354198354565735,
  "start_to_goal_distance": 4.218926906585693,
  "steps": 620.0,
  "control_effort": 0.6025422249109514,
  "episode_duration": 20.666666666666668,
  "time_to_goal": null
}