{
  "summary": {
    "train_episode": 1600,
    "stage_index": 7,
    "stage_name": "target_default_intro",
    "stage_episode": 840,
    "stage_eval_index": 58,
    "stage_target_hit": 0.0,
    "stage_success_streak": 0,
    "stage_best_success_rate": 0.5,
    "stage_best_collision_rate": 0.0,
    "stage_best_avg_return": 73.55451202392578,
    "stage_bad_eval_streak": 42,
    "stage_regression_active": 1.0,
    "stage_regression_bad_eval": 1.0,
    "stage_regression_absolute_drop": 0.5,
    "stage_regression_relative_drop": 1.0,
    "stage_regression_detected": 1.0,
    "stage_rollback_applied": 0.0,
    "stage_plateau_recovery_applied": 0.0,
    "num_episodes": 6,
    "success_rate": 0.0,
    "collision_rate": 0.1666666716337204,
    "avg_episode_return": -17.707721710205078,
    "avg_path_length": 4.132235050201416,
    "avg_episode_duration": 19.372220993041992,
    "avg_time_to_goal": 0.0,
    "avg_min_obstacle_distance": 0.7460117340087891,
    "avg_min_clearance": 0.39601173996925354,
    "avg_control_effort": 0.5645942091941833,
    "avg_path_efficiency": 0.0,
    "avg_steps": 581.1666870117188,
    "best_episode_return": 8.390450477600098,
    "deterministic": 1.0,
    "seed_offset": 100000
  },
  "episodes": [
    {
      "episode_return": -16.067477808481907,
      "success": 0.0,
      "collision": 1.0,
      "min_obstacle_distance": 0.34809011220932007,
      "min_clearance": -0.0019098877906799094,
      "path_length": 2.622020060720388,
      "start_to_goal_distance": 5.67656946182251,
      "steps": 387.0,
      "control_effort": 0.5972031538184607,
      "episode_duration": 12.9,
      "time_to_goal": null
    },
    {
      "episode_return": -19.164784295503267,
      "success": 0.0,
      "collision": 0.0,
      "min_obstacle_distance": 0.757223904132843,
      "min_clearance": 0.40722390413284304,
      "path_length": 4.438138325989712,
      "start_to_goal_distance": 3.87174391746521,
      "steps": 620.0,
      "control_effort": 0.5409198935954801,
      "episode_duration": 20.666666666666668,
      "time_to_goal": null
    },
    {
      "episode_return": -7.31792626865618,
      "success": 0.0,
      "collision": 0.0,
      "min_obstacle_distance": 1.069535732269287,
      "min_clearance": 0.7195357322692871,
      "path_length": 4.249162403168157,
      "start_to_goal_distance": 4.218926906585693,
      "steps": 620.0,
      "control_effort": 0.579230286709724,
      "episode_duration": 20.666666666666668,
      "time_to_goal": null
    },
    {
      "episode_return": 8.390450793171794,
      "success": 0.0,
      "collision": 0.0,
      "min_obstacle_distance": 1.1568686962127686,
      "min_clearance": 0.8068686962127686,
      "path_length": 4.523729859385639,
      "start_to_goal_distance": 3.8663716316223145,
      "steps": 620.0,
      "control_effort": 0.5710543612799337,
      "episode_duration": 20.666666666666668,
      "time_to_goal": null
    },
    {
      "episode_return": -51.815202383930604,
      "success": 0.0,
      "collision": 0.0,
      "min_obstacle_distance": 0.5736718773841858,
      "min_clearance": 0.2236718773841858,
      "path_length": 4.50258388146176,
      "start_to_goal_distance": 4.319121837615967,
      "steps": 620.0,
      "control_effort": 0.5518085289386011,
      "episode_duration": 20.666666666666668,
      "time_to_goal": null
    },
    {
      "episode_return": -20.27139468571138,
      "success": 0.0,
      "collision": 0.0,
      "min_obstacle_distance": 0.5706803202629089,
      "min_clearance": 0.22068032026290896,
      "path_length": 4.457777852832805,
      "start_to_goal_distance": 5.195745468139648,
      "steps": 620.0,
      "control_effort": 0.5473488359682022,
      "episode_duration": 20.666666666666668,
      "time_to_goal": null
    }
  ]
}