{
  "summary": {
    "train_episode": 2660,
    "stage_index": 7,
    "stage_name": "target_default_intro",
    "stage_episode": 1900,
    "stage_eval_index": 111,
    "stage_target_hit": 0.0,
    "stage_success_streak": 0,
    "stage_best_success_rate": 0.5,
    "stage_best_collision_rate": 0.0,
    "stage_best_avg_return": 73.55451202392578,
    "stage_bad_eval_streak": 95,
    "stage_regression_active": 1.0,
    "stage_regression_bad_eval": 1.0,
    "stage_regression_absolute_drop": 0.5,
    "stage_regression_relative_drop": 1.0,
    "stage_regression_detected": 1.0,
    "stage_rollback_applied": 0.0,
    "stage_plateau_recovery_applied": 0.0,
    "num_episodes": 6,
    "success_rate": 0.0,
    "collision_rate": 0.1666666716337204,
    "avg_episode_return": -64.26582336425781,
    "avg_path_length": 3.504142999649048,
    "avg_episode_duration": 17.883333206176758,
    "avg_time_to_goal": 0.0,
    "avg_min_obstacle_distance": 1.0477033853530884,
    "avg_min_clearance": 0.6977033615112305,
    "avg_control_effort": 0.4639664590358734,
    "avg_path_efficiency": 0.0,
    "avg_steps": 536.5,
    "best_episode_return": -6.649298191070557,
    "deterministic": 1.0,
    "seed_offset": 100000
  },
  "episodes": [
    {
      "episode_return": -85.26955405377115,
      "success": 0.0,
      "collision": 0.0,
      "min_obstacle_distance": 1.8243964910507202,
      "min_clearance": 1.4743964910507201,
      "path_length": 3.057896218763446,
      "start_to_goal_distance": 5.67656946182251,
      "steps": 620.0,
      "control_effort": 0.4666315511349709,
      "episode_duration": 20.666666666666668,
      "time_to_goal": null
    },
    {
      "episode_return": -83.98859475210162,
      "success": 0.0,
      "collision": 0.0,
      "min_obstacle_distance": 1.0162696838378906,
      "min_clearance": 0.6662696838378906,
      "path_length": 4.358514121209737,
      "start_to_goal_distance": 3.87174391746521,
      "steps": 620.0,
      "control_effort": 0.45463150355123705,
      "episode_duration": 20.666666666666668,
      "time_to_goal": null
    },
    {
      "episode_return": -93.0188976680913,
      "success": 0.0,
      "collision": 0.0,
      "min_obstacle_distance": 1.20742928981781,
      "min_clearance": 0.8574292898178101,
      "path_length": 4.295845541753806,
      "start_to_goal_distance": 4.218926906585693,
      "steps": 620.0,
      "control_effort": 0.46630539346125816,
      "episode_duration": 20.666666666666668,
      "time_to_goal": null
    },
    {
      "episode_return": -69.68691119148751,
      "success": 0.0,
      "collision": 0.0,
      "min_obstacle_distance": 1.2660963535308838,
      "min_clearance": 0.9160963535308838,
      "path_length": 4.338381475827191,
      "start_to_goal_distance": 3.8663716316223145,
      "steps": 620.0,
      "control_effort": 0.47766275588543183,
      "episode_duration": 20.666666666666668,
      "time_to_goal": null
    },
    {
      "episode_return": -46.981699996144286,
      "success": 0.0,
      "collision": 1.0,
      "min_obstacle_distance": 0.34902945160865784,
      "min_clearance": -0.0009705483913421409,
      "path_length": 0.742195914266631,
      "start_to_goal_distance": 4.319121837615967,
      "steps": 119.0,
      "control_effort": 0.4459184235384484,
      "episode_duration": 3.966666666666667,
      "time_to_goal": null
    },
    {
      "episode_return": -6.649298011556127,
      "success": 0.0,
      "collision": 0.0,
      "min_obstacle_distance": 0.6229992508888245,
      "min_clearance": 0.2729992508888245,
      "path_length": 4.232026727171615,
      "start_to_goal_distance": 5.195745468139648,
      "steps": 620.0,
      "control_effort": 0.4726490302431968,
      "episode_duration": 20.666666666666668,
      "time_to_goal": null
    }
  ]
}