{
  "summary": {
    "train_episode": 1840,
    "stage_index": 7,
    "stage_name": "target_default_intro",
    "stage_episode": 1080,
    "stage_eval_index": 70,
    "stage_target_hit": 0.0,
    "stage_success_streak": 0,
    "stage_best_success_rate": 0.5,
    "stage_best_collision_rate": 0.0,
    "stage_best_avg_return": 73.55451202392578,
    "stage_bad_eval_streak": 54,
    "stage_regression_active": 1.0,
    "stage_regression_bad_eval": 1.0,
    "stage_regression_absolute_drop": 0.5,
    "stage_regression_relative_drop": 1.0,
    "stage_regression_detected": 1.0,
    "stage_rollback_applied": 0.0,
    "stage_plateau_recovery_applied": 0.0,
    "num_episodes": 6,
    "success_rate": 0.0,
    "collision_rate": 0.0,
    "avg_episode_return": -23.299882888793945,
    "avg_path_length": 4.413475513458252,
    "avg_episode_duration": 20.66666603088379,
    "avg_time_to_goal": 0.0,
    "avg_min_obstacle_distance": 0.7837633490562439,
    "avg_min_clearance": 0.4337632656097412,
    "avg_control_effort": 0.5391047596931458,
    "avg_path_efficiency": 0.0,
    "avg_steps": 620.0,
    "best_episode_return": -2.172776937484741,
    "deterministic": 1.0,
    "seed_offset": 100000
  },
  "episodes": [
    {
      "episode_return": -14.88727441616922,
      "success": 0.0,
      "collision": 0.0,
      "min_obstacle_distance": 0.7696547508239746,
      "min_clearance": 0.41965475082397463,
      "path_length": 4.362934564240277,
      "start_to_goal_distance": 5.67656946182251,
      "steps": 620.0,
      "control_effort": 0.5525445990504757,
      "episode_duration": 20.666666666666668,
      "time_to_goal": null
    },
    {
      "episode_return": -12.909572517831027,
      "success": 0.0,
      "collision": 0.0,
      "min_obstacle_distance": 0.9131463766098022,
      "min_clearance": 0.5631463766098023,
      "path_length": 4.4114837751258165,
      "start_to_goal_distance": 3.87174391746521,
      "steps": 620.0,
      "control_effort": 0.5188091765007665,
      "episode_duration": 20.666666666666668,
      "time_to_goal": null
    },
    {
      "episode_return": -21.980735912789836,
      "success": 0.0,
      "collision": 0.0,
      "min_obstacle_distance": 0.6807515025138855,
      "min_clearance": 0.3307515025138855,
      "path_length": 4.436921131156851,
      "start_to_goal_distance": 4.218926906585693,
      "steps": 620.0,
      "control_effort": 0.5529417406166753,
      "episode_duration": 20.666666666666668,
      "time_to_goal": null
    },
    {
      "episode_return": -2.172776986134089,
      "success": 0.0,
      "collision": 0.0,
      "min_obstacle_distance": 1.2636232376098633,
      "min_clearance": 0.9136232376098633,
      "path_length": 4.436917211394757,
      "start_to_goal_distance": 3.8663716316223145,
      "steps": 620.0,
      "control_effort": 0.5505458356391999,
      "episode_duration": 20.666666666666668,
      "time_to_goal": null
    },
    {
      "episode_return": -76.02465019399295,
      "success": 0.0,
      "collision": 0.0,
      "min_obstacle_distance": 0.39951688051223755,
      "min_clearance": 0.04951688051223757,
      "path_length": 4.325681148911826,
      "start_to_goal_distance": 4.319121837615967,
      "steps": 620.0,
      "control_effort": 0.5385281621929138,
      "episode_duration": 20.666666666666668,
      "time_to_goal": null
    },
    {
      "episode_return": -11.824295136225402,
      "success": 0.0,
      "collision": 0.0,
      "min_obstacle_distance": 0.6758870482444763,
      "min_clearance": 0.32588704824447634,
      "path_length": 4.506915638630744,
      "start_to_goal_distance": 5.195745468139648,
      "steps": 620.0,
      "control_effort": 0.5212587450300493,
      "episode_duration": 20.666666666666668,
      "time_to_goal": null
    }
  ]
}