{
  "summary": {
    "train_episode": 840,
    "stage_index": 7,
    "stage_name": "target_default_intro",
    "stage_episode": 80,
    "stage_eval_index": 20,
    "stage_target_hit": 0.0,
    "stage_success_streak": 0,
    "stage_best_success_rate": 0.5,
    "stage_best_collision_rate": 0.0,
    "stage_best_avg_return": 73.55451202392578,
    "stage_bad_eval_streak": 4,
    "stage_regression_active": 1.0,
    "stage_regression_bad_eval": 1.0,
    "stage_regression_absolute_drop": 0.5,
    "stage_regression_relative_drop": 1.0,
    "stage_regression_detected": 1.0,
    "stage_rollback_applied": 0.0,
    "stage_plateau_recovery_applied": 0.0,
    "num_episodes": 6,
    "success_rate": 0.0,
    "collision_rate": 0.1666666716337204,
    "avg_episode_return": -31.542219161987305,
    "avg_path_length": 4.162220001220703,
    "avg_episode_duration": 19.011110305786133,
    "avg_time_to_goal": 0.0,
    "avg_min_obstacle_distance": 0.7088243365287781,
    "avg_min_clearance": 0.3588242828845978,
    "avg_control_effort": 0.6439487934112549,
    "avg_path_efficiency": 0.0,
    "avg_steps": 570.3333129882812,
    "best_episode_return": -5.049084663391113,
    "deterministic": 1.0,
    "seed_offset": 100000
  },
  "episodes": [
    {
      "episode_return": -29.657765508000274,
      "success": 0.0,
      "collision": 0.0,
      "min_obstacle_distance": 1.0572954416275024,
      "min_clearance": 0.7072954416275025,
      "path_length": 4.634286823980801,
      "start_to_goal_distance": 5.67656946182251,
      "steps": 620.0,
      "control_effort": 0.6544708348089648,
      "episode_duration": 20.666666666666668,
      "time_to_goal": null
    },
    {
      "episode_return": -109.04575884690624,
      "success": 0.0,
      "collision": 0.0,
      "min_obstacle_distance": 0.3549913763999939,
      "min_clearance": 0.004991376399993919,
      "path_length": 4.506291555218922,
      "start_to_goal_distance": 3.87174391746521,
      "steps": 620.0,
      "control_effort": 0.6318046256419151,
      "episode_duration": 20.666666666666668,
      "time_to_goal": null
    },
    {
      "episode_return": -13.42285444845556,
      "success": 0.0,
      "collision": 0.0,
      "min_obstacle_distance": 0.818256139755249,
      "min_clearance": 0.46825613975524905,
      "path_length": 4.489289804681903,
      "start_to_goal_distance": 4.218926906585693,
      "steps": 620.0,
      "control_effort": 0.64168227564904,
      "episode_duration": 20.666666666666668,
      "time_to_goal": null
    },
    {
      "episode_return": -9.548337651503193,
      "success": 0.0,
      "collision": 0.0,
      "min_obstacle_distance": 0.9036717414855957,
      "min_clearance": 0.5536717414855957,
      "path_length": 4.565969445218798,
      "start_to_goal_distance": 3.8663716316223145,
      "steps": 620.0,
      "control_effort": 0.6375290492849965,
      "episode_duration": 20.666666666666668,
      "time_to_goal": null
    },
    {
      "episode_return": -5.04908456255837,
      "success": 0.0,
      "collision": 0.0,
      "min_obstacle_distance": 0.7730542421340942,
      "min_clearance": 0.42305424213409426,
      "path_length": 4.559567795076873,
      "start_to_goal_distance": 4.319121837615967,
      "steps": 620.0,
      "control_effort": 0.652310959466042,
      "episode_duration": 20.666666666666668,
      "time_to_goal": null
    },
    {
      "episode_return": -22.529504836548536,
      "success": 0.0,
      "collision": 1.0,
      "min_obstacle_distance": 0.3456767201423645,
      "min_clearance": -0.004323279857635476,
      "path_length": 2.2179146516282344,
      "start_to_goal_distance": 5.195745468139648,
      "steps": 322.0,
      "control_effort": 0.6458951162625544,
      "episode_duration": 10.733333333333333,
      "time_to_goal": null
    }
  ]
}