{
  "episode_return": -3.7179443694446306,
  "success": 0.0,
  "collision": 0.0,
  "min_obstacle_distance": 1.2773205041885376,
  "min_clearance": 0.9273205041885376,
  "path_length": 3.313027799214609,
  "start_to_goal_distance": 4.218926906585693,
  "steps": 620.0,
  "control_effort": 0.6118874804627511,
  "episode_duration": 20.666666666666668,
  "time_to_goal": null
}