{
  "episode_return": 13.554363418626302,
  "success": 0.0,
  "collision": 0.0,
  "min_obstacle_distance": 1.0410020351409912,
  "min_clearance": 0.6910020351409912,
  "path_length": 4.526848791225348,
  "start_to_goal_distance": 3.8663716316223145,
  "steps": 620.0,
  "control_effort": 0.6149035950822215,
  "episode_duration": 20.666666666666668,
  "time_to_goal": null
}