{
  "summary": {
    "train_episode": 1360,
    "stage_index": 7,
    "stage_name": "target_default_intro",
    "stage_episode": 600,
    "stage_eval_index": 46,
    "stage_target_hit": 0.0,
    "stage_success_streak": 0,
    "stage_best_success_rate": 0.5,
    "stage_best_collision_rate": 0.0,
    "stage_best_avg_return": 73.55451202392578,
    "stage_bad_eval_streak": 30,
    "stage_regression_active": 1.0,
    "stage_regression_bad_eval": 1.0,
    "stage_regression_absolute_drop": 0.5,
    "stage_regression_relative_drop": 1.0,
    "stage_regression_detected": 1.0,
    "stage_rollback_applied": 0.0,
    "stage_plateau_recovery_applied": 0.0,
    "num_episodes": 6,
    "success_rate": 0.0,
    "collision_rate": 0.3333333432674408,
    "avg_episode_return": -23.589853286743164,
    "avg_path_length": 2.9502179622650146,
    "avg_episode_duration": 18.00555419921875,
    "avg_time_to_goal": 0.0,
    "avg_min_obstacle_distance": 0.8166513442993164,
    "avg_min_clearance": 0.4666513502597809,
    "avg_control_effort": 0.5601531267166138,
    "avg_path_efficiency": 0.0,
    "avg_steps": 540.1666870117188,
    "best_episode_return": -9.79775619506836,
    "deterministic": 1.0,
    "seed_offset": 100000
  },
  "episodes": [
    {
      "episode_return": -26.33814174793708,
      "success": 0.0,
      "collision": 0.0,
      "min_obstacle_distance": 1.4501537084579468,
      "min_clearance": 1.1001537084579467,
      "path_length": 2.6450845747150424,
      "start_to_goal_distance": 5.67656946182251,
      "steps": 620.0,
      "control_effort": 0.557505351881827,
      "episode_duration": 20.666666666666668,
      "time_to_goal": null
    },
    {
      "episode_return": -27.446926783389397,
      "success": 0.0,
      "collision": 1.0,
      "min_obstacle_distance": 0.3497839570045471,
      "min_clearance": -0.00021604299545285865,
      "path_length": 1.029055539474939,
      "start_to_goal_distance": 3.87174391746521,
      "steps": 144.0,
      "control_effort": 0.5730175375938416,
      "episode_duration": 4.8,
      "time_to_goal": null
    },
    {
      "episode_return": -9.797755978924148,
      "success": 0.0,
      "collision": 0.0,
      "min_obstacle_distance": 1.2027740478515625,
      "min_clearance": 0.8527740478515625,
      "path_length": 3.1467337866146323,
      "start_to_goal_distance": 4.218926906585693,
      "steps": 620.0,
      "control_effort": 0.5894119758759776,
      "episode_duration": 20.666666666666668,
      "time_to_goal": null
    },
    {
      "episode_return": -16.238391521401443,
      "success": 0.0,
      "collision": 0.0,
      "min_obstacle_distance": 0.6797621846199036,
      "min_clearance": 0.3297621846199036,
      "path_length": 4.390886578083155,
      "start_to_goal_distance": 3.8663716316223145,
      "steps": 620.0,
      "control_effort": 0.5675801012785204,
      "episode_duration": 20.666666666666668,
      "time_to_goal": null
    },
    {
      "episode_return": -33.76193830364323,
      "success": 0.0,
      "collision": 0.0,
      "min_obstacle_distance": 0.8747742176055908,
      "min_clearance": 0.5247742176055908,
      "path_length": 2.1570779091725285,
      "start_to_goal_distance": 4.319121837615967,
      "steps": 620.0,
      "control_effort": 0.5171944900866478,
      "episode_duration": 20.666666666666668,
      "time_to_goal": null
    },
    {
      "episode_return": -27.955963729571447,
      "success": 0.0,
      "collision": 1.0,
      "min_obstacle_distance": 0.3426600992679596,
      "min_clearance": -0.007339900732040383,
      "path_length": 4.332467533851741,
      "start_to_goal_distance": 5.195745468139648,
      "steps": 617.0,
      "control_effort": 0.556209116063203,
      "episode_duration": 20.566666666666666,
      "time_to_goal": null
    }
  ]
}