{
  "episode_return": 6.90110389325082,
  "success": 0.0,
  "collision": 0.0,
  "min_obstacle_distance": 0.8285761475563049,
  "min_clearance": 0.47857614755630495,
  "path_length": 4.490608183492441,
  "start_to_goal_distance": 3.8663716316223145,
  "steps": 620.0,
  "control_effort": 0.5694521244495145,
  "episode_duration": 20.666666666666668,
  "time_to_goal": null
}