{
  "episode_return": -6.124717067161217,
  "success": 0.0,
  "collision": 0.0,
  "min_obstacle_distance": 1.1655383110046387,
  "min_clearance": 0.8155383110046387,
  "path_length": 4.402380434854422,
  "start_to_goal_distance": 3.8663716316223145,
  "steps": 620.0,
  "control_effort": 0.5350147948630395,
  "episode_duration": 20.666666666666668,
  "time_to_goal": null
}