{
  "summary": {
    "train_episode": 1240,
    "stage_index": 7,
    "stage_name": "target_default_intro",
    "stage_episode": 480,
    "stage_eval_index": 40,
    "stage_target_hit": 0.0,
    "stage_success_streak": 0,
    "stage_best_success_rate": 0.5,
    "stage_best_collision_rate": 0.0,
    "stage_best_avg_return": 73.55451202392578,
    "stage_bad_eval_streak": 24,
    "stage_regression_active": 1.0,
    "stage_regression_bad_eval": 1.0,
    "stage_regression_absolute_drop": 0.5,
    "stage_regression_relative_drop": 1.0,
    "stage_regression_detected": 1.0,
    "stage_rollback_applied": 0.0,
    "stage_plateau_recovery_applied": 0.0,
    "num_episodes": 6,
    "success_rate": 0.0,
    "collision_rate": 0.3333333432674408,
    "avg_episode_return": -22.693405151367188,
    "avg_path_length": 3.0750491619110107,
    "avg_episode_duration": 17.822221755981445,
    "avg_time_to_goal": 0.0,
    "avg_min_obstacle_distance": 0.7638421058654785,
    "avg_min_clearance": 0.4138420522212982,
    "avg_control_effort": 0.578312337398529,
    "avg_path_efficiency": 0.0,
    "avg_steps": 534.6666870117188,
    "best_episode_return": -7.885193824768066,
    "deterministic": 1.0,
    "seed_offset": 100000
  },
  "episodes": [
    {
      "episode_return": -20.613724568507386,
      "success": 0.0,
      "collision": 0.0,
      "min_obstacle_distance": 1.3627448081970215,
      "min_clearance": 1.0127448081970214,
      "path_length": 2.779928432439661,
      "start_to_goal_distance": 5.67656946182251,
      "steps": 620.0,
      "control_effort": 0.5848078869042858,
      "episode_duration": 20.666666666666668,
      "time_to_goal": null
    },
    {
      "episode_return": -37.01749042775407,
      "success": 0.0,
      "collision": 1.0,
      "min_obstacle_distance": 0.3493131101131439,
      "min_clearance": -0.0006868898868560569,
      "path_length": 1.1224590800557053,
      "start_to_goal_distance": 3.87174391746521,
      "steps": 150.0,
      "control_effort": 0.592492561340332,
      "episode_duration": 5.0,
      "time_to_goal": null
    },
    {
      "episode_return": -7.885193730945915,
      "success": 0.0,
      "collision": 0.0,
      "min_obstacle_distance": 1.3337593078613281,
      "min_clearance": 0.9837593078613281,
      "path_length": 3.421046983288818,
      "start_to_goal_distance": 4.218926906585693,
      "steps": 620.0,
      "control_effort": 0.5934846356030433,
      "episode_duration": 20.666666666666668,
      "time_to_goal": null
    },
    {
      "episode_return": -28.892627391956722,
      "success": 0.0,
      "collision": 0.0,
      "min_obstacle_distance": 0.3561123013496399,
      "min_clearance": 0.006112301349639915,
      "path_length": 4.49705272182473,
      "start_to_goal_distance": 3.8663716316223145,
      "steps": 620.0,
      "control_effort": 0.5787540784766597,
      "episode_duration": 20.666666666666668,
      "time_to_goal": null
    },
    {
      "episode_return": -22.213306139362402,
      "success": 0.0,
      "collision": 0.0,
      "min_obstacle_distance": 0.8361173868179321,
      "min_clearance": 0.48611738681793215,
      "path_length": 2.4587848172077145,
      "start_to_goal_distance": 4.319121837615967,
      "steps": 620.0,
      "control_effort": 0.5498544476685986,
      "episode_duration": 20.666666666666668,
      "time_to_goal": null
    },
    {
      "episode_return": -19.53808825618382,
      "success": 0.0,
      "collision": 1.0,
      "min_obstacle_distance": 0.3450052738189697,
      "min_clearance": -0.004994726181030251,
      "path_length": 4.171022630907828,
      "start_to_goal_distance": 5.195745468139648,
      "steps": 578.0,
      "control_effort": 0.5704801039299751,
      "episode_duration": 19.266666666666666,
      "time_to_goal": null
    }
  ]
}