{
  "summary": {
    "train_episode": 2980,
    "stage_index": 7,
    "stage_name": "target_default_intro",
    "stage_episode": 2220,
    "stage_eval_index": 127,
    "stage_target_hit": 0.0,
    "stage_success_streak": 0,
    "stage_best_success_rate": 0.5,
    "stage_best_collision_rate": 0.0,
    "stage_best_avg_return": 73.55451202392578,
    "stage_bad_eval_streak": 111,
    "stage_regression_active": 1.0,
    "stage_regression_bad_eval": 1.0,
    "stage_regression_absolute_drop": 0.5,
    "stage_regression_relative_drop": 1.0,
    "stage_regression_detected": 1.0,
    "stage_rollback_applied": 0.0,
    "stage_plateau_recovery_applied": 0.0,
    "num_episodes": 6,
    "success_rate": 0.0,
    "collision_rate": 0.0,
    "avg_episode_return": -124.0920639038086,
    "avg_path_length": 4.031983852386475,
    "avg_episode_duration": 20.66666603088379,
    "avg_time_to_goal": 0.0,
    "avg_min_obstacle_distance": 0.9980186820030212,
    "avg_min_clearance": 0.6480185985565186,
    "avg_control_effort": 0.521159827709198,
    "avg_path_efficiency": 0.0,
    "avg_steps": 620.0,
    "best_episode_return": 11.537083625793457,
    "deterministic": 1.0,
    "seed_offset": 100000
  },
  "episodes": [
    {
      "episode_return": -115.61594784040028,
      "success": 0.0,
      "collision": 0.0,
      "min_obstacle_distance": 1.8747363090515137,
      "min_clearance": 1.5247363090515136,
      "path_length": 2.470704590717915,
      "start_to_goal_distance": 5.67656946182251,
      "steps": 620.0,
      "control_effort": 0.5344559326287239,
      "episode_duration": 20.666666666666668,
      "time_to_goal": null
    },
    {
      "episode_return": -135.5329720649386,
      "success": 0.0,
      "collision": 0.0,
      "min_obstacle_distance": 0.44315972924232483,
      "min_clearance": 0.09315972924232485,
      "path_length": 4.4371860207174905,
      "start_to_goal_distance": 3.87174391746521,
      "steps": 620.0,
      "control_effort": 0.5105857880365464,
      "episode_duration": 20.666666666666668,
      "time_to_goal": null
    },
    {
      "episode_return": -130.82263621940785,
      "success": 0.0,
      "collision": 0.0,
      "min_obstacle_distance": 1.336258053779602,
      "min_clearance": 0.9862580537796021,
      "path_length": 4.400112989183981,
      "start_to_goal_distance": 4.218926906585693,
      "steps": 620.0,
      "control_effort": 0.5395894511572776,
      "episode_duration": 20.666666666666668,
      "time_to_goal": null
    },
    {
      "episode_return": -87.89566909640521,
      "success": 0.0,
      "collision": 0.0,
      "min_obstacle_distance": 1.0519601106643677,
      "min_clearance": 0.7019601106643677,
      "path_length": 4.32769010879565,
      "start_to_goal_distance": 3.8663716316223145,
      "steps": 620.0,
      "control_effort": 0.5183547197330383,
      "episode_duration": 20.666666666666668,
      "time_to_goal": null
    },
    {
      "episode_return": -286.2222281101398,
      "success": 0.0,
      "collision": 0.0,
      "min_obstacle_distance": 0.36280515789985657,
      "min_clearance": 0.01280515789985659,
      "path_length": 4.256415820564143,
      "start_to_goal_distance": 4.319121837615967,
      "steps": 620.0,
      "control_effort": 0.5108770005164608,
      "episode_duration": 20.666666666666668,
      "time_to_goal": null
    },
    {
      "episode_return": 11.537083779413678,
      "success": 0.0,
      "collision": 0.0,
      "min_obstacle_distance": 0.9191922545433044,
      "min_clearance": 0.5691922545433045,
      "path_length": 4.299790394958109,
      "start_to_goal_distance": 5.195745468139648,
      "steps": 620.0,
      "control_effort": 0.5130959549257832,
      "episode_duration": 20.666666666666668,
      "time_to_goal": null
    }
  ]
}