{
  "episode_return": 10.038237307484906,
  "success": 0.0,
  "collision": 0.0,
  "min_obstacle_distance": 0.5791614055633545,
  "min_clearance": 0.22916140556335451,
  "path_length": 4.100907698099036,
  "start_to_goal_distance": 5.195745468139648,
  "steps": 620.0,
  "control_effort": 0.4855369625553008,
  "episode_duration": 20.666666666666668,
  "time_to_goal": null
}