{
  "episode_return": 157.59579244661177,
  "success": 1.0,
  "collision": 0.0,
  "min_obstacle_distance": 0.9148975014686584,
  "min_clearance": 0.5648975014686585,
  "path_length": 3.3946624707823503,
  "start_to_goal_distance": 3.8663716316223145,
  "steps": 472.0,
  "control_effort": 0.6518865311044758,
  "episode_duration": 15.733333333333333,
  "time_to_goal": 15.733333333333333
}