{
  "episode_return": 6.542421499225881,
  "success": 0.0,
  "collision": 0.0,
  "min_obstacle_distance": 0.5712871551513672,
  "min_clearance": 0.2212871551513672,
  "path_length": 4.102737387467641,
  "start_to_goal_distance": 5.195745468139648,
  "steps": 620.0,
  "control_effort": 0.48264802473206675,
  "episode_duration": 20.666666666666668,
  "time_to_goal": null
}