{
  "episode_return": -25.90710372190008,
  "success": 0.0,
  "collision": 0.0,
  "min_obstacle_distance": 0.7912189960479736,
  "min_clearance": 0.44121899604797366,
  "path_length": 4.204653923516162,
  "start_to_goal_distance": 5.195745468139648,
  "steps": 620.0,
  "control_effort": 0.498505050136197,
  "episode_duration": 20.666666666666668,
  "time_to_goal": null
}