{
  "episode_return": 5.868186920899902,
  "success": 0.0,
  "collision": 0.0,
  "min_obstacle_distance": 1.1566561460494995,
  "min_clearance": 0.8066561460494995,
  "path_length": 4.529633622500114,
  "start_to_goal_distance": 3.8663716316223145,
  "steps": 620.0,
  "control_effort": 0.5618740486521875,
  "episode_duration": 20.666666666666668,
  "time_to_goal": null
}