{
  "episode_return": 96.6791944923997,
  "success": 1.0,
  "collision": 0.0,
  "min_obstacle_distance": 2.089925527572632,
  "min_clearance": 1.7399255275726317,
  "path_length": 2.069302080286434,
  "start_to_goal_distance": 2.8751626014709473,
  "steps": 250.0,
  "control_effort": 0.7010075948238372,
  "episode_duration": 8.333333333333334,
  "time_to_goal": 8.333333333333334
}