{
  "episode_return": -19.048641047531284,
  "success": 0.0,
  "collision": 0.0,
  "min_obstacle_distance": 0.7000688314437866,
  "min_clearance": 0.35006883144378664,
  "path_length": 4.219827974040527,
  "start_to_goal_distance": 5.195745468139648,
  "steps": 620.0,
  "control_effort": 0.4965257508139456,
  "episode_duration": 20.666666666666668,
  "time_to_goal": null
}