{
  "episode_return": 96.51970386755464,
  "success": 1.0,
  "collision": 0.0,
  "min_obstacle_distance": 3.044931650161743,
  "min_clearance": 2.694931650161743,
  "path_length": 2.0131694107258227,
  "start_to_goal_distance": 2.864516258239746,
  "steps": 254.0,
  "control_effort": 0.691199142632522,
  "episode_duration": 8.466666666666667,
  "time_to_goal": 8.466666666666667
}