{
  "summary": {
    "train_episode": 3040,
    "stage_index": 7,
    "stage_name": "target_default_intro",
    "stage_episode": 2280,
    "stage_eval_index": 130,
    "stage_target_hit": 0.0,
    "stage_success_streak": 0,
    "stage_best_success_rate": 0.5,
    "stage_best_collision_rate": 0.0,
    "stage_best_avg_return": 73.55451202392578,
    "stage_bad_eval_streak": 114,
    "stage_regression_active": 1.0,
    "stage_regression_bad_eval": 1.0,
    "stage_regression_absolute_drop": 0.5,
    "stage_regression_relative_drop": 1.0,
    "stage_regression_detected": 1.0,
    "stage_rollback_applied": 0.0,
    "stage_plateau_recovery_applied": 0.0,
    "num_episodes": 6,
    "success_rate": 0.0,
    "collision_rate": 0.0,
    "avg_episode_return": -106.80091094970703,
    "avg_path_length": 3.675511598587036,
    "avg_episode_duration": 20.66666603088379,
    "avg_time_to_goal": 0.0,
    "avg_min_obstacle_distance": 0.9667937159538269,
    "avg_min_clearance": 0.6167936325073242,
    "avg_control_effort": 0.5300997495651245,
    "avg_path_efficiency": 0.0,
    "avg_steps": 620.0,
    "best_episode_return": 0.06395319849252701,
    "deterministic": 1.0,
    "seed_offset": 100000
  },
  "episodes": [
    {
      "episode_return": -126.91641106358462,
      "success": 0.0,
      "collision": 0.0,
      "min_obstacle_distance": 1.8770968914031982,
      "min_clearance": 1.5270968914031982,
      "path_length": 1.8625953813450025,
      "start_to_goal_distance": 5.67656946182251,
      "steps": 620.0,
      "control_effort": 0.5907940224774422,
      "episode_duration": 20.666666666666668,
      "time_to_goal": null
    },
    {
      "episode_return": -130.82299311021686,
      "success": 0.0,
      "collision": 0.0,
      "min_obstacle_distance": 0.5127673745155334,
      "min_clearance": 0.16276737451553347,
      "path_length": 4.242701602739501,
      "start_to_goal_distance": 3.87174391746521,
      "steps": 620.0,
      "control_effort": 0.539841295346137,
      "episode_duration": 20.666666666666668,
      "time_to_goal": null
    },
    {
      "episode_return": -124.7073682798335,
      "success": 0.0,
      "collision": 0.0,
      "min_obstacle_distance": 1.318042278289795,
      "min_clearance": 0.9680422782897949,
      "path_length": 3.5969851405679947,
      "start_to_goal_distance": 4.218926906585693,
      "steps": 620.0,
      "control_effort": 0.5258807032339035,
      "episode_duration": 20.666666666666668,
      "time_to_goal": null
    },
    {
      "episode_return": -111.62993004887463,
      "success": 0.0,
      "collision": 0.0,
      "min_obstacle_distance": 0.7656046152114868,
      "min_clearance": 0.41560461521148684,
      "path_length": 4.391740300343372,
      "start_to_goal_distance": 3.8663716316223145,
      "steps": 620.0,
      "control_effort": 0.514333727186726,
      "episode_duration": 20.666666666666668,
      "time_to_goal": null
    },
    {
      "episode_return": -146.79273014004443,
      "success": 0.0,
      "collision": 0.0,
      "min_obstacle_distance": 0.5505250692367554,
      "min_clearance": 0.2005250692367554,
      "path_length": 3.773086933658192,
      "start_to_goal_distance": 4.319121837615967,
      "steps": 620.0,
      "control_effort": 0.4967561962143067,
      "episode_duration": 20.666666666666668,
      "time_to_goal": null
    },
    {
      "episode_return": 0.06395320043059627,
      "success": 0.0,
      "collision": 0.0,
      "min_obstacle_distance": 0.7767256498336792,
      "min_clearance": 0.4267256498336792,
      "path_length": 4.185961294890149,
      "start_to_goal_distance": 5.195745468139648,
      "steps": 620.0,
      "control_effort": 0.512992543270511,
      "episode_duration": 20.666666666666668,
      "time_to_goal": null
    }
  ]
}