{
  "episode_return": 12.231328292651142,
  "success": 0.0,
  "collision": 0.0,
  "min_obstacle_distance": 1.2036128044128418,
  "min_clearance": 0.8536128044128418,
  "path_length": 4.5955636978033,
  "start_to_goal_distance": 3.8663716316223145,
  "steps": 620.0,
  "control_effort": 0.5654366968139526,
  "episode_duration": 20.666666666666668,
  "time_to_goal": null
}