{
  "episode_return": -15.771548297037576,
  "success": 0.0,
  "collision": 0.0,
  "min_obstacle_distance": 0.728572428226471,
  "min_clearance": 0.37857242822647097,
  "path_length": 4.251827748550568,
  "start_to_goal_distance": 5.195745468139648,
  "steps": 620.0,
  "control_effort": 0.49163601090831144,
  "episode_duration": 20.666666666666668,
  "time_to_goal": null
}