{
  "episode_return": 4.498135646850521,
  "success": 0.0,
  "collision": 0.0,
  "min_obstacle_distance": 0.6930797100067139,
  "min_clearance": 0.3430797100067139,
  "path_length": 4.386861553401104,
  "start_to_goal_distance": 5.195745468139648,
  "steps": 620.0,
  "control_effort": 0.5307529727778127,
  "episode_duration": 20.666666666666668,
  "time_to_goal": null
}