{
  "episode_return": -4.753214245077196,
  "success": 0.0,
  "collision": 0.0,
  "min_obstacle_distance": 0.4543944299221039,
  "min_clearance": 0.1043944299221039,
  "path_length": 4.192347824253375,
  "start_to_goal_distance": 5.195745468139648,
  "steps": 620.0,
  "control_effort": 0.5225469431569499,
  "episode_duration": 20.666666666666668,
  "time_to_goal": null
}