{
  "episode_return": 4.185934982579781,
  "success": 0.0,
  "collision": 0.0,
  "min_obstacle_distance": 0.8433893918991089,
  "min_clearance": 0.4933893918991089,
  "path_length": 4.4984529625216965,
  "start_to_goal_distance": 3.8663716316223145,
  "steps": 620.0,
  "control_effort": 0.6020765259381263,
  "episode_duration": 20.666666666666668,
  "time_to_goal": null
}