{
  "episode_return": -9.369797656726174,
  "success": 0.0,
  "collision": 0.0,
  "min_obstacle_distance": 1.09883713722229,
  "min_clearance": 0.7488371372222901,
  "path_length": 3.550306362510092,
  "start_to_goal_distance": 4.218926906585693,
  "steps": 620.0,
  "control_effort": 0.5892663729767645,
  "episode_duration": 20.666666666666668,
  "time_to_goal": null
}