{
  "summary": {
    "train_episode": 160,
    "stage_index": 2,
    "stage_name": "bridge_entry",
    "stage_episode": 80,
    "stage_eval_index": 4,
    "stage_target_hit": 1.0,
    "stage_success_streak": 2,
    "stage_best_success_rate": 1.0,
    "stage_best_collision_rate": 0.0,
    "stage_best_avg_return": 103.01764678955078,
    "stage_bad_eval_streak": 0,
    "stage_regression_active": 1.0,
    "stage_regression_bad_eval": 0.0,
    "stage_regression_absolute_drop": 0.0,
    "stage_regression_relative_drop": 0.0,
    "stage_regression_detected": 0.0,
    "stage_rollback_applied": 0.0,
    "stage_plateau_recovery_applied": 0.0,
    "num_episodes": 6,
    "success_rate": 1.0,
    "collision_rate": 0.0,
    "avg_episode_return": 103.01764678955078,
    "avg_path_length": 1.0991088151931763,
    "avg_episode_duration": 4.72777795791626,
    "avg_time_to_goal": 4.72777795791626,
    "avg_min_obstacle_distance": 2.7108259201049805,
    "avg_min_clearance": 2.360825777053833,
    "avg_control_effort": 0.689755916595459,
    "avg_path_efficiency": 1.0,
    "avg_steps": 141.8333282470703,
    "best_episode_return": 104.80744934082031,
    "deterministic": 1.0,
    "seed_offset": 100000
  },
  "episodes": [
    {
      "episode_return": 104.80744913071396,
      "success": 1.0,
      "collision": 0.0,
      "min_obstacle_distance": 2.6229360103607178,
      "min_clearance": 2.2729360103607177,
      "path_length": 1.2692530352942413,
      "start_to_goal_distance": 2.2447426319122314,
      "steps": 159.0,
      "control_effort": 0.6897559019754518,
      "episode_duration": 5.3,
      "time_to_goal": 5.3
    },
    {
      "episode_return": 100.65178021818399,
      "success": 1.0,
      "collision": 0.0,
      "min_obstacle_distance": 3.130061149597168,
      "min_clearance": 2.780061149597168,
      "path_length": 0.8758076902886387,
      "start_to_goal_distance": 1.8540050983428955,
      "steps": 120.0,
      "control_effort": 0.6897556081414222,
      "episode_duration": 4.0,
      "time_to_goal": 4.0
    },
    {
      "episode_return": 102.90617463767529,
      "success": 1.0,
      "collision": 0.0,
      "min_obstacle_distance": 3.13407039642334,
      "min_clearance": 2.7840703964233398,
      "path_length": 1.088740489576594,
      "start_to_goal_distance": 2.0578346252441406,
      "steps": 136.0,
      "control_effort": 0.6897556965841967,
      "episode_duration": 4.533333333333333,
      "time_to_goal": 4.533333333333333
    },
    {
      "episode_return": 100.48771329939365,
      "success": 1.0,
      "collision": 0.0,
      "min_obstacle_distance": 2.286543369293213,
      "min_clearance": 1.9365433692932128,
      "path_length": 0.8559128641791176,
      "start_to_goal_distance": 1.832995891571045,
      "steps": 116.0,
      "control_effort": 0.6897558497971502,
      "episode_duration": 3.8666666666666667,
      "time_to_goal": 3.8666666666666667
    },
    {
      "episode_return": 104.5801918682456,
      "success": 1.0,
      "collision": 0.0,
      "min_obstacle_distance": 2.2368361949920654,
      "min_clearance": 1.8868361949920653,
      "path_length": 1.2421720506536076,
      "start_to_goal_distance": 2.2196991443634033,
      "steps": 157.0,
      "control_effort": 0.6897560794642017,
      "episode_duration": 5.233333333333333,
      "time_to_goal": 5.233333333333333
    },
    {
      "episode_return": 104.6725196915865,
      "success": 1.0,
      "collision": 0.0,
      "min_obstacle_distance": 2.8545081615448,
      "min_clearance": 2.5045081615447997,
      "path_length": 1.2627663710882189,
      "start_to_goal_distance": 2.2351953983306885,
      "steps": 163.0,
      "control_effort": 0.6897559041625883,
      "episode_duration": 5.433333333333334,
      "time_to_goal": 5.433333333333334
    }
  ]
}