{
  "summary": {
    "train_episode": 580,
    "stage_index": 7,
    "stage_name": "target_default_intro",
    "stage_episode": 140,
    "stage_eval_index": 7,
    "stage_target_hit": 0.0,
    "stage_success_streak": 0,
    "stage_best_success_rate": 0.3333333432674408,
    "stage_best_collision_rate": 0.0,
    "stage_best_avg_return": 45.80244064331055,
    "stage_bad_eval_streak": 0,
    "stage_regression_active": 1.0,
    "stage_regression_bad_eval": 1.0,
    "stage_regression_absolute_drop": 0.1666666716337204,
    "stage_regression_relative_drop": 0.5,
    "stage_regression_detected": 1.0,
    "stage_rollback_applied": 1.0,
    "stage_plateau_recovery_applied": 0.0,
    "num_episodes": 6,
    "success_rate": 0.1666666716337204,
    "collision_rate": 0.1666666716337204,
    "avg_episode_return": 20.3173770904541,
    "avg_path_length": 3.943472146987915,
    "avg_episode_duration": 17.938888549804688,
    "avg_time_to_goal": 16.366666793823242,
    "avg_min_obstacle_distance": 0.8244285583496094,
    "avg_min_clearance": 0.47442856431007385,
    "avg_control_effort": 0.6424193978309631,
    "avg_path_efficiency": 0.1666666716337204,
    "avg_steps": 538.1666870117188,
    "best_episode_return": 157.16064453125,
    "deterministic": 1.0,
    "seed_offset": 100000
  },
  "episodes": [
    {
      "episode_return": -27.40475502064868,
      "success": 0.0,
      "collision": 0.0,
      "min_obstacle_distance": 1.066637396812439,
      "min_clearance": 0.716637396812439,
      "path_length": 4.604056361597031,
      "start_to_goal_distance": 5.67656946182251,
      "steps": 620.0,
      "control_effort": 0.6505574470566166,
      "episode_duration": 20.666666666666668,
      "time_to_goal": null
    },
    {
      "episode_return": -22.243895830733052,
      "success": 0.0,
      "collision": 1.0,
      "min_obstacle_distance": 0.3469928503036499,
      "min_clearance": -0.0030071496963500755,
      "path_length": 1.8446746604531654,
      "start_to_goal_distance": 3.87174391746521,
      "steps": 258.0,
      "control_effort": 0.6286992793397386,
      "episode_duration": 8.6,
      "time_to_goal": null
    },
    {
      "episode_return": -0.14233127478937746,
      "success": 0.0,
      "collision": 0.0,
      "min_obstacle_distance": 1.2796568870544434,
      "min_clearance": 0.9296568870544434,
      "path_length": 4.611666541924933,
      "start_to_goal_distance": 4.218926906585693,
      "steps": 620.0,
      "control_effort": 0.6470827202643118,
      "episode_duration": 20.666666666666668,
      "time_to_goal": null
    },
    {
      "episode_return": 157.16063778051102,
      "success": 1.0,
      "collision": 0.0,
      "min_obstacle_distance": 0.8662342429161072,
      "min_clearance": 0.5162342429161072,
      "path_length": 3.5747474368836265,
      "start_to_goal_distance": 3.8663716316223145,
      "steps": 491.0,
      "control_effort": 0.6373496503548322,
      "episode_duration": 16.366666666666667,
      "time_to_goal": 16.366666666666667
    },
    {
      "episode_return": -2.179996111946984,
      "success": 0.0,
      "collision": 0.0,
      "min_obstacle_distance": 0.7541374564170837,
      "min_clearance": 0.40413745641708376,
      "path_length": 4.35368353575177,
      "start_to_goal_distance": 4.319121837615967,
      "steps": 620.0,
      "control_effort": 0.6526831563441984,
      "episode_duration": 20.666666666666668,
      "time_to_goal": null
    },
    {
      "episode_return": 16.71460352487211,
      "success": 0.0,
      "collision": 0.0,
      "min_obstacle_distance": 0.6329126358032227,
      "min_clearance": 0.2829126358032227,
      "path_length": 4.672004554682644,
      "start_to_goal_distance": 5.195745468139648,
      "steps": 620.0,
      "control_effort": 0.6381439536809921,
      "episode_duration": 20.666666666666668,
      "time_to_goal": null
    }
  ]
}