{
  "summary": {
    "train_episode": 240,
    "stage_index": 3,
    "stage_name": "bridge_crossing_easy",
    "stage_episode": 80,
    "stage_eval_index": 4,
    "stage_target_hit": 1.0,
    "stage_success_streak": 2,
    "stage_best_success_rate": 1.0,
    "stage_best_collision_rate": 0.0,
    "stage_best_avg_return": 98.8727798461914,
    "stage_bad_eval_streak": 0,
    "stage_regression_active": 1.0,
    "stage_regression_bad_eval": 0.0,
    "stage_regression_absolute_drop": 0.0,
    "stage_regression_relative_drop": 0.0,
    "stage_regression_detected": 0.0,
    "stage_rollback_applied": 0.0,
    "stage_plateau_recovery_applied": 0.0,
    "num_episodes": 6,
    "success_rate": 1.0,
    "collision_rate": 0.0,
    "avg_episode_return": 98.83521270751953,
    "avg_path_length": 1.4149785041809082,
    "avg_episode_duration": 5.849999904632568,
    "avg_time_to_goal": 5.849999904632568,
    "avg_min_obstacle_distance": 2.4294092655181885,
    "avg_min_clearance": 2.07940936088562,
    "avg_control_effort": 0.7050681114196777,
    "avg_path_efficiency": 1.0,
    "avg_steps": 175.5,
    "best_episode_return": 100.51675415039062,
    "deterministic": 1.0,
    "seed_offset": 100000
  },
  "episodes": [
    {
      "episode_return": 100.51675289863347,
      "success": 1.0,
      "collision": 0.0,
      "min_obstacle_distance": 2.5212652683258057,
      "min_clearance": 2.1712652683258056,
      "path_length": 1.6161656620679423,
      "start_to_goal_distance": 2.486285924911499,
      "steps": 196.0,
      "control_effort": 0.7050686226207383,
      "episode_duration": 6.533333333333333,
      "time_to_goal": 6.533333333333333
    },
    {
      "episode_return": 96.73260052639245,
      "success": 1.0,
      "collision": 0.0,
      "min_obstacle_distance": 2.31583833694458,
      "min_clearance": 1.96583833694458,
      "path_length": 1.1661180664086714,
      "start_to_goal_distance": 2.09385085105896,
      "steps": 147.0,
      "control_effort": 0.7050682861788743,
      "episode_duration": 4.9,
      "time_to_goal": 4.9
    },
    {
      "episode_return": 98.75172562825679,
      "success": 1.0,
      "collision": 0.0,
      "min_obstacle_distance": 2.121763229370117,
      "min_clearance": 1.771763229370117,
      "path_length": 1.388222229143139,
      "start_to_goal_distance": 2.2981417179107666,
      "steps": 167.0,
      "control_effort": 0.7050673740352699,
      "episode_duration": 5.566666666666666,
      "time_to_goal": 5.566666666666666
    },
    {
      "episode_return": 96.42622246599198,
      "success": 1.0,
      "collision": 0.0,
      "min_obstacle_distance": 2.388139247894287,
      "min_clearance": 2.038139247894287,
      "path_length": 1.1548514293390326,
      "start_to_goal_distance": 2.0744709968566895,
      "steps": 149.0,
      "control_effort": 0.7050679914103258,
      "episode_duration": 4.966666666666667,
      "time_to_goal": 4.966666666666667
    },
    {
      "episode_return": 100.2926996520758,
      "success": 1.0,
      "collision": 0.0,
      "min_obstacle_distance": 2.2638745307922363,
      "min_clearance": 1.9138745307922362,
      "path_length": 1.5700703791808337,
      "start_to_goal_distance": 2.4597620964050293,
      "steps": 189.0,
      "control_effort": 0.7050676415206263,
      "episode_duration": 6.3,
      "time_to_goal": 6.3
    },
    {
      "episode_return": 100.29129787355669,
      "success": 1.0,
      "collision": 0.0,
      "min_obstacle_distance": 2.9655752182006836,
      "min_clearance": 2.6155752182006835,
      "path_length": 1.5944429249502718,
      "start_to_goal_distance": 2.476344585418701,
      "steps": 205.0,
      "control_effort": 0.7050686391388498,
      "episode_duration": 6.833333333333333,
      "time_to_goal": 6.833333333333333
    }
  ]
}