{
  "summary": {
    "train_episode": 900,
    "stage_index": 7,
    "stage_name": "target_default_intro",
    "stage_episode": 140,
    "stage_eval_index": 23,
    "stage_target_hit": 0.0,
    "stage_success_streak": 0,
    "stage_best_success_rate": 0.5,
    "stage_best_collision_rate": 0.0,
    "stage_best_avg_return": 73.55451202392578,
    "stage_bad_eval_streak": 7,
    "stage_regression_active": 1.0,
    "stage_regression_bad_eval": 1.0,
    "stage_regression_absolute_drop": 0.5,
    "stage_regression_relative_drop": 1.0,
    "stage_regression_detected": 1.0,
    "stage_rollback_applied": 0.0,
    "stage_plateau_recovery_applied": 0.0,
    "num_episodes": 6,
    "success_rate": 0.0,
    "collision_rate": 0.1666666716337204,
    "avg_episode_return": -15.99096393585205,
    "avg_path_length": 4.424771785736084,
    "avg_episode_duration": 20.33888816833496,
    "avg_time_to_goal": 0.0,
    "avg_min_obstacle_distance": 0.7518913149833679,
    "avg_min_clearance": 0.4018913209438324,
    "avg_control_effort": 0.6436653137207031,
    "avg_path_efficiency": 0.0,
    "avg_steps": 610.1666870117188,
    "best_episode_return": 10.974791526794434,
    "deterministic": 1.0,
    "seed_offset": 100000
  },
  "episodes": [
    {
      "episode_return": -29.22498150643646,
      "success": 0.0,
      "collision": 0.0,
      "min_obstacle_distance": 0.9457192420959473,
      "min_clearance": 0.5957192420959473,
      "path_length": 4.462280115712929,
      "start_to_goal_distance": 5.67656946182251,
      "steps": 620.0,
      "control_effort": 0.6510939946097712,
      "episode_duration": 20.666666666666668,
      "time_to_goal": null
    },
    {
      "episode_return": -68.85830253640344,
      "success": 0.0,
      "collision": 0.0,
      "min_obstacle_distance": 0.379871129989624,
      "min_clearance": 0.029871129989624046,
      "path_length": 4.6032640652992995,
      "start_to_goal_distance": 3.87174391746521,
      "steps": 620.0,
      "control_effort": 0.6322683077666067,
      "episode_duration": 20.666666666666668,
      "time_to_goal": null
    },
    {
      "episode_return": 1.8934819407691208,
      "success": 0.0,
      "collision": 0.0,
      "min_obstacle_distance": 1.072685718536377,
      "min_clearance": 0.722685718536377,
      "path_length": 4.450931752493489,
      "start_to_goal_distance": 4.218926906585693,
      "steps": 620.0,
      "control_effort": 0.6459736054943453,
      "episode_duration": 20.666666666666668,
      "time_to_goal": null
    },
    {
      "episode_return": 10.974791476955033,
      "success": 0.0,
      "collision": 0.0,
      "min_obstacle_distance": 0.9738988280296326,
      "min_clearance": 0.6238988280296326,
      "path_length": 4.469963373470819,
      "start_to_goal_distance": 3.8663716316223145,
      "steps": 620.0,
      "control_effort": 0.6412138427457502,
      "episode_duration": 20.666666666666668,
      "time_to_goal": null
    },
    {
      "episode_return": 3.817016170293094,
      "success": 0.0,
      "collision": 0.0,
      "min_obstacle_distance": 0.7894501686096191,
      "min_clearance": 0.43945016860961916,
      "path_length": 4.487713471004099,
      "start_to_goal_distance": 4.319121837615967,
      "steps": 620.0,
      "control_effort": 0.648315141374065,
      "episode_duration": 20.666666666666668,
      "time_to_goal": null
    },
    {
      "episode_return": -14.547790805152836,
      "success": 0.0,
      "collision": 1.0,
      "min_obstacle_distance": 0.34972280263900757,
      "min_clearance": -0.00027719736099240944,
      "path_length": 4.074479996023001,
      "start_to_goal_distance": 5.195745468139648,
      "steps": 561.0,
      "control_effort": 0.643126681207973,
      "episode_duration": 18.7,
      "time_to_goal": null
    }
  ]
}