{
  "episode_return": 131.67434111532225,
  "success": 1.0,
  "collision": 0.0,
  "min_obstacle_distance": 0.9335023760795593,
  "min_clearance": 0.5835023760795593,
  "path_length": 2.584969315168564,
  "start_to_goal_distance": 3.3769288063049316,
  "steps": 300.0,
  "control_effort": 0.703682818810145,
  "episode_duration": 10.0,
  "time_to_goal": 10.0
}