{
  "summary": {
    "train_episode": 400,
    "stage_index": 6,
    "stage_name": "medium_crossing",
    "stage_episode": 20,
    "stage_eval_index": 1,
    "stage_target_hit": 0.0,
    "stage_success_streak": 0,
    "stage_best_success_rate": 1.0,
    "stage_best_collision_rate": 0.0,
    "stage_best_avg_return": 129.75994873046875,
    "stage_bad_eval_streak": 0,
    "stage_regression_active": 1.0,
    "stage_regression_bad_eval": 0.0,
    "stage_regression_absolute_drop": 0.0,
    "stage_regression_relative_drop": 0.0,
    "stage_regression_detected": 0.0,
    "stage_rollback_applied": 0.0,
    "stage_plateau_recovery_applied": 0.0,
    "num_episodes": 6,
    "success_rate": 1.0,
    "collision_rate": 0.0,
    "avg_episode_return": 129.75994873046875,
    "avg_path_length": 2.4468166828155518,
    "avg_episode_duration": 9.80555534362793,
    "avg_time_to_goal": 9.80555534362793,
    "avg_min_obstacle_distance": 1.5452800989151,
    "avg_min_clearance": 1.1952803134918213,
    "avg_control_effort": 0.7054784893989563,
    "avg_path_efficiency": 1.0,
    "avg_steps": 294.1666564941406,
    "best_episode_return": 131.564697265625,
    "deterministic": 1.0,
    "seed_offset": 100000
  },
  "episodes": [
    {
      "episode_return": 131.56469623164853,
      "success": 1.0,
      "collision": 0.0,
      "min_obstacle_distance": 1.5912580490112305,
      "min_clearance": 1.2412580490112304,
      "path_length": 2.688190498149197,
      "start_to_goal_distance": 3.3919737339019775,
      "steps": 315.0,
      "control_effort": 0.7053365682798719,
      "episode_duration": 10.5,
      "time_to_goal": 10.5
    },
    {
      "episode_return": 128.04406908713122,
      "success": 1.0,
      "collision": 0.0,
      "min_obstacle_distance": 1.5362058877944946,
      "min_clearance": 1.1862058877944945,
      "path_length": 2.2106570248361095,
      "start_to_goal_distance": 3.0145561695098877,
      "steps": 263.0,
      "control_effort": 0.705341239845798,
      "episode_duration": 8.766666666666667,
      "time_to_goal": 8.766666666666667
    },
    {
      "episode_return": 129.55540202638232,
      "success": 1.0,
      "collision": 0.0,
      "min_obstacle_distance": 1.958937168121338,
      "min_clearance": 1.6089371681213378,
      "path_length": 2.380045477533713,
      "start_to_goal_distance": 3.1743738651275635,
      "steps": 283.0,
      "control_effort": 0.7053294013330035,
      "episode_duration": 9.433333333333334,
      "time_to_goal": 9.433333333333334
    },
    {
      "episode_return": 127.60049691598388,
      "success": 1.0,
      "collision": 0.0,
      "min_obstacle_distance": 1.242924690246582,
      "min_clearance": 0.892924690246582,
      "path_length": 2.232560191412631,
      "start_to_goal_distance": 2.992597818374634,
      "steps": 270.0,
      "control_effort": 0.706008106470108,
      "episode_duration": 9.0,
      "time_to_goal": 9.0
    },
    {
      "episode_return": 130.62903193268738,
      "success": 1.0,
      "collision": 0.0,
      "min_obstacle_distance": 1.9122506380081177,
      "min_clearance": 1.5622506380081176,
      "path_length": 2.505569558510615,
      "start_to_goal_distance": 3.3014233112335205,
      "steps": 310.0,
      "control_effort": 0.7053134345239208,
      "episode_duration": 10.333333333333334,
      "time_to_goal": 10.333333333333334
    },
    {
      "episode_return": 131.16605267716585,
      "success": 1.0,
      "collision": 0.0,
      "min_obstacle_distance": 1.0301051139831543,
      "min_clearance": 0.6801051139831543,
      "path_length": 2.663877809965925,
      "start_to_goal_distance": 3.3769288063049316,
      "steps": 324.0,
      "control_effort": 0.7055420945455999,
      "episode_duration": 10.8,
      "time_to_goal": 10.8
    }
  ]
}