{
  "summary": {
    "train_episode": 2760,
    "stage_index": 7,
    "stage_name": "target_default_intro",
    "stage_episode": 2000,
    "stage_eval_index": 116,
    "stage_target_hit": 0.0,
    "stage_success_streak": 0,
    "stage_best_success_rate": 0.5,
    "stage_best_collision_rate": 0.0,
    "stage_best_avg_return": 73.55451202392578,
    "stage_bad_eval_streak": 100,
    "stage_regression_active": 1.0,
    "stage_regression_bad_eval": 1.0,
    "stage_regression_absolute_drop": 0.5,
    "stage_regression_relative_drop": 1.0,
    "stage_regression_detected": 1.0,
    "stage_rollback_applied": 0.0,
    "stage_plateau_recovery_applied": 0.0,
    "num_episodes": 6,
    "success_rate": 0.0,
    "collision_rate": 0.1666666716337204,
    "avg_episode_return": -58.64378356933594,
    "avg_path_length": 3.4491565227508545,
    "avg_episode_duration": 17.799999237060547,
    "avg_time_to_goal": 0.0,
    "avg_min_obstacle_distance": 0.9876304268836975,
    "avg_min_clearance": 0.6376304626464844,
    "avg_control_effort": 0.4803263247013092,
    "avg_path_efficiency": 0.0,
    "avg_steps": 534.0,
    "best_episode_return": -17.047578811645508,
    "deterministic": 1.0,
    "seed_offset": 100000
  },
  "episodes": [
    {
      "episode_return": -92.250618742858,
      "success": 0.0,
      "collision": 0.0,
      "min_obstacle_distance": 1.7956448793411255,
      "min_clearance": 1.4456448793411254,
      "path_length": 2.804280140759687,
      "start_to_goal_distance": 5.67656946182251,
      "steps": 620.0,
      "control_effort": 0.48519708951634744,
      "episode_duration": 20.666666666666668,
      "time_to_goal": null
    },
    {
      "episode_return": -75.03993581767244,
      "success": 0.0,
      "collision": 0.0,
      "min_obstacle_distance": 0.789563000202179,
      "min_clearance": 0.439563000202179,
      "path_length": 4.31858616869431,
      "start_to_goal_distance": 3.87174391746521,
      "steps": 620.0,
      "control_effort": 0.46593284818433944,
      "episode_duration": 20.666666666666668,
      "time_to_goal": null
    },
    {
      "episode_return": -76.33302377006223,
      "success": 0.0,
      "collision": 0.0,
      "min_obstacle_distance": 1.087995171546936,
      "min_clearance": 0.7379951715469361,
      "path_length": 4.377044896944426,
      "start_to_goal_distance": 4.218926906585693,
      "steps": 620.0,
      "control_effort": 0.5235375231312167,
      "episode_duration": 20.666666666666668,
      "time_to_goal": null
    },
    {
      "episode_return": -48.0939402996491,
      "success": 0.0,
      "collision": 0.0,
      "min_obstacle_distance": 1.2842351198196411,
      "min_clearance": 0.9342351198196411,
      "path_length": 4.340272307337727,
      "start_to_goal_distance": 3.8663716316223145,
      "steps": 620.0,
      "control_effort": 0.5102010957175686,
      "episode_duration": 20.666666666666668,
      "time_to_goal": null
    },
    {
      "episode_return": -43.09757894875733,
      "success": 0.0,
      "collision": 1.0,
      "min_obstacle_distance": 0.3451456129550934,
      "min_clearance": -0.004854387044906594,
      "path_length": 0.6755990572273731,
      "start_to_goal_distance": 4.319121837615967,
      "steps": 104.0,
      "control_effort": 0.4305491398733396,
      "episode_duration": 3.466666666666667,
      "time_to_goal": null
    },
    {
      "episode_return": -17.04757866193292,
      "success": 0.0,
      "collision": 0.0,
      "min_obstacle_distance": 0.6231991648674011,
      "min_clearance": 0.27319916486740115,
      "path_length": 4.179156458354555,
      "start_to_goal_distance": 5.195745468139648,
      "steps": 620.0,
      "control_effort": 0.4665404348604141,
      "episode_duration": 20.666666666666668,
      "time_to_goal": null
    }
  ]
}