{
  "summary": {
    "train_episode": 440,
    "stage_index": 6,
    "stage_name": "medium_crossing",
    "stage_episode": 60,
    "stage_eval_index": 3,
    "stage_target_hit": 1.0,
    "stage_success_streak": 1,
    "stage_best_success_rate": 1.0,
    "stage_best_collision_rate": 0.0,
    "stage_best_avg_return": 129.75994873046875,
    "stage_bad_eval_streak": 0,
    "stage_regression_active": 1.0,
    "stage_regression_bad_eval": 0.0,
    "stage_regression_absolute_drop": 0.0,
    "stage_regression_relative_drop": 0.0,
    "stage_regression_detected": 0.0,
    "stage_rollback_applied": 0.0,
    "stage_plateau_recovery_applied": 0.0,
    "num_episodes": 6,
    "success_rate": 1.0,
    "collision_rate": 0.0,
    "avg_episode_return": 129.55943298339844,
    "avg_path_length": 2.49531626701355,
    "avg_episode_duration": 10.094444274902344,
    "avg_time_to_goal": 10.094444274902344,
    "avg_min_obstacle_distance": 1.5460525751113892,
    "avg_min_clearance": 1.1960526704788208,
    "avg_control_effort": 0.7035813927650452,
    "avg_path_efficiency": 1.0,
    "avg_steps": 302.8333435058594,
    "best_episode_return": 131.67434692382812,
    "deterministic": 1.0,
    "seed_offset": 100000
  },
  "episodes": [
    {
      "episode_return": 130.98652912358432,
      "success": 1.0,
      "collision": 0.0,
      "min_obstacle_distance": 1.6370705366134644,
      "min_clearance": 1.2870705366134643,
      "path_length": 2.8441828206850914,
      "start_to_goal_distance": 3.3919737339019775,
      "steps": 343.0,
      "control_effort": 0.7015807767651171,
      "episode_duration": 11.433333333333334,
      "time_to_goal": 11.433333333333334
    },
    {
      "episode_return": 127.71638836810047,
      "success": 1.0,
      "collision": 0.0,
      "min_obstacle_distance": 1.587760090827942,
      "min_clearance": 1.2377600908279418,
      "path_length": 2.2296870611899067,
      "start_to_goal_distance": 3.0145561695098877,
      "steps": 274.0,
      "control_effort": 0.7041793193695319,
      "episode_duration": 9.133333333333333,
      "time_to_goal": 9.133333333333333
    },
    {
      "episode_return": 129.09148579660723,
      "success": 1.0,
      "collision": 0.0,
      "min_obstacle_distance": 2.0093443393707275,
      "min_clearance": 1.6593443393707275,
      "path_length": 2.4548593889485346,
      "start_to_goal_distance": 3.1743738651275635,
      "steps": 308.0,
      "control_effort": 0.7033992307139681,
      "episode_duration": 10.266666666666667,
      "time_to_goal": 10.266666666666667
    },
    {
      "episode_return": 127.16663315294431,
      "success": 1.0,
      "collision": 0.0,
      "min_obstacle_distance": 1.2383397817611694,
      "min_clearance": 0.8883397817611695,
      "path_length": 2.345261491049314,
      "start_to_goal_distance": 2.992597818374634,
      "steps": 290.0,
      "control_effort": 0.7041265327354957,
      "episode_duration": 9.666666666666666,
      "time_to_goal": 9.666666666666666
    },
    {
      "episode_return": 130.7211397407338,
      "success": 1.0,
      "collision": 0.0,
      "min_obstacle_distance": 1.870299220085144,
      "min_clearance": 1.520299220085144,
      "path_length": 2.5129377439443488,
      "start_to_goal_distance": 3.3014233112335205,
      "steps": 302.0,
      "control_effort": 0.7045197388194254,
      "episode_duration": 10.066666666666666,
      "time_to_goal": 10.066666666666666
    },
    {
      "episode_return": 131.67434111532225,
      "success": 1.0,
      "collision": 0.0,
      "min_obstacle_distance": 0.9335023760795593,
      "min_clearance": 0.5835023760795593,
      "path_length": 2.584969315168564,
      "start_to_goal_distance": 3.3769288063049316,
      "steps": 300.0,
      "control_effort": 0.703682818810145,
      "episode_duration": 10.0,
      "time_to_goal": 10.0
    }
  ]
}