{
  "summary": {
    "train_episode": 1580,
    "stage_index": 7,
    "stage_name": "target_default_intro",
    "stage_episode": 820,
    "stage_eval_index": 57,
    "stage_target_hit": 0.0,
    "stage_success_streak": 0,
    "stage_best_success_rate": 0.5,
    "stage_best_collision_rate": 0.0,
    "stage_best_avg_return": 73.55451202392578,
    "stage_bad_eval_streak": 41,
    "stage_regression_active": 1.0,
    "stage_regression_bad_eval": 1.0,
    "stage_regression_absolute_drop": 0.5,
    "stage_regression_relative_drop": 1.0,
    "stage_regression_detected": 1.0,
    "stage_rollback_applied": 0.0,
    "stage_plateau_recovery_applied": 0.0,
    "num_episodes": 6,
    "success_rate": 0.0,
    "collision_rate": 0.0,
    "avg_episode_return": -34.75645065307617,
    "avg_path_length": 4.190648078918457,
    "avg_episode_duration": 20.66666603088379,
    "avg_time_to_goal": 0.0,
    "avg_min_obstacle_distance": 0.6924453377723694,
    "avg_min_clearance": 0.34244537353515625,
    "avg_control_effort": 0.5584699511528015,
    "avg_path_efficiency": 0.0,
    "avg_steps": 620.0,
    "best_episode_return": -6.442873477935791,
    "deterministic": 1.0,
    "seed_offset": 100000
  },
  "episodes": [
    {
      "episode_return": -22.983026559039132,
      "success": 0.0,
      "collision": 0.0,
      "min_obstacle_distance": 0.5435314178466797,
      "min_clearance": 0.1935314178466797,
      "path_length": 3.6497833337701877,
      "start_to_goal_distance": 5.67656946182251,
      "steps": 620.0,
      "control_effort": 0.5918067109200262,
      "episode_duration": 20.666666666666668,
      "time_to_goal": null
    },
    {
      "episode_return": -63.42311166036578,
      "success": 0.0,
      "collision": 0.0,
      "min_obstacle_distance": 0.48492422699928284,
      "min_clearance": 0.13492422699928286,
      "path_length": 4.526374447628768,
      "start_to_goal_distance": 3.87174391746521,
      "steps": 620.0,
      "control_effort": 0.5258658374990186,
      "episode_duration": 20.666666666666668,
      "time_to_goal": null
    },
    {
      "episode_return": -34.34647065588037,
      "success": 0.0,
      "collision": 0.0,
      "min_obstacle_distance": 1.1590718030929565,
      "min_clearance": 0.8090718030929566,
      "path_length": 4.425121449095968,
      "start_to_goal_distance": 4.218926906585693,
      "steps": 620.0,
      "control_effort": 0.5769073296939173,
      "episode_duration": 20.666666666666668,
      "time_to_goal": null
    },
    {
      "episode_return": -6.442873254808795,
      "success": 0.0,
      "collision": 0.0,
      "min_obstacle_distance": 0.872199535369873,
      "min_clearance": 0.5221995353698731,
      "path_length": 4.496298789046705,
      "start_to_goal_distance": 3.8663716316223145,
      "steps": 620.0,
      "control_effort": 0.5676457146963766,
      "episode_duration": 20.666666666666668,
      "time_to_goal": null
    },
    {
      "episode_return": -47.13609930396999,
      "success": 0.0,
      "collision": 0.0,
      "min_obstacle_distance": 0.6622360944747925,
      "min_clearance": 0.3122360944747925,
      "path_length": 3.5047369279415648,
      "start_to_goal_distance": 4.319121837615967,
      "steps": 620.0,
      "control_effort": 0.5436371484110433,
      "episode_duration": 20.666666666666668,
      "time_to_goal": null
    },
    {
      "episode_return": -34.20711700991767,
      "success": 0.0,
      "collision": 0.0,
      "min_obstacle_distance": 0.4327092170715332,
      "min_clearance": 0.08270921707153323,
      "path_length": 4.54157388897147,
      "start_to_goal_distance": 5.195745468139648,
      "steps": 620.0,
      "control_effort": 0.5449569824722506,
      "episode_duration": 20.666666666666668,
      "time_to_goal": null
    }
  ]
}