{
  "summary": {
    "train_episode": 1500,
    "stage_index": 7,
    "stage_name": "target_default_intro",
    "stage_episode": 740,
    "stage_eval_index": 53,
    "stage_target_hit": 0.0,
    "stage_success_streak": 0,
    "stage_best_success_rate": 0.5,
    "stage_best_collision_rate": 0.0,
    "stage_best_avg_return": 73.55451202392578,
    "stage_bad_eval_streak": 37,
    "stage_regression_active": 1.0,
    "stage_regression_bad_eval": 1.0,
    "stage_regression_absolute_drop": 0.5,
    "stage_regression_relative_drop": 1.0,
    "stage_regression_detected": 1.0,
    "stage_rollback_applied": 0.0,
    "stage_plateau_recovery_applied": 0.0,
    "num_episodes": 6,
    "success_rate": 0.0,
    "collision_rate": 0.0,
    "avg_episode_return": -20.52928924560547,
    "avg_path_length": 4.261133670806885,
    "avg_episode_duration": 20.66666603088379,
    "avg_time_to_goal": 0.0,
    "avg_min_obstacle_distance": 0.6983282566070557,
    "avg_min_clearance": 0.34832823276519775,
    "avg_control_effort": 0.5651740431785583,
    "avg_path_efficiency": 0.0,
    "avg_steps": 620.0,
    "best_episode_return": 6.901103973388672,
    "deterministic": 1.0,
    "seed_offset": 100000
  },
  "episodes": [
    {
      "episode_return": -18.16372192892308,
      "success": 0.0,
      "collision": 0.0,
      "min_obstacle_distance": 0.6082136631011963,
      "min_clearance": 0.2582136631011963,
      "path_length": 3.71326790671905,
      "start_to_goal_distance": 5.67656946182251,
      "steps": 620.0,
      "control_effort": 0.5847879873168084,
      "episode_duration": 20.666666666666668,
      "time_to_goal": null
    },
    {
      "episode_return": -26.10405665125892,
      "success": 0.0,
      "collision": 0.0,
      "min_obstacle_distance": 0.6410323977470398,
      "min_clearance": 0.2910323977470398,
      "path_length": 4.578587280062493,
      "start_to_goal_distance": 3.87174391746521,
      "steps": 620.0,
      "control_effort": 0.5434032303671683,
      "episode_duration": 20.666666666666668,
      "time_to_goal": null
    },
    {
      "episode_return": -19.254498641154843,
      "success": 0.0,
      "collision": 0.0,
      "min_obstacle_distance": 1.0908374786376953,
      "min_clearance": 0.7408374786376953,
      "path_length": 4.4095261277398095,
      "start_to_goal_distance": 4.218926906585693,
      "steps": 620.0,
      "control_effort": 0.5770446742734602,
      "episode_duration": 20.666666666666668,
      "time_to_goal": null
    },
    {
      "episode_return": 6.90110389325082,
      "success": 0.0,
      "collision": 0.0,
      "min_obstacle_distance": 0.8285761475563049,
      "min_clearance": 0.47857614755630495,
      "path_length": 4.490608183492441,
      "start_to_goal_distance": 3.8663716316223145,
      "steps": 620.0,
      "control_effort": 0.5694521244495145,
      "episode_duration": 20.666666666666668,
      "time_to_goal": null
    },
    {
      "episode_return": -48.3607109488662,
      "success": 0.0,
      "collision": 0.0,
      "min_obstacle_distance": 0.5016926527023315,
      "min_clearance": 0.15169265270233157,
      "path_length": 3.958392448642435,
      "start_to_goal_distance": 4.319121837615967,
      "steps": 620.0,
      "control_effort": 0.5600680741571611,
      "episode_duration": 20.666666666666668,
      "time_to_goal": null
    },
    {
      "episode_return": -18.19384856875839,
      "success": 0.0,
      "collision": 0.0,
      "min_obstacle_distance": 0.519616961479187,
      "min_clearance": 0.16961696147918703,
      "path_length": 4.416419727844186,
      "start_to_goal_distance": 5.195745468139648,
      "steps": 620.0,
      "control_effort": 0.5562881710067872,
      "episode_duration": 20.666666666666668,
      "time_to_goal": null
    }
  ]
}