{
  "summary": {
    "train_episode": 340,
    "stage_index": 4,
    "stage_name": "bridge_crossing_commit",
    "stage_episode": 100,
    "stage_eval_index": 5,
    "stage_target_hit": 1.0,
    "stage_success_streak": 2,
    "stage_best_success_rate": 1.0,
    "stage_best_collision_rate": 0.0,
    "stage_best_avg_return": 95.19418334960938,
    "stage_bad_eval_streak": 0,
    "stage_regression_active": 1.0,
    "stage_regression_bad_eval": 0.0,
    "stage_regression_absolute_drop": 0.0,
    "stage_regression_relative_drop": 0.0,
    "stage_regression_detected": 0.0,
    "stage_rollback_applied": 0.0,
    "stage_plateau_recovery_applied": 0.0,
    "num_episodes": 6,
    "success_rate": 1.0,
    "collision_rate": 0.0,
    "avg_episode_return": 95.19418334960938,
    "avg_path_length": 1.852309226989746,
    "avg_episode_duration": 7.566666126251221,
    "avg_time_to_goal": 7.566666126251221,
    "avg_min_obstacle_distance": 2.178825855255127,
    "avg_min_clearance": 1.8288259506225586,
    "avg_control_effort": 0.7057623863220215,
    "avg_path_efficiency": 1.0,
    "avg_steps": 227.0,
    "best_episode_return": 96.63607025146484,
    "deterministic": 1.0,
    "seed_offset": 100000
  },
  "episodes": [
    {
      "episode_return": 96.63606846797467,
      "success": 1.0,
      "collision": 0.0,
      "min_obstacle_distance": 1.9730836153030396,
      "min_clearance": 1.6230836153030395,
      "path_length": 2.0341441419150215,
      "start_to_goal_distance": 2.8751626014709473,
      "steps": 251.0,
      "control_effort": 0.705728959752269,
      "episode_duration": 8.366666666666667,
      "time_to_goal": 8.366666666666667
    },
    {
      "episode_return": 93.522124532938,
      "success": 1.0,
      "collision": 0.0,
      "min_obstacle_distance": 1.729546070098877,
      "min_clearance": 1.3795460700988769,
      "path_length": 1.6139163596380968,
      "start_to_goal_distance": 2.494187355041504,
      "steps": 196.0,
      "control_effort": 0.7057837624939121,
      "episode_duration": 6.533333333333333,
      "time_to_goal": 6.533333333333333
    },
    {
      "episode_return": 95.13746345508099,
      "success": 1.0,
      "collision": 0.0,
      "min_obstacle_distance": 2.0398213863372803,
      "min_clearance": 1.6898213863372802,
      "path_length": 1.815465313004097,
      "start_to_goal_distance": 2.6756033897399902,
      "steps": 216.0,
      "control_effort": 0.7057642798732828,
      "episode_duration": 7.2,
      "time_to_goal": 7.2
    },
    {
      "episode_return": 93.28840002679826,
      "success": 1.0,
      "collision": 0.0,
      "min_obstacle_distance": 2.4681901931762695,
      "min_clearance": 2.1181901931762694,
      "path_length": 1.5976970487972721,
      "start_to_goal_distance": 2.470832347869873,
      "steps": 193.0,
      "control_effort": 0.7056980058936875,
      "episode_duration": 6.433333333333334,
      "time_to_goal": 6.433333333333334
    },
    {
      "episode_return": 96.2114327456951,
      "success": 1.0,
      "collision": 0.0,
      "min_obstacle_distance": 1.689118504524231,
      "min_clearance": 1.3391185045242309,
      "path_length": 1.9801969202817418,
      "start_to_goal_distance": 2.8203952312469482,
      "steps": 243.0,
      "control_effort": 0.7058761885136734,
      "episode_duration": 8.1,
      "time_to_goal": 8.1
    },
    {
      "episode_return": 96.36962337905169,
      "success": 1.0,
      "collision": 0.0,
      "min_obstacle_distance": 3.1731960773468018,
      "min_clearance": 2.8231960773468017,
      "path_length": 2.0724356994905975,
      "start_to_goal_distance": 2.864516258239746,
      "steps": 263.0,
      "control_effort": 0.7057229391522281,
      "episode_duration": 8.766666666666667,
      "time_to_goal": 8.766666666666667
    }
  ]
}