{
  "episode_return": 8.390450793171794,
  "success": 0.0,
  "collision": 0.0,
  "min_obstacle_distance": 1.1568686962127686,
  "min_clearance": 0.8068686962127686,
  "path_length": 4.523729859385639,
  "start_to_goal_distance": 3.8663716316223145,
  "steps": 620.0,
  "control_effort": 0.5710543612799337,
  "episode_duration": 20.666666666666668,
  "time_to_goal": null
}