{
  "summary": {
    "train_episode": 3180,
    "stage_index": 7,
    "stage_name": "target_default_intro",
    "stage_episode": 2420,
    "stage_eval_index": 137,
    "stage_target_hit": 0.0,
    "stage_success_streak": 0,
    "stage_best_success_rate": 0.5,
    "stage_best_collision_rate": 0.0,
    "stage_best_avg_return": 73.55451202392578,
    "stage_bad_eval_streak": 121,
    "stage_regression_active": 1.0,
    "stage_regression_bad_eval": 1.0,
    "stage_regression_absolute_drop": 0.5,
    "stage_regression_relative_drop": 1.0,
    "stage_regression_detected": 1.0,
    "stage_rollback_applied": 0.0,
    "stage_plateau_recovery_applied": 0.0,
    "num_episodes": 6,
    "success_rate": 0.0,
    "collision_rate": 0.0,
    "avg_episode_return": -98.3297119140625,
    "avg_path_length": 3.0690174102783203,
    "avg_episode_duration": 20.66666603088379,
    "avg_time_to_goal": 0.0,
    "avg_min_obstacle_distance": 1.0097671747207642,
    "avg_min_clearance": 0.659767210483551,
    "avg_control_effort": 0.5614438652992249,
    "avg_path_efficiency": 0.0,
    "avg_steps": 620.0,
    "best_episode_return": 2.281625270843506,
    "deterministic": 1.0,
    "seed_offset": 100000
  },
  "episodes": [
    {
      "episode_return": -133.05827701282493,
      "success": 0.0,
      "collision": 0.0,
      "min_obstacle_distance": 1.9108738899230957,
      "min_clearance": 1.5608738899230956,
      "path_length": 1.2292865933729047,
      "start_to_goal_distance": 5.67656946182251,
      "steps": 620.0,
      "control_effort": 0.5966331696318042,
      "episode_duration": 20.666666666666668,
      "time_to_goal": null
    },
    {
      "episode_return": -110.11161655824503,
      "success": 0.0,
      "collision": 0.0,
      "min_obstacle_distance": 0.6780348420143127,
      "min_clearance": 0.32803484201431277,
      "path_length": 3.618866316305912,
      "start_to_goal_distance": 3.87174391746521,
      "steps": 620.0,
      "control_effort": 0.5637346666666769,
      "episode_duration": 20.666666666666668,
      "time_to_goal": null
    },
    {
      "episode_return": -109.60646343793353,
      "success": 0.0,
      "collision": 0.0,
      "min_obstacle_distance": 1.4171292781829834,
      "min_clearance": 1.0671292781829833,
      "path_length": 2.7400463451778307,
      "start_to_goal_distance": 4.218926906585693,
      "steps": 620.0,
      "control_effort": 0.5621801738296786,
      "episode_duration": 20.666666666666668,
      "time_to_goal": null
    },
    {
      "episode_return": -115.60088009055644,
      "success": 0.0,
      "collision": 0.0,
      "min_obstacle_distance": 0.6291128993034363,
      "min_clearance": 0.2791128993034363,
      "path_length": 4.126609407860087,
      "start_to_goal_distance": 3.8663716316223145,
      "steps": 620.0,
      "control_effort": 0.5050669581178696,
      "episode_duration": 20.666666666666668,
      "time_to_goal": null
    },
    {
      "episode_return": -123.88266216464041,
      "success": 0.0,
      "collision": 0.0,
      "min_obstacle_distance": 0.663166880607605,
      "min_clearance": 0.313166880607605,
      "path_length": 2.461244316595426,
      "start_to_goal_distance": 4.319121837615967,
      "steps": 620.0,
      "control_effort": 0.6042467797475476,
      "episode_duration": 20.666666666666668,
      "time_to_goal": null
    },
    {
      "episode_return": 2.281625207628906,
      "success": 0.0,
      "collision": 0.0,
      "min_obstacle_distance": 0.7602856755256653,
      "min_clearance": 0.4102856755256653,
      "path_length": 4.238052552449517,
      "start_to_goal_distance": 5.195745468139648,
      "steps": 620.0,
      "control_effort": 0.5368014446189326,
      "episode_duration": 20.666666666666668,
      "time_to_goal": null
    }
  ]
}