{
  "episode_return": -18.700127151645948,
  "success": 0.0,
  "collision": 0.0,
  "min_obstacle_distance": 1.3737196922302246,
  "min_clearance": 1.0237196922302245,
  "path_length": 4.3572734938934445,
  "start_to_goal_distance": 3.8663716316223145,
  "steps": 620.0,
  "control_effort": 0.5328263883148471,
  "episode_duration": 20.666666666666668,
  "time_to_goal": null
}