{
  "summary": {
    "train_episode": 1180,
    "stage_index": 7,
    "stage_name": "target_default_intro",
    "stage_episode": 420,
    "stage_eval_index": 37,
    "stage_target_hit": 0.0,
    "stage_success_streak": 0,
    "stage_best_success_rate": 0.5,
    "stage_best_collision_rate": 0.0,
    "stage_best_avg_return": 73.55451202392578,
    "stage_bad_eval_streak": 21,
    "stage_regression_active": 1.0,
    "stage_regression_bad_eval": 1.0,
    "stage_regression_absolute_drop": 0.5,
    "stage_regression_relative_drop": 1.0,
    "stage_regression_detected": 1.0,
    "stage_rollback_applied": 0.0,
    "stage_plateau_recovery_applied": 0.0,
    "num_episodes": 6,
    "success_rate": 0.0,
    "collision_rate": 0.1666666716337204,
    "avg_episode_return": -26.47688102722168,
    "avg_path_length": 3.656745195388794,
    "avg_episode_duration": 20.399999618530273,
    "avg_time_to_goal": 0.0,
    "avg_min_obstacle_distance": 0.783743679523468,
    "avg_min_clearance": 0.4337436854839325,
    "avg_control_effort": 0.5961018204689026,
    "avg_path_efficiency": 0.0,
    "avg_steps": 612.0,
    "best_episode_return": 5.3305344581604,
    "deterministic": 1.0,
    "seed_offset": 100000
  },
  "episodes": [
    {
      "episode_return": -20.185018984565435,
      "success": 0.0,
      "collision": 0.0,
      "min_obstacle_distance": 1.3333251476287842,
      "min_clearance": 0.9833251476287842,
      "path_length": 3.002309422430784,
      "start_to_goal_distance": 5.67656946182251,
      "steps": 620.0,
      "control_effort": 0.6156794501889137,
      "episode_duration": 20.666666666666668,
      "time_to_goal": null
    },
    {
      "episode_return": -107.46408081134145,
      "success": 0.0,
      "collision": 0.0,
      "min_obstacle_distance": 0.36792001128196716,
      "min_clearance": 0.017920011281967185,
      "path_length": 3.786793415495481,
      "start_to_goal_distance": 3.87174391746521,
      "steps": 620.0,
      "control_effort": 0.5811480715390175,
      "episode_duration": 20.666666666666668,
      "time_to_goal": null
    },
    {
      "episode_return": -6.832697350205041,
      "success": 0.0,
      "collision": 0.0,
      "min_obstacle_distance": 1.3044875860214233,
      "min_clearance": 0.9544875860214234,
      "path_length": 3.785545859323726,
      "start_to_goal_distance": 4.218926906585693,
      "steps": 620.0,
      "control_effort": 0.6047721520546944,
      "episode_duration": 20.666666666666668,
      "time_to_goal": null
    },
    {
      "episode_return": 5.330534638899536,
      "success": 0.0,
      "collision": 0.0,
      "min_obstacle_distance": 0.5163326263427734,
      "min_clearance": 0.16633262634277346,
      "path_length": 4.421555092019844,
      "start_to_goal_distance": 3.8663716316223145,
      "steps": 620.0,
      "control_effort": 0.5910056917898117,
      "episode_duration": 20.666666666666668,
      "time_to_goal": null
    },
    {
      "episode_return": -13.550237950359804,
      "success": 0.0,
      "collision": 0.0,
      "min_obstacle_distance": 0.8332633376121521,
      "min_clearance": 0.4832633376121521,
      "path_length": 2.884376607991584,
      "start_to_goal_distance": 4.319121837615967,
      "steps": 620.0,
      "control_effort": 0.5934493881079459,
      "episode_duration": 20.666666666666668,
      "time_to_goal": null
    },
    {
      "episode_return": -16.159783935155644,
      "success": 0.0,
      "collision": 1.0,
      "min_obstacle_distance": 0.34713342785835266,
      "min_clearance": -0.0028665721416473167,
      "path_length": 4.059893439465668,
      "start_to_goal_distance": 5.195745468139648,
      "steps": 572.0,
      "control_effort": 0.5905561353360023,
      "episode_duration": 19.066666666666666,
      "time_to_goal": null
    }
  ]
}