{
  "summary": {
    "train_episode": 2340,
    "stage_index": 7,
    "stage_name": "target_default_intro",
    "stage_episode": 1580,
    "stage_eval_index": 95,
    "stage_target_hit": 0.0,
    "stage_success_streak": 0,
    "stage_best_success_rate": 0.5,
    "stage_best_collision_rate": 0.0,
    "stage_best_avg_return": 73.55451202392578,
    "stage_bad_eval_streak": 79,
    "stage_regression_active": 1.0,
    "stage_regression_bad_eval": 1.0,
    "stage_regression_absolute_drop": 0.5,
    "stage_regression_relative_drop": 1.0,
    "stage_regression_detected": 1.0,
    "stage_rollback_applied": 0.0,
    "stage_plateau_recovery_applied": 0.0,
    "num_episodes": 6,
    "success_rate": 0.0,
    "collision_rate": 0.1666666716337204,
    "avg_episode_return": -60.034088134765625,
    "avg_path_length": 3.4661648273468018,
    "avg_episode_duration": 17.872220993041992,
    "avg_time_to_goal": 0.0,
    "avg_min_obstacle_distance": 0.8685107827186584,
    "avg_min_clearance": 0.5185107588768005,
    "avg_control_effort": 0.48366081714630127,
    "avg_path_efficiency": 0.0,
    "avg_steps": 536.1666870117188,
    "best_episode_return": -1.6111996173858643,
    "deterministic": 1.0,
    "seed_offset": 100000
  },
  "episodes": [
    {
      "episode_return": -61.385616933373704,
      "success": 0.0,
      "collision": 0.0,
      "min_obstacle_distance": 1.7640786170959473,
      "min_clearance": 1.4140786170959472,
      "path_length": 2.4879282834130834,
      "start_to_goal_distance": 5.67656946182251,
      "steps": 620.0,
      "control_effort": 0.5230347511268432,
      "episode_duration": 20.666666666666668,
      "time_to_goal": null
    },
    {
      "episode_return": -128.95789398693523,
      "success": 0.0,
      "collision": 0.0,
      "min_obstacle_distance": 0.4112204611301422,
      "min_clearance": 0.061220461130142234,
      "path_length": 4.429024234006647,
      "start_to_goal_distance": 3.87174391746521,
      "steps": 620.0,
      "control_effort": 0.4532268902947826,
      "episode_duration": 20.666666666666668,
      "time_to_goal": null
    },
    {
      "episode_return": -87.50086935632821,
      "success": 0.0,
      "collision": 0.0,
      "min_obstacle_distance": 1.2274603843688965,
      "min_clearance": 0.8774603843688965,
      "path_length": 4.456204299000092,
      "start_to_goal_distance": 4.218926906585693,
      "steps": 620.0,
      "control_effort": 0.5072741454647434,
      "episode_duration": 20.666666666666668,
      "time_to_goal": null
    },
    {
      "episode_return": -38.04069563583702,
      "success": 0.0,
      "collision": 0.0,
      "min_obstacle_distance": 0.9457500576972961,
      "min_clearance": 0.5957500576972962,
      "path_length": 4.304344148200471,
      "start_to_goal_distance": 3.8663716316223145,
      "steps": 620.0,
      "control_effort": 0.498263994580315,
      "episode_duration": 20.666666666666668,
      "time_to_goal": null
    },
    {
      "episode_return": -42.70824048360801,
      "success": 0.0,
      "collision": 1.0,
      "min_obstacle_distance": 0.34889596700668335,
      "min_clearance": -0.0011040329933166282,
      "path_length": 0.7760167266824283,
      "start_to_goal_distance": 4.319121837615967,
      "steps": 117.0,
      "control_effort": 0.44660651734751516,
      "episode_duration": 3.9,
      "time_to_goal": null
    },
    {
      "episode_return": -1.6111995859131483,
      "success": 0.0,
      "collision": 0.0,
      "min_obstacle_distance": 0.5136591196060181,
      "min_clearance": 0.1636591196060181,
      "path_length": 4.343472068256233,
      "start_to_goal_distance": 5.195745468139648,
      "steps": 620.0,
      "control_effort": 0.47355873498224443,
      "episode_duration": 20.666666666666668,
      "time_to_goal": null
    }
  ]
}