{
  "summary": {
    "train_episode": 2820,
    "stage_index": 7,
    "stage_name": "target_default_intro",
    "stage_episode": 2060,
    "stage_eval_index": 119,
    "stage_target_hit": 0.0,
    "stage_success_streak": 0,
    "stage_best_success_rate": 0.5,
    "stage_best_collision_rate": 0.0,
    "stage_best_avg_return": 73.55451202392578,
    "stage_bad_eval_streak": 103,
    "stage_regression_active": 1.0,
    "stage_regression_bad_eval": 1.0,
    "stage_regression_absolute_drop": 0.5,
    "stage_regression_relative_drop": 1.0,
    "stage_regression_detected": 1.0,
    "stage_rollback_applied": 0.0,
    "stage_plateau_recovery_applied": 0.0,
    "num_episodes": 6,
    "success_rate": 0.0,
    "collision_rate": 0.1666666716337204,
    "avg_episode_return": -72.45001983642578,
    "avg_path_length": 3.3778440952301025,
    "avg_episode_duration": 17.73333168029785,
    "avg_time_to_goal": 0.0,
    "avg_min_obstacle_distance": 0.9808657765388489,
    "avg_min_clearance": 0.6308658123016357,
    "avg_control_effort": 0.4883486330509186,
    "avg_path_efficiency": 0.0,
    "avg_steps": 532.0,
    "best_episode_return": 4.593430995941162,
    "deterministic": 1.0,
    "seed_offset": 100000
  },
  "episodes": [
    {
      "episode_return": -101.56715533619789,
      "success": 0.0,
      "collision": 0.0,
      "min_obstacle_distance": 1.8878791332244873,
      "min_clearance": 1.5378791332244872,
      "path_length": 2.5411717954929287,
      "start_to_goal_distance": 5.67656946182251,
      "steps": 620.0,
      "control_effort": 0.5237329821913473,
      "episode_duration": 20.666666666666668,
      "time_to_goal": null
    },
    {
      "episode_return": -102.70551060886794,
      "success": 0.0,
      "collision": 0.0,
      "min_obstacle_distance": 0.5602491497993469,
      "min_clearance": 0.21024914979934695,
      "path_length": 4.315368564042728,
      "start_to_goal_distance": 3.87174391746521,
      "steps": 620.0,
      "control_effort": 0.48094890478157226,
      "episode_duration": 20.666666666666668,
      "time_to_goal": null
    },
    {
      "episode_return": -111.66453542588323,
      "success": 0.0,
      "collision": 0.0,
      "min_obstacle_distance": 1.2563092708587646,
      "min_clearance": 0.9063092708587647,
      "path_length": 4.322742778400425,
      "start_to_goal_distance": 4.218926906585693,
      "steps": 620.0,
      "control_effort": 0.5236758244614448,
      "episode_duration": 20.666666666666668,
      "time_to_goal": null
    },
    {
      "episode_return": -75.29195980849528,
      "success": 0.0,
      "collision": 0.0,
      "min_obstacle_distance": 1.256822943687439,
      "min_clearance": 0.906822943687439,
      "path_length": 4.306832642061636,
      "start_to_goal_distance": 3.8663716316223145,
      "steps": 620.0,
      "control_effort": 0.5070580181094908,
      "episode_duration": 20.666666666666668,
      "time_to_goal": null
    },
    {
      "episode_return": -48.06443426177595,
      "success": 0.0,
      "collision": 1.0,
      "min_obstacle_distance": 0.346164345741272,
      "min_clearance": -0.003835654258728005,
      "path_length": 0.5897707603871822,
      "start_to_goal_distance": 4.319121837615967,
      "steps": 92.0,
      "control_effort": 0.4213598030416862,
      "episode_duration": 3.066666666666667,
      "time_to_goal": null
    },
    {
      "episode_return": 4.593431008082817,
      "success": 0.0,
      "collision": 0.0,
      "min_obstacle_distance": 0.5777699947357178,
      "min_clearance": 0.2277699947357178,
      "path_length": 4.19117716915207,
      "start_to_goal_distance": 5.195745468139648,
      "steps": 620.0,
      "control_effort": 0.4733165195392024,
      "episode_duration": 20.666666666666668,
      "time_to_goal": null
    }
  ]
}