{
  "episode_return": 100.4918691034913,
  "success": 1.0,
  "collision": 0.0,
  "min_obstacle_distance": 2.4311063289642334,
  "min_clearance": 2.0811063289642333,
  "path_length": 1.531641425597627,
  "start_to_goal_distance": 2.486285924911499,
  "steps": 197.0,
  "control_effort": 0.6963538479078845,
  "episode_duration": 6.566666666666666,
  "time_to_goal": 6.566666666666666
}