{
  "episode_return": 10.159694082409736,
  "success": 0.0,
  "collision": 0.0,
  "min_obstacle_distance": 0.6942818760871887,
  "min_clearance": 0.34428187608718874,
  "path_length": 4.285594042157754,
  "start_to_goal_distance": 5.195745468139648,
  "steps": 620.0,
  "control_effort": 0.5109824456514851,
  "episode_duration": 20.666666666666668,
  "time_to_goal": null
}