{
  "summary": {
    "train_episode": 640,
    "stage_index": 7,
    "stage_name": "target_default_intro",
    "stage_episode": 200,
    "stage_eval_index": 10,
    "stage_target_hit": 0.0,
    "stage_success_streak": 0,
    "stage_best_success_rate": 0.3333333432674408,
    "stage_best_collision_rate": 0.0,
    "stage_best_avg_return": 45.80244064331055,
    "stage_bad_eval_streak": 3,
    "stage_regression_active": 1.0,
    "stage_regression_bad_eval": 1.0,
    "stage_regression_absolute_drop": 0.1666666716337204,
    "stage_regression_relative_drop": 0.5,
    "stage_regression_detected": 1.0,
    "stage_rollback_applied": 0.0,
    "stage_plateau_recovery_applied": 0.0,
    "num_episodes": 6,
    "success_rate": 0.1666666716337204,
    "collision_rate": 0.0,
    "avg_episode_return": 18.59611701965332,
    "avg_path_length": 4.049763202667236,
    "avg_episode_duration": 19.766664505004883,
    "avg_time_to_goal": 15.266666412353516,
    "avg_min_obstacle_distance": 0.943268358707428,
    "avg_min_clearance": 0.5932683348655701,
    "avg_control_effort": 0.6476680040359497,
    "avg_path_efficiency": 0.1666666716337204,
    "avg_steps": 593.0,
    "best_episode_return": 157.9167938232422,
    "deterministic": 1.0,
    "seed_offset": 100000
  },
  "episodes": [
    {
      "episode_return": -20.60652516075267,
      "success": 0.0,
      "collision": 0.0,
      "min_obstacle_distance": 1.2150986194610596,
      "min_clearance": 0.8650986194610596,
      "path_length": 3.933477875808535,
      "start_to_goal_distance": 5.67656946182251,
      "steps": 620.0,
      "control_effort": 0.6567724406719208,
      "episode_duration": 20.666666666666668,
      "time_to_goal": null
    },
    {
      "episode_return": -16.093631152789172,
      "success": 0.0,
      "collision": 0.0,
      "min_obstacle_distance": 0.4425446689128876,
      "min_clearance": 0.0925446689128876,
      "path_length": 4.427532175483066,
      "start_to_goal_distance": 3.87174391746521,
      "steps": 620.0,
      "control_effort": 0.6385318890694649,
      "episode_duration": 20.666666666666668,
      "time_to_goal": null
    },
    {
      "episode_return": 4.660767234660504,
      "success": 0.0,
      "collision": 0.0,
      "min_obstacle_distance": 1.3021488189697266,
      "min_clearance": 0.9521488189697266,
      "path_length": 4.517679501113889,
      "start_to_goal_distance": 4.218926906585693,
      "steps": 620.0,
      "control_effort": 0.6525823756571739,
      "episode_duration": 20.666666666666668,
      "time_to_goal": null
    },
    {
      "episode_return": 157.91678677439904,
      "success": 1.0,
      "collision": 0.0,
      "min_obstacle_distance": 0.8914507627487183,
      "min_clearance": 0.5414507627487183,
      "path_length": 3.348327680476359,
      "start_to_goal_distance": 3.8663716316223145,
      "steps": 458.0,
      "control_effort": 0.6452200411448833,
      "episode_duration": 15.266666666666667,
      "time_to_goal": 15.266666666666667
    },
    {
      "episode_return": 0.36543520112349626,
      "success": 0.0,
      "collision": 0.0,
      "min_obstacle_distance": 0.8564985394477844,
      "min_clearance": 0.5064985394477844,
      "path_length": 3.490507480120627,
      "start_to_goal_distance": 4.319121837615967,
      "steps": 620.0,
      "control_effort": 0.6485419293565134,
      "episode_duration": 20.666666666666668,
      "time_to_goal": null
    },
    {
      "episode_return": -14.666135699149013,
      "success": 0.0,
      "collision": 0.0,
      "min_obstacle_distance": 0.95186847448349,
      "min_clearance": 0.60186847448349,
      "path_length": 4.5810542498511495,
      "start_to_goal_distance": 5.195745468139648,
      "steps": 620.0,
      "control_effort": 0.6443593475126451,
      "episode_duration": 20.666666666666668,
      "time_to_goal": null
    }
  ]
}