{
  "episode_return": 4.593431008082817,
  "success": 0.0,
  "collision": 0.0,
  "min_obstacle_distance": 0.5777699947357178,
  "min_clearance": 0.2277699947357178,
  "path_length": 4.19117716915207,
  "start_to_goal_distance": 5.195745468139648,
  "steps": 620.0,
  "control_effort": 0.4733165195392024,
  "episode_duration": 20.666666666666668,
  "time_to_goal": null
}