{
  "summary": {
    "train_episode": 940,
    "stage_index": 7,
    "stage_name": "target_default_intro",
    "stage_episode": 180,
    "stage_eval_index": 25,
    "stage_target_hit": 0.0,
    "stage_success_streak": 0,
    "stage_best_success_rate": 0.5,
    "stage_best_collision_rate": 0.0,
    "stage_best_avg_return": 73.55451202392578,
    "stage_bad_eval_streak": 9,
    "stage_regression_active": 1.0,
    "stage_regression_bad_eval": 1.0,
    "stage_regression_absolute_drop": 0.5,
    "stage_regression_relative_drop": 1.0,
    "stage_regression_detected": 1.0,
    "stage_rollback_applied": 0.0,
    "stage_plateau_recovery_applied": 0.0,
    "num_episodes": 6,
    "success_rate": 0.0,
    "collision_rate": 0.1666666716337204,
    "avg_episode_return": -19.77227210998535,
    "avg_path_length": 4.240335464477539,
    "avg_episode_duration": 20.355554580688477,
    "avg_time_to_goal": 0.0,
    "avg_min_obstacle_distance": 0.7883601188659668,
    "avg_min_clearance": 0.4383600950241089,
    "avg_control_effort": 0.6349084377288818,
    "avg_path_efficiency": 0.0,
    "avg_steps": 610.6666870117188,
    "best_episode_return": 23.12543296813965,
    "deterministic": 1.0,
    "seed_offset": 100000
  },
  "episodes": [
    {
      "episode_return": -17.35359480029039,
      "success": 0.0,
      "collision": 0.0,
      "min_obstacle_distance": 1.0850830078125,
      "min_clearance": 0.7350830078125,
      "path_length": 4.097615108870329,
      "start_to_goal_distance": 5.67656946182251,
      "steps": 620.0,
      "control_effort": 0.6569383684665926,
      "episode_duration": 20.666666666666668,
      "time_to_goal": null
    },
    {
      "episode_return": -103.39583795127325,
      "success": 0.0,
      "collision": 0.0,
      "min_obstacle_distance": 0.3775476813316345,
      "min_clearance": 0.027547681331634544,
      "path_length": 4.289201140403748,
      "start_to_goal_distance": 3.87174391746521,
      "steps": 620.0,
      "control_effort": 0.6170721126179541,
      "episode_duration": 20.666666666666668,
      "time_to_goal": null
    },
    {
      "episode_return": 0.5915907213305331,
      "success": 0.0,
      "collision": 0.0,
      "min_obstacle_distance": 1.1799132823944092,
      "min_clearance": 0.8299132823944092,
      "path_length": 4.4452361279472825,
      "start_to_goal_distance": 4.218926906585693,
      "steps": 620.0,
      "control_effort": 0.640698754595172,
      "episode_duration": 20.666666666666668,
      "time_to_goal": null
    },
    {
      "episode_return": 23.12543299582486,
      "success": 0.0,
      "collision": 0.0,
      "min_obstacle_distance": 0.9542465209960938,
      "min_clearance": 0.6042465209960938,
      "path_length": 4.455165883387963,
      "start_to_goal_distance": 3.8663716316223145,
      "steps": 620.0,
      "control_effort": 0.6296679910152189,
      "episode_duration": 20.666666666666668,
      "time_to_goal": null
    },
    {
      "episode_return": -11.44390468687299,
      "success": 0.0,
      "collision": 0.0,
      "min_obstacle_distance": 0.793907642364502,
      "min_clearance": 0.443907642364502,
      "path_length": 4.181321818724058,
      "start_to_goal_distance": 4.319121837615967,
      "steps": 620.0,
      "control_effort": 0.6360640055710269,
      "episode_duration": 20.666666666666668,
      "time_to_goal": null
    },
    {
      "episode_return": -10.157316530375205,
      "success": 0.0,
      "collision": 1.0,
      "min_obstacle_distance": 0.3394625186920166,
      "min_clearance": -0.010537481307983376,
      "path_length": 3.973471851379145,
      "start_to_goal_distance": 5.195745468139648,
      "steps": 564.0,
      "control_effort": 0.629009539565296,
      "episode_duration": 18.8,
      "time_to_goal": null
    }
  ]
}