{
  "summary": {
    "train_episode": 120,
    "stage_index": 2,
    "stage_name": "bridge_entry",
    "stage_episode": 40,
    "stage_eval_index": 2,
    "stage_target_hit": 0.0,
    "stage_success_streak": 0,
    "stage_best_success_rate": 1.0,
    "stage_best_collision_rate": 0.0,
    "stage_best_avg_return": 103.01146697998047,
    "stage_bad_eval_streak": 0,
    "stage_regression_active": 1.0,
    "stage_regression_bad_eval": 0.0,
    "stage_regression_absolute_drop": 0.0,
    "stage_regression_relative_drop": 0.0,
    "stage_regression_detected": 0.0,
    "stage_rollback_applied": 0.0,
    "stage_plateau_recovery_applied": 0.0,
    "num_episodes": 6,
    "success_rate": 1.0,
    "collision_rate": 0.0,
    "avg_episode_return": 102.99053955078125,
    "avg_path_length": 1.114463448524475,
    "avg_episode_duration": 4.855555534362793,
    "avg_time_to_goal": 4.855555534362793,
    "avg_min_obstacle_distance": 2.7539923191070557,
    "avg_min_clearance": 2.4039924144744873,
    "avg_control_effort": 0.6901333928108215,
    "avg_path_efficiency": 1.0,
    "avg_steps": 145.6666717529297,
    "best_episode_return": 104.7575454711914,
    "deterministic": 1.0,
    "seed_offset": 100000
  },
  "episodes": [
    {
      "episode_return": 104.70831084758046,
      "success": 1.0,
      "collision": 0.0,
      "min_obstacle_distance": 2.7661843299865723,
      "min_clearance": 2.416184329986572,
      "path_length": 1.314584089370328,
      "start_to_goal_distance": 2.2447426319122314,
      "steps": 171.0,
      "control_effort": 0.6901334290615997,
      "episode_duration": 5.7,
      "time_to_goal": 5.7
    },
    {
      "episode_return": 100.65712229907513,
      "success": 1.0,
      "collision": 0.0,
      "min_obstacle_distance": 3.0955889225006104,
      "min_clearance": 2.7455889225006103,
      "path_length": 0.8775522085343255,
      "start_to_goal_distance": 1.8540050983428955,
      "steps": 123.0,
      "control_effort": 0.690134712351047,
      "episode_duration": 4.1,
      "time_to_goal": 4.1
    },
    {
      "episode_return": 102.89163435369727,
      "success": 1.0,
      "collision": 0.0,
      "min_obstacle_distance": 3.288999319076538,
      "min_clearance": 2.938999319076538,
      "path_length": 1.1074372379953275,
      "start_to_goal_distance": 2.0578346252441406,
      "steps": 139.0,
      "control_effort": 0.6901349622568638,
      "episode_duration": 4.633333333333334,
      "time_to_goal": 4.633333333333334
    },
    {
      "episode_return": 100.47064569026233,
      "success": 1.0,
      "collision": 0.0,
      "min_obstacle_distance": 2.2210066318511963,
      "min_clearance": 1.8710066318511962,
      "path_length": 0.8653137886722106,
      "start_to_goal_distance": 1.832995891571045,
      "steps": 116.0,
      "control_effort": 0.6901322803620634,
      "episode_duration": 3.8666666666666667,
      "time_to_goal": 3.8666666666666667
    },
    {
      "episode_return": 104.45797948926686,
      "success": 1.0,
      "collision": 0.0,
      "min_obstacle_distance": 2.2657132148742676,
      "min_clearance": 1.9157132148742675,
      "path_length": 1.2512717618374154,
      "start_to_goal_distance": 2.2196991443634033,
      "steps": 165.0,
      "control_effort": 0.6901316776420131,
      "episode_duration": 5.5,
      "time_to_goal": 5.5
    },
    {
      "episode_return": 104.75754545062777,
      "success": 1.0,
      "collision": 0.0,
      "min_obstacle_distance": 2.8864614963531494,
      "min_clearance": 2.5364614963531493,
      "path_length": 1.2706216838996625,
      "start_to_goal_distance": 2.2351953983306885,
      "steps": 160.0,
      "control_effort": 0.6901337761431933,
      "episode_duration": 5.333333333333333,
      "time_to_goal": 5.333333333333333
    }
  ]
}