{
  "summary": {
    "train_episode": 2220,
    "stage_index": 7,
    "stage_name": "target_default_intro",
    "stage_episode": 1460,
    "stage_eval_index": 89,
    "stage_target_hit": 0.0,
    "stage_success_streak": 0,
    "stage_best_success_rate": 0.5,
    "stage_best_collision_rate": 0.0,
    "stage_best_avg_return": 73.55451202392578,
    "stage_bad_eval_streak": 73,
    "stage_regression_active": 1.0,
    "stage_regression_bad_eval": 1.0,
    "stage_regression_absolute_drop": 0.5,
    "stage_regression_relative_drop": 1.0,
    "stage_regression_detected": 1.0,
    "stage_rollback_applied": 0.0,
    "stage_plateau_recovery_applied": 0.0,
    "num_episodes": 6,
    "success_rate": 0.0,
    "collision_rate": 0.0,
    "avg_episode_return": -55.01809310913086,
    "avg_path_length": 4.365590572357178,
    "avg_episode_duration": 20.66666603088379,
    "avg_time_to_goal": 0.0,
    "avg_min_obstacle_distance": 0.7656229138374329,
    "avg_min_clearance": 0.4156229496002197,
    "avg_control_effort": 0.5214478373527527,
    "avg_path_efficiency": 0.0,
    "avg_steps": 620.0,
    "best_episode_return": -18.70012664794922,
    "deterministic": 1.0,
    "seed_offset": 100000
  },
  "episodes": [
    {
      "episode_return": -114.94424465171572,
      "success": 0.0,
      "collision": 0.0,
      "min_obstacle_distance": 0.37741392850875854,
      "min_clearance": 0.027413928508758567,
      "path_length": 4.360381485486869,
      "start_to_goal_distance": 5.67656946182251,
      "steps": 620.0,
      "control_effort": 0.5346731377224768,
      "episode_duration": 20.666666666666668,
      "time_to_goal": null
    },
    {
      "episode_return": -30.831187936350112,
      "success": 0.0,
      "collision": 0.0,
      "min_obstacle_distance": 0.8240244388580322,
      "min_clearance": 0.47402443885803225,
      "path_length": 4.4212449548067525,
      "start_to_goal_distance": 3.87174391746521,
      "steps": 620.0,
      "control_effort": 0.506645676733986,
      "episode_duration": 20.666666666666668,
      "time_to_goal": null
    },
    {
      "episode_return": -37.74584878667588,
      "success": 0.0,
      "collision": 0.0,
      "min_obstacle_distance": 0.8614578247070312,
      "min_clearance": 0.5114578247070313,
      "path_length": 4.378991924691945,
      "start_to_goal_distance": 4.218926906585693,
      "steps": 620.0,
      "control_effort": 0.5365332633737595,
      "episode_duration": 20.666666666666668,
      "time_to_goal": null
    },
    {
      "episode_return": -18.700127151645948,
      "success": 0.0,
      "collision": 0.0,
      "min_obstacle_distance": 1.3737196922302246,
      "min_clearance": 1.0237196922302245,
      "path_length": 4.3572734938934445,
      "start_to_goal_distance": 3.8663716316223145,
      "steps": 620.0,
      "control_effort": 0.5328263883148471,
      "episode_duration": 20.666666666666668,
      "time_to_goal": null
    },
    {
      "episode_return": -103.36133489131907,
      "success": 0.0,
      "collision": 0.0,
      "min_obstacle_distance": 0.3747817277908325,
      "min_clearance": 0.024781727790832542,
      "path_length": 4.461827236926183,
      "start_to_goal_distance": 4.319121837615967,
      "steps": 620.0,
      "control_effort": 0.5249831293859789,
      "episode_duration": 20.666666666666668,
      "time_to_goal": null
    },
    {
      "episode_return": -24.52580704792229,
      "success": 0.0,
      "collision": 0.0,
      "min_obstacle_distance": 0.7823401689529419,
      "min_clearance": 0.4323401689529419,
      "path_length": 4.213820539123844,
      "start_to_goal_distance": 5.195745468139648,
      "steps": 620.0,
      "control_effort": 0.4930252873609143,
      "episode_duration": 20.666666666666668,
      "time_to_goal": null
    }
  ]
}