{
  "episode_return": 10.768280864696319,
  "success": 0.0,
  "collision": 0.0,
  "min_obstacle_distance": 1.0494946241378784,
  "min_clearance": 0.6994946241378784,
  "path_length": 4.357927803663188,
  "start_to_goal_distance": 3.8663716316223145,
  "steps": 620.0,
  "control_effort": 0.6402595918986105,
  "episode_duration": 20.666666666666668,
  "time_to_goal": null
}