{
  "summary": {
    "train_episode": 3100,
    "stage_index": 7,
    "stage_name": "target_default_intro",
    "stage_episode": 2340,
    "stage_eval_index": 133,
    "stage_target_hit": 0.0,
    "stage_success_streak": 0,
    "stage_best_success_rate": 0.5,
    "stage_best_collision_rate": 0.0,
    "stage_best_avg_return": 73.55451202392578,
    "stage_bad_eval_streak": 117,
    "stage_regression_active": 1.0,
    "stage_regression_bad_eval": 1.0,
    "stage_regression_absolute_drop": 0.5,
    "stage_regression_relative_drop": 1.0,
    "stage_regression_detected": 1.0,
    "stage_rollback_applied": 0.0,
    "stage_plateau_recovery_applied": 0.0,
    "num_episodes": 6,
    "success_rate": 0.0,
    "collision_rate": 0.0,
    "avg_episode_return": -100.84844970703125,
    "avg_path_length": 3.5233123302459717,
    "avg_episode_duration": 20.66666603088379,
    "avg_time_to_goal": 0.0,
    "avg_min_obstacle_distance": 0.977927029132843,
    "avg_min_clearance": 0.6279270648956299,
    "avg_control_effort": 0.5427139401435852,
    "avg_path_efficiency": 0.0,
    "avg_steps": 620.0,
    "best_episode_return": 5.054576873779297,
    "deterministic": 1.0,
    "seed_offset": 100000
  },
  "episodes": [
    {
      "episode_return": -130.38808188219343,
      "success": 0.0,
      "collision": 0.0,
      "min_obstacle_distance": 1.9014378786087036,
      "min_clearance": 1.5514378786087035,
      "path_length": 1.7223909851198869,
      "start_to_goal_distance": 5.67656946182251,
      "steps": 620.0,
      "control_effort": 0.5767237769980584,
      "episode_duration": 20.666666666666668,
      "time_to_goal": null
    },
    {
      "episode_return": -131.82709398890944,
      "success": 0.0,
      "collision": 0.0,
      "min_obstacle_distance": 0.5051018595695496,
      "min_clearance": 0.15510185956954958,
      "path_length": 4.23151510948712,
      "start_to_goal_distance": 3.87174391746521,
      "steps": 620.0,
      "control_effort": 0.5528414613777591,
      "episode_duration": 20.666666666666668,
      "time_to_goal": null
    },
    {
      "episode_return": -116.68374868360667,
      "success": 0.0,
      "collision": 0.0,
      "min_obstacle_distance": 1.3599023818969727,
      "min_clearance": 1.0099023818969726,
      "path_length": 3.4064337369233755,
      "start_to_goal_distance": 4.218926906585693,
      "steps": 620.0,
      "control_effort": 0.5547479921290951,
      "episode_duration": 20.666666666666668,
      "time_to_goal": null
    },
    {
      "episode_return": -107.41052735824195,
      "success": 0.0,
      "collision": 0.0,
      "min_obstacle_distance": 0.8210057020187378,
      "min_clearance": 0.4710057020187378,
      "path_length": 4.358303318847902,
      "start_to_goal_distance": 3.8663716316223145,
      "steps": 620.0,
      "control_effort": 0.5108866537290234,
      "episode_duration": 20.666666666666668,
      "time_to_goal": null
    },
    {
      "episode_return": -123.8358272853599,
      "success": 0.0,
      "collision": 0.0,
      "min_obstacle_distance": 0.6073957085609436,
      "min_clearance": 0.2573957085609436,
      "path_length": 3.156763291572986,
      "start_to_goal_distance": 4.319121837615967,
      "steps": 620.0,
      "control_effort": 0.5492174385536102,
      "episode_duration": 20.666666666666668,
      "time_to_goal": null
    },
    {
      "episode_return": 5.054577054655944,
      "success": 0.0,
      "collision": 0.0,
      "min_obstacle_distance": 0.6727188229560852,
      "min_clearance": 0.3227188229560852,
      "path_length": 4.264466605862253,
      "start_to_goal_distance": 5.195745468139648,
      "steps": 620.0,
      "control_effort": 0.5118664478582721,
      "episode_duration": 20.666666666666668,
      "time_to_goal": null
    }
  ]
}