{
  "episode_return": 104.75754545062777,
  "success": 1.0,
  "collision": 0.0,
  "min_obstacle_distance": 2.8864614963531494,
  "min_clearance": 2.5364614963531493,
  "path_length": 1.2706216838996625,
  "start_to_goal_distance": 2.2351953983306885,
  "steps": 160.0,
  "control_effort": 0.6901337761431933,
  "episode_duration": 5.333333333333333,
  "time_to_goal": 5.333333333333333
}