{
  "episode_return": -41.56433700556197,
  "success": 0.0,
  "collision": 0.0,
  "min_obstacle_distance": 0.9775862693786621,
  "min_clearance": 0.6275862693786621,
  "path_length": 3.3593613068071733,
  "start_to_goal_distance": 5.67656946182251,
  "steps": 620.0,
  "control_effort": 0.561743119455153,
  "episode_duration": 20.666666666666668,
  "time_to_goal": null
}