{
  "episode_return": 157.3861781417515,
  "success": 1.0,
  "collision": 0.0,
  "min_obstacle_distance": 0.961678147315979,
  "min_clearance": 0.611678147315979,
  "path_length": 3.3891098700369184,
  "start_to_goal_distance": 3.8663716316223145,
  "steps": 481.0,
  "control_effort": 0.6606640654641229,
  "episode_duration": 16.033333333333335,
  "time_to_goal": 16.033333333333335
}