{
  "summary": {
    "train_episode": 2960,
    "stage_index": 7,
    "stage_name": "target_default_intro",
    "stage_episode": 2200,
    "stage_eval_index": 126,
    "stage_target_hit": 0.0,
    "stage_success_streak": 0,
    "stage_best_success_rate": 0.5,
    "stage_best_collision_rate": 0.0,
    "stage_best_avg_return": 73.55451202392578,
    "stage_bad_eval_streak": 110,
    "stage_regression_active": 1.0,
    "stage_regression_bad_eval": 1.0,
    "stage_regression_absolute_drop": 0.5,
    "stage_regression_relative_drop": 1.0,
    "stage_regression_detected": 1.0,
    "stage_rollback_applied": 0.0,
    "stage_plateau_recovery_applied": 0.0,
    "num_episodes": 6,
    "success_rate": 0.0,
    "collision_rate": 0.3333333432674408,
    "avg_episode_return": -76.84400177001953,
    "avg_path_length": 2.9815542697906494,
    "avg_episode_duration": 16.627777099609375,
    "avg_time_to_goal": 0.0,
    "avg_min_obstacle_distance": 0.9421150088310242,
    "avg_min_clearance": 0.5921149849891663,
    "avg_control_effort": 0.5080514550209045,
    "avg_path_efficiency": 0.0,
    "avg_steps": 498.8333435058594,
    "best_episode_return": 11.033337593078613,
    "deterministic": 1.0,
    "seed_offset": 100000
  },
  "episodes": [
    {
      "episode_return": -112.97218105694984,
      "success": 0.0,
      "collision": 0.0,
      "min_obstacle_distance": 1.876166820526123,
      "min_clearance": 1.526166820526123,
      "path_length": 1.8944791172270357,
      "start_to_goal_distance": 5.67656946182251,
      "steps": 620.0,
      "control_effort": 0.5385748022506314,
      "episode_duration": 20.666666666666668,
      "time_to_goal": null
    },
    {
      "episode_return": -55.7856959232231,
      "success": 0.0,
      "collision": 1.0,
      "min_obstacle_distance": 0.34969019889831543,
      "min_clearance": -0.0003098011016845481,
      "path_length": 1.805142188735772,
      "start_to_goal_distance": 3.87174391746521,
      "steps": 273.0,
      "control_effort": 0.45096179930281727,
      "episode_duration": 9.1,
      "time_to_goal": null
    },
    {
      "episode_return": -123.88371005049437,
      "success": 0.0,
      "collision": 0.0,
      "min_obstacle_distance": 1.3385992050170898,
      "min_clearance": 0.9885992050170899,
      "path_length": 4.047222064247848,
      "start_to_goal_distance": 4.218926906585693,
      "steps": 620.0,
      "control_effort": 0.5656974137310059,
      "episode_duration": 20.666666666666668,
      "time_to_goal": null
    },
    {
      "episode_return": -88.93884516368178,
      "success": 0.0,
      "collision": 0.0,
      "min_obstacle_distance": 1.0228224992752075,
      "min_clearance": 0.6728224992752075,
      "path_length": 4.342657214961946,
      "start_to_goal_distance": 3.8663716316223145,
      "steps": 620.0,
      "control_effort": 0.5333548976529029,
      "episode_duration": 20.666666666666668,
      "time_to_goal": null
    },
    {
      "episode_return": -90.51686516940558,
      "success": 0.0,
      "collision": 1.0,
      "min_obstacle_distance": 0.34857308864593506,
      "min_clearance": -0.0014269113540649192,
      "path_length": 1.6122421294567175,
      "start_to_goal_distance": 4.319121837615967,
      "steps": 240.0,
      "control_effort": 0.43934551949302353,
      "episode_duration": 8.0,
      "time_to_goal": null
    },
    {
      "episode_return": 11.033337359953805,
      "success": 0.0,
      "collision": 0.0,
      "min_obstacle_distance": 0.716838002204895,
      "min_clearance": 0.36683800220489504,
      "path_length": 4.187583965016529,
      "start_to_goal_distance": 5.195745468139648,
      "steps": 620.0,
      "control_effort": 0.5203743069883315,
      "episode_duration": 20.666666666666668,
      "time_to_goal": null
    }
  ]
}