{
  "episode_return": 157.48952083774293,
  "success": 1.0,
  "collision": 0.0,
  "min_obstacle_distance": 0.7601935267448425,
  "min_clearance": 0.41019352674484255,
  "path_length": 3.4757521862338763,
  "start_to_goal_distance": 3.8663716316223145,
  "steps": 477.0,
  "control_effort": 0.6643354117995288,
  "episode_duration": 15.9,
  "time_to_goal": 15.9
}