{
  "episode_return": 157.5732391695026,
  "success": 1.0,
  "collision": 0.0,
  "min_obstacle_distance": 0.8309910893440247,
  "min_clearance": 0.4809910893440247,
  "path_length": 3.359107812801085,
  "start_to_goal_distance": 3.8663716316223145,
  "steps": 476.0,
  "control_effort": 0.6518695387018829,
  "episode_duration": 15.866666666666667,
  "time_to_goal": 15.866666666666667
}