{
  "episode_return": 33.4981297959838,
  "success": 0.0,
  "collision": 0.0,
  "min_obstacle_distance": 0.9996112585067749,
  "min_clearance": 0.6496112585067749,
  "path_length": 4.478910635953071,
  "start_to_goal_distance": 3.8663716316223145,
  "steps": 620.0,
  "control_effort": 0.6197170655573568,
  "episode_duration": 20.666666666666668,
  "time_to_goal": null
}