{
  "summary": {
    "train_episode": 2020,
    "stage_index": 7,
    "stage_name": "target_default_intro",
    "stage_episode": 1260,
    "stage_eval_index": 79,
    "stage_target_hit": 0.0,
    "stage_success_streak": 0,
    "stage_best_success_rate": 0.5,
    "stage_best_collision_rate": 0.0,
    "stage_best_avg_return": 73.55451202392578,
    "stage_bad_eval_streak": 63,
    "stage_regression_active": 1.0,
    "stage_regression_bad_eval": 1.0,
    "stage_regression_absolute_drop": 0.5,
    "stage_regression_relative_drop": 1.0,
    "stage_regression_detected": 1.0,
    "stage_rollback_applied": 0.0,
    "stage_plateau_recovery_applied": 0.0,
    "num_episodes": 6,
    "success_rate": 0.0,
    "collision_rate": 0.1666666716337204,
    "avg_episode_return": -24.64461326599121,
    "avg_path_length": 4.222646236419678,
    "avg_episode_duration": 19.83888816833496,
    "avg_time_to_goal": 0.0,
    "avg_min_obstacle_distance": 0.7090714573860168,
    "avg_min_clearance": 0.3590714633464813,
    "avg_control_effort": 0.5334628224372864,
    "avg_path_efficiency": 0.0,
    "avg_steps": 595.1666870117188,
    "best_episode_return": 4.703317642211914,
    "deterministic": 1.0,
    "seed_offset": 100000
  },
  "episodes": [
    {
      "episode_return": -33.208318051637335,
      "success": 0.0,
      "collision": 1.0,
      "min_obstacle_distance": 0.3487642705440521,
      "min_clearance": -0.0012357294559478538,
      "path_length": 3.2698536189273,
      "start_to_goal_distance": 5.67656946182251,
      "steps": 471.0,
      "control_effort": 0.526819780500578,
      "episode_duration": 15.7,
      "time_to_goal": null
    },
    {
      "episode_return": -10.547811300306382,
      "success": 0.0,
      "collision": 0.0,
      "min_obstacle_distance": 0.8193214535713196,
      "min_clearance": 0.4693214535713196,
      "path_length": 4.3760620231041685,
      "start_to_goal_distance": 3.87174391746521,
      "steps": 620.0,
      "control_effort": 0.527029680196316,
      "episode_duration": 20.666666666666668,
      "time_to_goal": null
    },
    {
      "episode_return": -36.18625339602401,
      "success": 0.0,
      "collision": 0.0,
      "min_obstacle_distance": 0.7081617116928101,
      "min_clearance": 0.3581617116928101,
      "path_length": 4.496412529959343,
      "start_to_goal_distance": 4.218926906585693,
      "steps": 620.0,
      "control_effort": 0.5570674230014124,
      "episode_duration": 20.666666666666668,
      "time_to_goal": null
    },
    {
      "episode_return": 4.703317847727682,
      "success": 0.0,
      "collision": 0.0,
      "min_obstacle_distance": 1.2524398565292358,
      "min_clearance": 0.9024398565292359,
      "path_length": 4.489504225377459,
      "start_to_goal_distance": 3.8663716316223145,
      "steps": 620.0,
      "control_effort": 0.546223490036303,
      "episode_duration": 20.666666666666668,
      "time_to_goal": null
    },
    {
      "episode_return": -53.04804371613734,
      "success": 0.0,
      "collision": 0.0,
      "min_obstacle_distance": 0.49757611751556396,
      "min_clearance": 0.147576117515564,
      "path_length": 4.3645143216708675,
      "start_to_goal_distance": 4.319121837615967,
      "steps": 620.0,
      "control_effort": 0.5372689765787894,
      "episode_duration": 20.666666666666668,
      "time_to_goal": null
    },
    {
      "episode_return": -19.58056868522576,
      "success": 0.0,
      "collision": 0.0,
      "min_obstacle_distance": 0.6281654238700867,
      "min_clearance": 0.2781654238700867,
      "path_length": 4.339531846169848,
      "start_to_goal_distance": 5.195745468139648,
      "steps": 620.0,
      "control_effort": 0.506367571555799,
      "episode_duration": 20.666666666666668,
      "time_to_goal": null
    }
  ]
}