{
  "episode_return": 14.44361722307002,
  "success": 0.0,
  "collision": 0.0,
  "min_obstacle_distance": 1.2564990520477295,
  "min_clearance": 0.9064990520477295,
  "path_length": 4.368450465728529,
  "start_to_goal_distance": 3.8663716316223145,
  "steps": 620.0,
  "control_effort": 0.5552152512054289,
  "episode_duration": 20.666666666666668,
  "time_to_goal": null
}