{
  "episode_return": -2.8549621608120788,
  "success": 0.0,
  "collision": 0.0,
  "min_obstacle_distance": 1.1532787084579468,
  "min_clearance": 0.8032787084579468,
  "path_length": 4.395976408966817,
  "start_to_goal_distance": 3.8663716316223145,
  "steps": 620.0,
  "control_effort": 0.5497767643101754,
  "episode_duration": 20.666666666666668,
  "time_to_goal": null
}