{
  "episode_return": -5.756512552750237,
  "success": 0.0,
  "collision": 0.0,
  "min_obstacle_distance": 1.0728611946105957,
  "min_clearance": 0.7228611946105957,
  "path_length": 4.435116975393612,
  "start_to_goal_distance": 3.8663716316223145,
  "steps": 620.0,
  "control_effort": 0.5488897414938096,
  "episode_duration": 20.666666666666668,
  "time_to_goal": null
}