{
  "episode_return": -8.872075502091533,
  "success": 0.0,
  "collision": 0.0,
  "min_obstacle_distance": 0.5891159772872925,
  "min_clearance": 0.2391159772872925,
  "path_length": 4.449996535811806,
  "start_to_goal_distance": 3.8663716316223145,
  "steps": 620.0,
  "control_effort": 0.5571138933781654,
  "episode_duration": 20.666666666666668,
  "time_to_goal": null
}