{
  "summary": {
    "train_episode": 600,
    "stage_index": 7,
    "stage_name": "target_default_intro",
    "stage_episode": 160,
    "stage_eval_index": 8,
    "stage_target_hit": 0.0,
    "stage_success_streak": 0,
    "stage_best_success_rate": 0.3333333432674408,
    "stage_best_collision_rate": 0.0,
    "stage_best_avg_return": 45.80244064331055,
    "stage_bad_eval_streak": 1,
    "stage_regression_active": 1.0,
    "stage_regression_bad_eval": 1.0,
    "stage_regression_absolute_drop": 0.1666666716337204,
    "stage_regression_relative_drop": 0.5,
    "stage_regression_detected": 1.0,
    "stage_rollback_applied": 0.0,
    "stage_plateau_recovery_applied": 0.0,
    "num_episodes": 6,
    "success_rate": 0.1666666716337204,
    "collision_rate": 0.0,
    "avg_episode_return": 17.82526969909668,
    "avg_path_length": 3.8476150035858154,
    "avg_episode_duration": 19.872220993041992,
    "avg_time_to_goal": 15.899999618530273,
    "avg_min_obstacle_distance": 0.9683722853660583,
    "avg_min_clearance": 0.6183721423149109,
    "avg_control_effort": 0.6645621061325073,
    "avg_path_efficiency": 0.1666666716337204,
    "avg_steps": 596.1666870117188,
    "best_episode_return": 157.48951721191406,
    "deterministic": 1.0,
    "seed_offset": 100000
  },
  "episodes": [
    {
      "episode_return": -17.659931954209554,
      "success": 0.0,
      "collision": 0.0,
      "min_obstacle_distance": 1.393282175064087,
      "min_clearance": 1.0432821750640868,
      "path_length": 3.605440881158387,
      "start_to_goal_distance": 5.67656946182251,
      "steps": 620.0,
      "control_effort": 0.6698566237764974,
      "episode_duration": 20.666666666666668,
      "time_to_goal": null
    },
    {
      "episode_return": -31.51304300834055,
      "success": 0.0,
      "collision": 0.0,
      "min_obstacle_distance": 0.39342233538627625,
      "min_clearance": 0.04342233538627627,
      "path_length": 4.383542168389873,
      "start_to_goal_distance": 3.87174391746521,
      "steps": 620.0,
      "control_effort": 0.6618045071440358,
      "episode_duration": 20.666666666666668,
      "time_to_goal": null
    },
    {
      "episode_return": 9.382242979251366,
      "success": 0.0,
      "collision": 0.0,
      "min_obstacle_distance": 1.3696603775024414,
      "min_clearance": 1.0196603775024413,
      "path_length": 4.063414968239158,
      "start_to_goal_distance": 4.218926906585693,
      "steps": 620.0,
      "control_effort": 0.6679291290621604,
      "episode_duration": 20.666666666666668,
      "time_to_goal": null
    },
    {
      "episode_return": 157.48952083774293,
      "success": 1.0,
      "collision": 0.0,
      "min_obstacle_distance": 0.7601935267448425,
      "min_clearance": 0.41019352674484255,
      "path_length": 3.4757521862338763,
      "start_to_goal_distance": 3.8663716316223145,
      "steps": 477.0,
      "control_effort": 0.6643354117995288,
      "episode_duration": 15.9,
      "time_to_goal": 15.9
    },
    {
      "episode_return": -6.080152502729867,
      "success": 0.0,
      "collision": 0.0,
      "min_obstacle_distance": 0.858583927154541,
      "min_clearance": 0.508583927154541,
      "path_length": 3.0753186224911815,
      "start_to_goal_distance": 4.319121837615967,
      "steps": 620.0,
      "control_effort": 0.6658019833026394,
      "episode_duration": 20.666666666666668,
      "time_to_goal": null
    },
    {
      "episode_return": -4.667015047142584,
      "success": 0.0,
      "collision": 0.0,
      "min_obstacle_distance": 1.0350908041000366,
      "min_clearance": 0.6850908041000366,
      "path_length": 4.482220368052367,
      "start_to_goal_distance": 5.195745468139648,
      "steps": 620.0,
      "control_effort": 0.6576449207721218,
      "episode_duration": 20.666666666666668,
      "time_to_goal": null
    }
  ]
}