{
  "episode_return": -7.050174992913135,
  "success": 0.0,
  "collision": 0.0,
  "min_obstacle_distance": 0.5674098134040833,
  "min_clearance": 0.21740981340408327,
  "path_length": 4.205877105647232,
  "start_to_goal_distance": 5.195745468139648,
  "steps": 620.0,
  "control_effort": 0.4720491619840745,
  "episode_duration": 20.666666666666668,
  "time_to_goal": null
}