{
  "summary": {
    "train_episode": 520,
    "stage_index": 7,
    "stage_name": "target_default_intro",
    "stage_episode": 80,
    "stage_eval_index": 4,
    "stage_target_hit": 0.0,
    "stage_success_streak": 0,
    "stage_best_success_rate": 0.3333333432674408,
    "stage_best_collision_rate": 0.0,
    "stage_best_avg_return": 45.80244064331055,
    "stage_bad_eval_streak": 0,
    "stage_regression_active": 1.0,
    "stage_regression_bad_eval": 1.0,
    "stage_regression_absolute_drop": 0.1666666716337204,
    "stage_regression_relative_drop": 0.5,
    "stage_regression_detected": 1.0,
    "stage_rollback_applied": 1.0,
    "stage_plateau_recovery_applied": 0.0,
    "num_episodes": 6,
    "success_rate": 0.1666666716337204,
    "collision_rate": 0.1666666716337204,
    "avg_episode_return": 24.35967254638672,
    "avg_path_length": 3.766925811767578,
    "avg_episode_duration": 17.405555725097656,
    "avg_time_to_goal": 16.700000762939453,
    "avg_min_obstacle_distance": 0.888376772403717,
    "avg_min_clearance": 0.5383768081665039,
    "avg_control_effort": 0.6669154167175293,
    "avg_path_efficiency": 0.1666666716337204,
    "avg_steps": 522.1666870117188,
    "best_episode_return": 156.9183807373047,
    "deterministic": 1.0,
    "seed_offset": 100000
  },
  "episodes": [
    {
      "episode_return": 2.634588384238043,
      "success": 0.0,
      "collision": 0.0,
      "min_obstacle_distance": 1.0351306200027466,
      "min_clearance": 0.6851306200027466,
      "path_length": 4.596041017207469,
      "start_to_goal_distance": 5.67656946182251,
      "steps": 620.0,
      "control_effort": 0.6793815856018374,
      "episode_duration": 20.666666666666668,
      "time_to_goal": null
    },
    {
      "episode_return": -30.277043475103618,
      "success": 0.0,
      "collision": 1.0,
      "min_obstacle_distance": 0.34630897641181946,
      "min_clearance": -0.00369102358818052,
      "path_length": 1.037699330918258,
      "start_to_goal_distance": 3.87174391746521,
      "steps": 152.0,
      "control_effort": 0.6591375556431318,
      "episode_duration": 5.066666666666666,
      "time_to_goal": null
    },
    {
      "episode_return": 40.8532564925762,
      "success": 0.0,
      "collision": 0.0,
      "min_obstacle_distance": 1.2180806398391724,
      "min_clearance": 0.8680806398391724,
      "path_length": 4.559728827611252,
      "start_to_goal_distance": 4.218926906585693,
      "steps": 620.0,
      "control_effort": 0.6741276588170759,
      "episode_duration": 20.666666666666668,
      "time_to_goal": null
    },
    {
      "episode_return": 156.91837999974362,
      "success": 1.0,
      "collision": 0.0,
      "min_obstacle_distance": 0.9654699563980103,
      "min_clearance": 0.6154699563980103,
      "path_length": 3.6926667076677404,
      "start_to_goal_distance": 3.8663716316223145,
      "steps": 501.0,
      "control_effort": 0.6662850941488605,
      "episode_duration": 16.7,
      "time_to_goal": 16.7
    },
    {
      "episode_return": 11.801181119793839,
      "success": 0.0,
      "collision": 0.0,
      "min_obstacle_distance": 0.8645635843276978,
      "min_clearance": 0.5145635843276978,
      "path_length": 4.327379839806824,
      "start_to_goal_distance": 4.319121837615967,
      "steps": 620.0,
      "control_effort": 0.6609187001182187,
      "episode_duration": 20.666666666666668,
      "time_to_goal": null
    },
    {
      "episode_return": -35.77232279615086,
      "success": 0.0,
      "collision": 0.0,
      "min_obstacle_distance": 0.9007071852684021,
      "min_clearance": 0.5507071852684021,
      "path_length": 4.388039419620327,
      "start_to_goal_distance": 5.195745468139648,
      "steps": 620.0,
      "control_effort": 0.6616422820475794,
      "episode_duration": 20.666666666666668,
      "time_to_goal": null
    }
  ]
}