{
  "summary": {
    "train_episode": 1020,
    "stage_index": 7,
    "stage_name": "target_default_intro",
    "stage_episode": 260,
    "stage_eval_index": 29,
    "stage_target_hit": 0.0,
    "stage_success_streak": 0,
    "stage_best_success_rate": 0.5,
    "stage_best_collision_rate": 0.0,
    "stage_best_avg_return": 73.55451202392578,
    "stage_bad_eval_streak": 13,
    "stage_regression_active": 1.0,
    "stage_regression_bad_eval": 1.0,
    "stage_regression_absolute_drop": 0.5,
    "stage_regression_relative_drop": 1.0,
    "stage_regression_detected": 1.0,
    "stage_rollback_applied": 0.0,
    "stage_plateau_recovery_applied": 0.0,
    "num_episodes": 6,
    "success_rate": 0.0,
    "collision_rate": 0.3333333432674408,
    "avg_episode_return": -22.10809898376465,
    "avg_path_length": 3.557766914367676,
    "avg_episode_duration": 18.53888702392578,
    "avg_time_to_goal": 0.0,
    "avg_min_obstacle_distance": 0.8050605654716492,
    "avg_min_clearance": 0.4550604820251465,
    "avg_control_effort": 0.619938850402832,
    "avg_path_efficiency": 0.0,
    "avg_steps": 556.1666870117188,
    "best_episode_return": 18.717090606689453,
    "deterministic": 1.0,
    "seed_offset": 100000
  },
  "episodes": [
    {
      "episode_return": -22.203068887193783,
      "success": 0.0,
      "collision": 0.0,
      "min_obstacle_distance": 1.1459331512451172,
      "min_clearance": 0.7959331512451172,
      "path_length": 3.4204993352098683,
      "start_to_goal_distance": 5.67656946182251,
      "steps": 620.0,
      "control_effort": 0.6366921328729199,
      "episode_duration": 20.666666666666668,
      "time_to_goal": null
    },
    {
      "episode_return": -71.91571636511495,
      "success": 0.0,
      "collision": 1.0,
      "min_obstacle_distance": 0.349141389131546,
      "min_clearance": -0.0008586108684539573,
      "path_length": 1.991659544306458,
      "start_to_goal_distance": 3.87174391746521,
      "steps": 298.0,
      "control_effort": 0.6138681341337677,
      "episode_duration": 9.933333333333334,
      "time_to_goal": null
    },
    {
      "episode_return": -14.66837192167862,
      "success": 0.0,
      "collision": 0.0,
      "min_obstacle_distance": 1.2772876024246216,
      "min_clearance": 0.9272876024246216,
      "path_length": 4.249856608907606,
      "start_to_goal_distance": 4.218926906585693,
      "steps": 620.0,
      "control_effort": 0.6221529288638022,
      "episode_duration": 20.666666666666668,
      "time_to_goal": null
    },
    {
      "episode_return": 18.71709120906782,
      "success": 0.0,
      "collision": 0.0,
      "min_obstacle_distance": 0.9185716509819031,
      "min_clearance": 0.5685716509819031,
      "path_length": 4.544319883527351,
      "start_to_goal_distance": 3.8663716316223145,
      "steps": 620.0,
      "control_effort": 0.6137474525359369,
      "episode_duration": 20.666666666666668,
      "time_to_goal": null
    },
    {
      "episode_return": -17.276202482053716,
      "success": 0.0,
      "collision": 0.0,
      "min_obstacle_distance": 0.789625346660614,
      "min_clearance": 0.43962534666061404,
      "path_length": 3.1892456340574498,
      "start_to_goal_distance": 4.319121837615967,
      "steps": 620.0,
      "control_effort": 0.6178831975306234,
      "episode_duration": 20.666666666666668,
      "time_to_goal": null
    },
    {
      "episode_return": -25.30232714828842,
      "success": 0.0,
      "collision": 1.0,
      "min_obstacle_distance": 0.34980395436286926,
      "min_clearance": -0.0001960456371307151,
      "path_length": 3.9510197213676292,
      "start_to_goal_distance": 5.195745468139648,
      "steps": 559.0,
      "control_effort": 0.6152890913175129,
      "episode_duration": 18.633333333333333,
      "time_to_goal": null
    }
  ]
}