{
  "summary": {
    "train_episode": 1880,
    "stage_index": 7,
    "stage_name": "target_default_intro",
    "stage_episode": 1120,
    "stage_eval_index": 72,
    "stage_target_hit": 0.0,
    "stage_success_streak": 0,
    "stage_best_success_rate": 0.5,
    "stage_best_collision_rate": 0.0,
    "stage_best_avg_return": 73.55451202392578,
    "stage_bad_eval_streak": 56,
    "stage_regression_active": 1.0,
    "stage_regression_bad_eval": 1.0,
    "stage_regression_absolute_drop": 0.5,
    "stage_regression_relative_drop": 1.0,
    "stage_regression_detected": 1.0,
    "stage_rollback_applied": 0.0,
    "stage_plateau_recovery_applied": 0.0,
    "num_episodes": 6,
    "success_rate": 0.0,
    "collision_rate": 0.0,
    "avg_episode_return": -25.85087013244629,
    "avg_path_length": 4.379693031311035,
    "avg_episode_duration": 20.66666603088379,
    "avg_time_to_goal": 0.0,
    "avg_min_obstacle_distance": 0.7334532737731934,
    "avg_min_clearance": 0.38345324993133545,
    "avg_control_effort": 0.5304729342460632,
    "avg_path_efficiency": 0.0,
    "avg_steps": 620.0,
    "best_episode_return": -10.53331184387207,
    "deterministic": 1.0,
    "seed_offset": 100000
  },
  "episodes": [
    {
      "episode_return": -21.098321553701318,
      "success": 0.0,
      "collision": 0.0,
      "min_obstacle_distance": 0.6063852906227112,
      "min_clearance": 0.2563852906227112,
      "path_length": 4.339218431559857,
      "start_to_goal_distance": 5.67656946182251,
      "steps": 620.0,
      "control_effort": 0.5451703163404619,
      "episode_duration": 20.666666666666668,
      "time_to_goal": null
    },
    {
      "episode_return": -20.152405705774203,
      "success": 0.0,
      "collision": 0.0,
      "min_obstacle_distance": 0.7346910834312439,
      "min_clearance": 0.3846910834312439,
      "path_length": 4.5323747672955506,
      "start_to_goal_distance": 3.87174391746521,
      "steps": 620.0,
      "control_effort": 0.5140937559546963,
      "episode_duration": 20.666666666666668,
      "time_to_goal": null
    },
    {
      "episode_return": -24.91539149846791,
      "success": 0.0,
      "collision": 0.0,
      "min_obstacle_distance": 0.918539822101593,
      "min_clearance": 0.568539822101593,
      "path_length": 4.3522500760736875,
      "start_to_goal_distance": 4.218926906585693,
      "steps": 620.0,
      "control_effort": 0.5449073460313582,
      "episode_duration": 20.666666666666668,
      "time_to_goal": null
    },
    {
      "episode_return": -10.533311416042512,
      "success": 0.0,
      "collision": 0.0,
      "min_obstacle_distance": 1.0636954307556152,
      "min_clearance": 0.7136954307556153,
      "path_length": 4.4335577508900315,
      "start_to_goal_distance": 3.8663716316223145,
      "steps": 620.0,
      "control_effort": 0.5387450945954169,
      "episode_duration": 20.666666666666668,
      "time_to_goal": null
    },
    {
      "episode_return": -57.22824093848592,
      "success": 0.0,
      "collision": 0.0,
      "min_obstacle_distance": 0.45959216356277466,
      "min_clearance": 0.10959216356277468,
      "path_length": 4.319639103196096,
      "start_to_goal_distance": 4.319121837615967,
      "steps": 620.0,
      "control_effort": 0.5301959514137238,
      "episode_duration": 20.666666666666668,
      "time_to_goal": null
    },
    {
      "episode_return": -21.177544809380407,
      "success": 0.0,
      "collision": 0.0,
      "min_obstacle_distance": 0.6178157925605774,
      "min_clearance": 0.2678157925605774,
      "path_length": 4.301116853312124,
      "start_to_goal_distance": 5.195745468139648,
      "steps": 620.0,
      "control_effort": 0.5097252261254095,
      "episode_duration": 20.666666666666668,
      "time_to_goal": null
    }
  ]
}