{
  "episode_return": -0.04908440785042245,
  "success": 0.0,
  "collision": 0.0,
  "min_obstacle_distance": 0.6710882782936096,
  "min_clearance": 0.32108827829360964,
  "path_length": 4.432075345714111,
  "start_to_goal_distance": 5.195745468139648,
  "steps": 620.0,
  "control_effort": 0.5076471224907906,
  "episode_duration": 20.666666666666668,
  "time_to_goal": null
}