{
  "episode_return": 13.123231596631015,
  "success": 0.0,
  "collision": 0.0,
  "min_obstacle_distance": 0.8810787796974182,
  "min_clearance": 0.5310787796974182,
  "path_length": 4.504228173085721,
  "start_to_goal_distance": 3.8663716316223145,
  "steps": 620.0,
  "control_effort": 0.6514974856568921,
  "episode_duration": 20.666666666666668,
  "time_to_goal": null
}