{
  "summary": {
    "train_episode": 2740,
    "stage_index": 7,
    "stage_name": "target_default_intro",
    "stage_episode": 1980,
    "stage_eval_index": 115,
    "stage_target_hit": 0.0,
    "stage_success_streak": 0,
    "stage_best_success_rate": 0.5,
    "stage_best_collision_rate": 0.0,
    "stage_best_avg_return": 73.55451202392578,
    "stage_bad_eval_streak": 99,
    "stage_regression_active": 1.0,
    "stage_regression_bad_eval": 1.0,
    "stage_regression_absolute_drop": 0.5,
    "stage_regression_relative_drop": 1.0,
    "stage_regression_detected": 1.0,
    "stage_rollback_applied": 0.0,
    "stage_plateau_recovery_applied": 0.0,
    "num_episodes": 6,
    "success_rate": 0.0,
    "collision_rate": 0.0,
    "avg_episode_return": -83.41419219970703,
    "avg_path_length": 3.9589993953704834,
    "avg_episode_duration": 20.66666603088379,
    "avg_time_to_goal": 0.0,
    "avg_min_obstacle_distance": 0.955118715763092,
    "avg_min_clearance": 0.6051187515258789,
    "avg_control_effort": 0.487528532743454,
    "avg_path_efficiency": 0.0,
    "avg_steps": 620.0,
    "best_episode_return": -15.397059440612793,
    "deterministic": 1.0,
    "seed_offset": 100000
  },
  "episodes": [
    {
      "episode_return": -88.42233120576671,
      "success": 0.0,
      "collision": 0.0,
      "min_obstacle_distance": 1.75442373752594,
      "min_clearance": 1.4044237375259399,
      "path_length": 2.4063506153306946,
      "start_to_goal_distance": 5.67656946182251,
      "steps": 620.0,
      "control_effort": 0.48506256885105564,
      "episode_duration": 20.666666666666668,
      "time_to_goal": null
    },
    {
      "episode_return": -78.86144833508583,
      "success": 0.0,
      "collision": 0.0,
      "min_obstacle_distance": 0.7295560836791992,
      "min_clearance": 0.37955608367919924,
      "path_length": 4.260083483532071,
      "start_to_goal_distance": 3.87174391746521,
      "steps": 620.0,
      "control_effort": 0.457033382932986,
      "episode_duration": 20.666666666666668,
      "time_to_goal": null
    },
    {
      "episode_return": -88.55398578748739,
      "success": 0.0,
      "collision": 0.0,
      "min_obstacle_distance": 1.1198956966400146,
      "min_clearance": 0.7698956966400147,
      "path_length": 4.290483116346877,
      "start_to_goal_distance": 4.218926906585693,
      "steps": 620.0,
      "control_effort": 0.5026309706030353,
      "episode_duration": 20.666666666666668,
      "time_to_goal": null
    },
    {
      "episode_return": -51.410758829020494,
      "success": 0.0,
      "collision": 0.0,
      "min_obstacle_distance": 1.1970559358596802,
      "min_clearance": 0.8470559358596802,
      "path_length": 4.261404827993829,
      "start_to_goal_distance": 3.8663716316223145,
      "steps": 620.0,
      "control_effort": 0.5152097036761623,
      "episode_duration": 20.666666666666668,
      "time_to_goal": null
    },
    {
      "episode_return": -177.83954415165817,
      "success": 0.0,
      "collision": 0.0,
      "min_obstacle_distance": 0.3541061282157898,
      "min_clearance": 0.004106128215789817,
      "path_length": 4.413334821118042,
      "start_to_goal_distance": 4.319121837615967,
      "steps": 620.0,
      "control_effort": 0.5017578732102148,
      "episode_duration": 20.666666666666668,
      "time_to_goal": null
    },
    {
      "episode_return": -15.397059311484835,
      "success": 0.0,
      "collision": 0.0,
      "min_obstacle_distance": 0.5756751894950867,
      "min_clearance": 0.2256751894950867,
      "path_length": 4.122339497553185,
      "start_to_goal_distance": 5.195745468139648,
      "steps": 620.0,
      "control_effort": 0.4634766956490855,
      "episode_duration": 20.666666666666668,
      "time_to_goal": null
    }
  ]
}