{
  "summary": {
    "train_episode": 960,
    "stage_index": 7,
    "stage_name": "target_default_intro",
    "stage_episode": 200,
    "stage_eval_index": 26,
    "stage_target_hit": 0.0,
    "stage_success_streak": 0,
    "stage_best_success_rate": 0.5,
    "stage_best_collision_rate": 0.0,
    "stage_best_avg_return": 73.55451202392578,
    "stage_bad_eval_streak": 10,
    "stage_regression_active": 1.0,
    "stage_regression_bad_eval": 1.0,
    "stage_regression_absolute_drop": 0.5,
    "stage_regression_relative_drop": 1.0,
    "stage_regression_detected": 1.0,
    "stage_rollback_applied": 0.0,
    "stage_plateau_recovery_applied": 0.0,
    "num_episodes": 6,
    "success_rate": 0.0,
    "collision_rate": 0.3333333432674408,
    "avg_episode_return": -15.484562873840332,
    "avg_path_length": 3.79388689994812,
    "avg_episode_duration": 18.461109161376953,
    "avg_time_to_goal": 0.0,
    "avg_min_obstacle_distance": 0.8207061886787415,
    "avg_min_clearance": 0.4707062244415283,
    "avg_control_effort": 0.6227555871009827,
    "avg_path_efficiency": 0.0,
    "avg_steps": 553.8333129882812,
    "best_episode_return": 13.554363250732422,
    "deterministic": 1.0,
    "seed_offset": 100000
  },
  "episodes": [
    {
      "episode_return": -25.63422217414716,
      "success": 0.0,
      "collision": 0.0,
      "min_obstacle_distance": 1.1067333221435547,
      "min_clearance": 0.7567333221435547,
      "path_length": 3.847990806643736,
      "start_to_goal_distance": 5.67656946182251,
      "steps": 620.0,
      "control_effort": 0.6426956849713479,
      "episode_duration": 20.666666666666668,
      "time_to_goal": null
    },
    {
      "episode_return": -31.305333798877314,
      "success": 0.0,
      "collision": 1.0,
      "min_obstacle_distance": 0.3484359383583069,
      "min_clearance": -0.001564061641693093,
      "path_length": 1.8609902476891875,
      "start_to_goal_distance": 3.87174391746521,
      "steps": 268.0,
      "control_effort": 0.6235225825612225,
      "episode_duration": 8.933333333333334,
      "time_to_goal": null
    },
    {
      "episode_return": -14.136222428836192,
      "success": 0.0,
      "collision": 0.0,
      "min_obstacle_distance": 1.2630358934402466,
      "min_clearance": 0.9130358934402466,
      "path_length": 4.570227219286608,
      "start_to_goal_distance": 4.218926906585693,
      "steps": 620.0,
      "control_effort": 0.6227530021821299,
      "episode_duration": 20.666666666666668,
      "time_to_goal": null
    },
    {
      "episode_return": 13.554363418626302,
      "success": 0.0,
      "collision": 0.0,
      "min_obstacle_distance": 1.0410020351409912,
      "min_clearance": 0.6910020351409912,
      "path_length": 4.526848791225348,
      "start_to_goal_distance": 3.8663716316223145,
      "steps": 620.0,
      "control_effort": 0.6149035950822215,
      "episode_duration": 20.666666666666668,
      "time_to_goal": null
    },
    {
      "episode_return": -15.461052892846983,
      "success": 0.0,
      "collision": 0.0,
      "min_obstacle_distance": 0.8192048072814941,
      "min_clearance": 0.46920480728149416,
      "path_length": 3.889434600104636,
      "start_to_goal_distance": 4.319121837615967,
      "steps": 620.0,
      "control_effort": 0.6213769561821415,
      "episode_duration": 20.666666666666668,
      "time_to_goal": null
    },
    {
      "episode_return": -19.924913899395072,
      "success": 0.0,
      "collision": 1.0,
      "min_obstacle_distance": 0.34582528471946716,
      "min_clearance": -0.004174715280532815,
      "path_length": 4.067828644823749,
      "start_to_goal_distance": 5.195745468139648,
      "steps": 575.0,
      "control_effort": 0.6112817569400953,
      "episode_duration": 19.166666666666668,
      "time_to_goal": null
    }
  ]
}