{
  "episode_return": -15.509685172322012,
  "success": 0.0,
  "collision": 0.0,
  "min_obstacle_distance": 0.5048543810844421,
  "min_clearance": 0.15485438108444216,
  "path_length": 4.4018533797352575,
  "start_to_goal_distance": 5.195745468139648,
  "steps": 620.0,
  "control_effort": 0.513314984594622,
  "episode_duration": 20.666666666666668,
  "time_to_goal": null
}