{
  "summary": {
    "train_episode": 2940,
    "stage_index": 7,
    "stage_name": "target_default_intro",
    "stage_episode": 2180,
    "stage_eval_index": 125,
    "stage_target_hit": 0.0,
    "stage_success_streak": 0,
    "stage_best_success_rate": 0.5,
    "stage_best_collision_rate": 0.0,
    "stage_best_avg_return": 73.55451202392578,
    "stage_bad_eval_streak": 109,
    "stage_regression_active": 1.0,
    "stage_regression_bad_eval": 1.0,
    "stage_regression_absolute_drop": 0.5,
    "stage_regression_relative_drop": 1.0,
    "stage_regression_detected": 1.0,
    "stage_rollback_applied": 0.0,
    "stage_plateau_recovery_applied": 0.0,
    "num_episodes": 6,
    "success_rate": 0.0,
    "collision_rate": 0.1666666716337204,
    "avg_episode_return": -103.21044158935547,
    "avg_path_length": 3.5798680782318115,
    "avg_episode_duration": 18.766666412353516,
    "avg_time_to_goal": 0.0,
    "avg_min_obstacle_distance": 0.9089519381523132,
    "avg_min_clearance": 0.5589520335197449,
    "avg_control_effort": 0.5150710940361023,
    "avg_path_efficiency": 0.0,
    "avg_steps": 563.0,
    "best_episode_return": 11.290608406066895,
    "deterministic": 1.0,
    "seed_offset": 100000
  },
  "episodes": [
    {
      "episode_return": -119.83029507625777,
      "success": 0.0,
      "collision": 0.0,
      "min_obstacle_distance": 1.876051664352417,
      "min_clearance": 1.526051664352417,
      "path_length": 2.3207214416888604,
      "start_to_goal_distance": 5.67656946182251,
      "steps": 620.0,
      "control_effort": 0.5649244335389907,
      "episode_duration": 20.666666666666668,
      "time_to_goal": null
    },
    {
      "episode_return": -153.2697954821437,
      "success": 0.0,
      "collision": 0.0,
      "min_obstacle_distance": 0.4099181890487671,
      "min_clearance": 0.05991818904876711,
      "path_length": 4.328322600340471,
      "start_to_goal_distance": 3.87174391746521,
      "steps": 620.0,
      "control_effort": 0.510763680934906,
      "episode_duration": 20.666666666666668,
      "time_to_goal": null
    },
    {
      "episode_return": -131.16705023563273,
      "success": 0.0,
      "collision": 0.0,
      "min_obstacle_distance": 1.2375823259353638,
      "min_clearance": 0.8875823259353638,
      "path_length": 4.44274387153564,
      "start_to_goal_distance": 4.218926906585693,
      "steps": 620.0,
      "control_effort": 0.5464323052475529,
      "episode_duration": 20.666666666666668,
      "time_to_goal": null
    },
    {
      "episode_return": -91.69455176917776,
      "success": 0.0,
      "collision": 0.0,
      "min_obstacle_distance": 1.002779483795166,
      "min_clearance": 0.652779483795166,
      "path_length": 4.4687787668081,
      "start_to_goal_distance": 3.8663716316223145,
      "steps": 620.0,
      "control_effort": 0.5146730423454315,
      "episode_duration": 20.666666666666668,
      "time_to_goal": null
    },
    {
      "episode_return": -134.59150743032902,
      "success": 0.0,
      "collision": 1.0,
      "min_obstacle_distance": 0.3470942974090576,
      "min_clearance": -0.0029057025909423606,
      "path_length": 1.7478025804157369,
      "start_to_goal_distance": 4.319121837615967,
      "steps": 278.0,
      "control_effort": 0.44584932269381106,
      "episode_duration": 9.266666666666667,
      "time_to_goal": null
    },
    {
      "episode_return": 11.290608648228229,
      "success": 0.0,
      "collision": 0.0,
      "min_obstacle_distance": 0.5802859663963318,
      "min_clearance": 0.2302859663963318,
      "path_length": 4.170839350670576,
      "start_to_goal_distance": 5.195745468139648,
      "steps": 620.0,
      "control_effort": 0.5077837568136954,
      "episode_duration": 20.666666666666668,
      "time_to_goal": null
    }
  ]
}