{
  "summary": {
    "train_episode": 3000,
    "stage_index": 7,
    "stage_name": "target_default_intro",
    "stage_episode": 2240,
    "stage_eval_index": 128,
    "stage_target_hit": 0.0,
    "stage_success_streak": 0,
    "stage_best_success_rate": 0.5,
    "stage_best_collision_rate": 0.0,
    "stage_best_avg_return": 73.55451202392578,
    "stage_bad_eval_streak": 112,
    "stage_regression_active": 1.0,
    "stage_regression_bad_eval": 1.0,
    "stage_regression_absolute_drop": 0.5,
    "stage_regression_relative_drop": 1.0,
    "stage_regression_detected": 1.0,
    "stage_rollback_applied": 0.0,
    "stage_plateau_recovery_applied": 0.0,
    "num_episodes": 6,
    "success_rate": 0.0,
    "collision_rate": 0.1666666716337204,
    "avg_episode_return": -95.50265502929688,
    "avg_path_length": 3.558875322341919,
    "avg_episode_duration": 18.58888816833496,
    "avg_time_to_goal": 0.0,
    "avg_min_obstacle_distance": 0.9492890238761902,
    "avg_min_clearance": 0.5992890000343323,
    "avg_control_effort": 0.5129556059837341,
    "avg_path_efficiency": 0.0,
    "avg_steps": 557.6666870117188,
    "best_episode_return": 10.159693717956543,
    "deterministic": 1.0,
    "seed_offset": 100000
  },
  "episodes": [
    {
      "episode_return": -122.3675447889992,
      "success": 0.0,
      "collision": 0.0,
      "min_obstacle_distance": 1.8688302040100098,
      "min_clearance": 1.5188302040100097,
      "path_length": 2.3099140802509623,
      "start_to_goal_distance": 5.67656946182251,
      "steps": 620.0,
      "control_effort": 0.5448404366931607,
      "episode_duration": 20.666666666666668,
      "time_to_goal": null
    },
    {
      "episode_return": -132.58559416250085,
      "success": 0.0,
      "collision": 0.0,
      "min_obstacle_distance": 0.4431087374687195,
      "min_clearance": 0.0931087374687195,
      "path_length": 4.247075289778877,
      "start_to_goal_distance": 3.87174391746521,
      "steps": 620.0,
      "control_effort": 0.5126063238228521,
      "episode_duration": 20.666666666666668,
      "time_to_goal": null
    },
    {
      "episode_return": -134.04788650270078,
      "success": 0.0,
      "collision": 0.0,
      "min_obstacle_distance": 1.3411035537719727,
      "min_clearance": 0.9911035537719727,
      "path_length": 4.4290027224924415,
      "start_to_goal_distance": 4.218926906585693,
      "steps": 620.0,
      "control_effort": 0.5467187341182462,
      "episode_duration": 20.666666666666668,
      "time_to_goal": null
    },
    {
      "episode_return": -95.28586616022866,
      "success": 0.0,
      "collision": 0.0,
      "min_obstacle_distance": 0.9992040991783142,
      "min_clearance": 0.6492040991783142,
      "path_length": 4.451017418934498,
      "start_to_goal_distance": 3.8663716316223145,
      "steps": 620.0,
      "control_effort": 0.5243545619710799,
      "episode_duration": 20.666666666666668,
      "time_to_goal": null
    },
    {
      "episode_return": -98.88872503829047,
      "success": 0.0,
      "collision": 1.0,
      "min_obstacle_distance": 0.3492053747177124,
      "min_clearance": -0.0007946252822875755,
      "path_length": 1.6306485044187866,
      "start_to_goal_distance": 4.319121837615967,
      "steps": 246.0,
      "control_effort": 0.4382309842158139,
      "episode_duration": 8.2,
      "time_to_goal": null
    },
    {
      "episode_return": 10.159694082409736,
      "success": 0.0,
      "collision": 0.0,
      "min_obstacle_distance": 0.6942818760871887,
      "min_clearance": 0.34428187608718874,
      "path_length": 4.285594042157754,
      "start_to_goal_distance": 5.195745468139648,
      "steps": 620.0,
      "control_effort": 0.5109824456514851,
      "episode_duration": 20.666666666666668,
      "time_to_goal": null
    }
  ]
}