{
  "summary": {
    "train_episode": 2240,
    "stage_index": 7,
    "stage_name": "target_default_intro",
    "stage_episode": 1480,
    "stage_eval_index": 90,
    "stage_target_hit": 0.0,
    "stage_success_streak": 0,
    "stage_best_success_rate": 0.5,
    "stage_best_collision_rate": 0.0,
    "stage_best_avg_return": 73.55451202392578,
    "stage_bad_eval_streak": 74,
    "stage_regression_active": 1.0,
    "stage_regression_bad_eval": 1.0,
    "stage_regression_absolute_drop": 0.5,
    "stage_regression_relative_drop": 1.0,
    "stage_regression_detected": 1.0,
    "stage_rollback_applied": 0.0,
    "stage_plateau_recovery_applied": 0.0,
    "num_episodes": 6,
    "success_rate": 0.0,
    "collision_rate": 0.0,
    "avg_episode_return": -56.377349853515625,
    "avg_path_length": 4.346301555633545,
    "avg_episode_duration": 20.66666603088379,
    "avg_time_to_goal": 0.0,
    "avg_min_obstacle_distance": 0.7421000599861145,
    "avg_min_clearance": 0.392100065946579,
    "avg_control_effort": 0.5334102511405945,
    "avg_path_efficiency": 0.0,
    "avg_steps": 620.0,
    "best_episode_return": -15.591246604919434,
    "deterministic": 1.0,
    "seed_offset": 100000
  },
  "episodes": [
    {
      "episode_return": -51.399436639407604,
      "success": 0.0,
      "collision": 0.0,
      "min_obstacle_distance": 0.9251692891120911,
      "min_clearance": 0.5751692891120911,
      "path_length": 3.835374852801607,
      "start_to_goal_distance": 5.67656946182251,
      "steps": 620.0,
      "control_effort": 0.5416478321917595,
      "episode_duration": 20.666666666666668,
      "time_to_goal": null
    },
    {
      "episode_return": -59.63629814981282,
      "success": 0.0,
      "collision": 0.0,
      "min_obstacle_distance": 0.43543943762779236,
      "min_clearance": 0.08543943762779238,
      "path_length": 4.44123089837376,
      "start_to_goal_distance": 3.87174391746521,
      "steps": 620.0,
      "control_effort": 0.5186974372113905,
      "episode_duration": 20.666666666666668,
      "time_to_goal": null
    },
    {
      "episode_return": -50.62853159306867,
      "success": 0.0,
      "collision": 0.0,
      "min_obstacle_distance": 1.0048166513442993,
      "min_clearance": 0.6548166513442993,
      "path_length": 4.421384939341806,
      "start_to_goal_distance": 4.218926906585693,
      "steps": 620.0,
      "control_effort": 0.5522384446474814,
      "episode_duration": 20.666666666666668,
      "time_to_goal": null
    },
    {
      "episode_return": -31.911849827886606,
      "success": 0.0,
      "collision": 0.0,
      "min_obstacle_distance": 1.0056957006454468,
      "min_clearance": 0.6556957006454468,
      "path_length": 4.599557044741232,
      "start_to_goal_distance": 3.8663716316223145,
      "steps": 620.0,
      "control_effort": 0.5415378196585563,
      "episode_duration": 20.666666666666668,
      "time_to_goal": null
    },
    {
      "episode_return": -129.096732888068,
      "success": 0.0,
      "collision": 0.0,
      "min_obstacle_distance": 0.3752061426639557,
      "min_clearance": 0.02520614266395571,
      "path_length": 4.506518225418404,
      "start_to_goal_distance": 4.319121837615967,
      "steps": 620.0,
      "control_effort": 0.5436869030037234,
      "episode_duration": 20.666666666666668,
      "time_to_goal": null
    },
    {
      "episode_return": -15.591246843127177,
      "success": 0.0,
      "collision": 0.0,
      "min_obstacle_distance": 0.706273078918457,
      "min_clearance": 0.35627307891845705,
      "path_length": 4.273743567231577,
      "start_to_goal_distance": 5.195745468139648,
      "steps": 620.0,
      "control_effort": 0.5026529038144696,
      "episode_duration": 20.666666666666668,
      "time_to_goal": null
    }
  ]
}