{
  "summary": {
    "train_episode": 1420,
    "stage_index": 7,
    "stage_name": "target_default_intro",
    "stage_episode": 660,
    "stage_eval_index": 49,
    "stage_target_hit": 0.0,
    "stage_success_streak": 0,
    "stage_best_success_rate": 0.5,
    "stage_best_collision_rate": 0.0,
    "stage_best_avg_return": 73.55451202392578,
    "stage_bad_eval_streak": 33,
    "stage_regression_active": 1.0,
    "stage_regression_bad_eval": 1.0,
    "stage_regression_absolute_drop": 0.5,
    "stage_regression_relative_drop": 1.0,
    "stage_regression_detected": 1.0,
    "stage_rollback_applied": 0.0,
    "stage_plateau_recovery_applied": 0.0,
    "num_episodes": 6,
    "success_rate": 0.0,
    "collision_rate": 0.0,
    "avg_episode_return": -19.647550582885742,
    "avg_path_length": 4.232217311859131,
    "avg_episode_duration": 20.66666603088379,
    "avg_time_to_goal": 0.0,
    "avg_min_obstacle_distance": 0.7288524508476257,
    "avg_min_clearance": 0.3788524568080902,
    "avg_control_effort": 0.5692088007926941,
    "avg_path_efficiency": 0.0,
    "avg_steps": 620.0,
    "best_episode_return": 12.009027481079102,
    "deterministic": 1.0,
    "seed_offset": 100000
  },
  "episodes": [
    {
      "episode_return": -24.70775093618208,
      "success": 0.0,
      "collision": 0.0,
      "min_obstacle_distance": 0.6859192848205566,
      "min_clearance": 0.33591928482055666,
      "path_length": 3.6831810524753177,
      "start_to_goal_distance": 5.67656946182251,
      "steps": 620.0,
      "control_effort": 0.5894482987542307,
      "episode_duration": 20.666666666666668,
      "time_to_goal": null
    },
    {
      "episode_return": -17.464541153703173,
      "success": 0.0,
      "collision": 0.0,
      "min_obstacle_distance": 0.6649249792098999,
      "min_clearance": 0.3149249792098999,
      "path_length": 4.482995470170863,
      "start_to_goal_distance": 3.87174391746521,
      "steps": 620.0,
      "control_effort": 0.5471957094727024,
      "episode_duration": 20.666666666666668,
      "time_to_goal": null
    },
    {
      "episode_return": -15.85654350570115,
      "success": 0.0,
      "collision": 0.0,
      "min_obstacle_distance": 0.9292986989021301,
      "min_clearance": 0.5792986989021301,
      "path_length": 4.455477697134484,
      "start_to_goal_distance": 4.218926906585693,
      "steps": 620.0,
      "control_effort": 0.5836852025601171,
      "episode_duration": 20.666666666666668,
      "time_to_goal": null
    },
    {
      "episode_return": 12.009027903565752,
      "success": 0.0,
      "collision": 0.0,
      "min_obstacle_distance": 1.0168304443359375,
      "min_clearance": 0.6668304443359375,
      "path_length": 4.514001019997522,
      "start_to_goal_distance": 3.8663716316223145,
      "steps": 620.0,
      "control_effort": 0.5697287233606462,
      "episode_duration": 20.666666666666668,
      "time_to_goal": null
    },
    {
      "episode_return": -43.53467654351479,
      "success": 0.0,
      "collision": 0.0,
      "min_obstacle_distance": 0.517445981502533,
      "min_clearance": 0.16744598150253298,
      "path_length": 3.9034961102495203,
      "start_to_goal_distance": 4.319121837615967,
      "steps": 620.0,
      "control_effort": 0.5673161504730102,
      "episode_duration": 20.666666666666668,
      "time_to_goal": null
    },
    {
      "episode_return": -28.330815641698212,
      "success": 0.0,
      "collision": 0.0,
      "min_obstacle_distance": 0.5586953163146973,
      "min_clearance": 0.2086953163146973,
      "path_length": 4.354152376938146,
      "start_to_goal_distance": 5.195745468139648,
      "steps": 620.0,
      "control_effort": 0.5578785104136313,
      "episode_duration": 20.666666666666668,
      "time_to_goal": null
    }
  ]
}