{
  "summary": {
    "train_episode": 1780,
    "stage_index": 7,
    "stage_name": "target_default_intro",
    "stage_episode": 1020,
    "stage_eval_index": 67,
    "stage_target_hit": 0.0,
    "stage_success_streak": 0,
    "stage_best_success_rate": 0.5,
    "stage_best_collision_rate": 0.0,
    "stage_best_avg_return": 73.55451202392578,
    "stage_bad_eval_streak": 51,
    "stage_regression_active": 1.0,
    "stage_regression_bad_eval": 1.0,
    "stage_regression_absolute_drop": 0.5,
    "stage_regression_relative_drop": 1.0,
    "stage_regression_detected": 1.0,
    "stage_rollback_applied": 0.0,
    "stage_plateau_recovery_applied": 0.0,
    "num_episodes": 6,
    "success_rate": 0.0,
    "collision_rate": 0.0,
    "avg_episode_return": -26.28900718688965,
    "avg_path_length": 4.45461893081665,
    "avg_episode_duration": 20.66666603088379,
    "avg_time_to_goal": 0.0,
    "avg_min_obstacle_distance": 0.6811413168907166,
    "avg_min_clearance": 0.33114132285118103,
    "avg_control_effort": 0.5453104376792908,
    "avg_path_efficiency": 0.0,
    "avg_steps": 620.0,
    "best_episode_return": -1.324545979499817,
    "deterministic": 1.0,
    "seed_offset": 100000
  },
  "episodes": [
    {
      "episode_return": -30.478836387022454,
      "success": 0.0,
      "collision": 0.0,
      "min_obstacle_distance": 0.4706234633922577,
      "min_clearance": 0.12062346339225771,
      "path_length": 4.422907079569995,
      "start_to_goal_distance": 5.67656946182251,
      "steps": 620.0,
      "control_effort": 0.5628976919958668,
      "episode_duration": 20.666666666666668,
      "time_to_goal": null
    },
    {
      "episode_return": -16.152574339432835,
      "success": 0.0,
      "collision": 0.0,
      "min_obstacle_distance": 0.804326057434082,
      "min_clearance": 0.45432605743408205,
      "path_length": 4.493461122212466,
      "start_to_goal_distance": 3.87174391746521,
      "steps": 620.0,
      "control_effort": 0.5229166717298569,
      "episode_duration": 20.666666666666668,
      "time_to_goal": null
    },
    {
      "episode_return": -32.67386037646695,
      "success": 0.0,
      "collision": 0.0,
      "min_obstacle_distance": 0.5194971561431885,
      "min_clearance": 0.1694971561431885,
      "path_length": 4.597209434839897,
      "start_to_goal_distance": 4.218926906585693,
      "steps": 620.0,
      "control_effort": 0.5504075796854111,
      "episode_duration": 20.666666666666668,
      "time_to_goal": null
    },
    {
      "episode_return": -1.324545994005753,
      "success": 0.0,
      "collision": 0.0,
      "min_obstacle_distance": 1.2024015188217163,
      "min_clearance": 0.8524015188217163,
      "path_length": 4.44661303202156,
      "start_to_goal_distance": 3.8663716316223145,
      "steps": 620.0,
      "control_effort": 0.5544847441296423,
      "episode_duration": 20.666666666666668,
      "time_to_goal": null
    },
    {
      "episode_return": -58.751358183563354,
      "success": 0.0,
      "collision": 0.0,
      "min_obstacle_distance": 0.450711190700531,
      "min_clearance": 0.10071119070053103,
      "path_length": 4.469273080758285,
      "start_to_goal_distance": 4.319121837615967,
      "steps": 620.0,
      "control_effort": 0.5449418610142124,
      "episode_duration": 20.666666666666668,
      "time_to_goal": null
    },
    {
      "episode_return": -18.352881472014964,
      "success": 0.0,
      "collision": 0.0,
      "min_obstacle_distance": 0.6392885446548462,
      "min_clearance": 0.2892885446548462,
      "path_length": 4.2982494225143455,
      "start_to_goal_distance": 5.195745468139648,
      "steps": 620.0,
      "control_effort": 0.5362139767216098,
      "episode_duration": 20.666666666666668,
      "time_to_goal": null
    }
  ]
}