{
  "summary": {
    "train_episode": 1980,
    "stage_index": 7,
    "stage_name": "target_default_intro",
    "stage_episode": 1220,
    "stage_eval_index": 77,
    "stage_target_hit": 0.0,
    "stage_success_streak": 0,
    "stage_best_success_rate": 0.5,
    "stage_best_collision_rate": 0.0,
    "stage_best_avg_return": 73.55451202392578,
    "stage_bad_eval_streak": 61,
    "stage_regression_active": 1.0,
    "stage_regression_bad_eval": 1.0,
    "stage_regression_absolute_drop": 0.5,
    "stage_regression_relative_drop": 1.0,
    "stage_regression_detected": 1.0,
    "stage_rollback_applied": 0.0,
    "stage_plateau_recovery_applied": 0.0,
    "num_episodes": 6,
    "success_rate": 0.0,
    "collision_rate": 0.0,
    "avg_episode_return": -68.5947265625,
    "avg_path_length": 4.111454486846924,
    "avg_episode_duration": 20.66666603088379,
    "avg_time_to_goal": 0.0,
    "avg_min_obstacle_distance": 0.6681438088417053,
    "avg_min_clearance": 0.3181438148021698,
    "avg_control_effort": 0.5262379050254822,
    "avg_path_efficiency": 0.0,
    "avg_steps": 620.0,
    "best_episode_return": -41.56433868408203,
    "deterministic": 1.0,
    "seed_offset": 100000
  },
  "episodes": [
    {
      "episode_return": -41.56433700556197,
      "success": 0.0,
      "collision": 0.0,
      "min_obstacle_distance": 0.9775862693786621,
      "min_clearance": 0.6275862693786621,
      "path_length": 3.3593613068071733,
      "start_to_goal_distance": 5.67656946182251,
      "steps": 620.0,
      "control_effort": 0.561743119455153,
      "episode_duration": 20.666666666666668,
      "time_to_goal": null
    },
    {
      "episode_return": -144.7893690433226,
      "success": 0.0,
      "collision": 0.0,
      "min_obstacle_distance": 0.3927058279514313,
      "min_clearance": 0.0427058279514313,
      "path_length": 4.311409495130647,
      "start_to_goal_distance": 3.87174391746521,
      "steps": 620.0,
      "control_effort": 0.48951612374474923,
      "episode_duration": 20.666666666666668,
      "time_to_goal": null
    },
    {
      "episode_return": -61.91438041273761,
      "success": 0.0,
      "collision": 0.0,
      "min_obstacle_distance": 1.135459303855896,
      "min_clearance": 0.785459303855896,
      "path_length": 4.363910702057183,
      "start_to_goal_distance": 4.218926906585693,
      "steps": 620.0,
      "control_effort": 0.5470711905148722,
      "episode_duration": 20.666666666666668,
      "time_to_goal": null
    },
    {
      "episode_return": -48.45596940799525,
      "success": 0.0,
      "collision": 0.0,
      "min_obstacle_distance": 0.5064613819122314,
      "min_clearance": 0.15646138191223147,
      "path_length": 4.454397072811844,
      "start_to_goal_distance": 3.8663716316223145,
      "steps": 620.0,
      "control_effort": 0.5314181250910606,
      "episode_duration": 20.666666666666668,
      "time_to_goal": null
    },
    {
      "episode_return": -65.7937066725765,
      "success": 0.0,
      "collision": 0.0,
      "min_obstacle_distance": 0.6239627599716187,
      "min_clearance": 0.2739627599716187,
      "path_length": 3.734410726348983,
      "start_to_goal_distance": 4.319121837615967,
      "steps": 620.0,
      "control_effort": 0.5237949548709777,
      "episode_duration": 20.666666666666668,
      "time_to_goal": null
    },
    {
      "episode_return": -49.05061125873131,
      "success": 0.0,
      "collision": 0.0,
      "min_obstacle_distance": 0.37268736958503723,
      "min_clearance": 0.022687369585037254,
      "path_length": 4.445237635402009,
      "start_to_goal_distance": 5.195745468139648,
      "steps": 620.0,
      "control_effort": 0.5038838776369249,
      "episode_duration": 20.666666666666668,
      "time_to_goal": null
    }
  ]
}