{
  "summary": {
    "train_episode": 680,
    "stage_index": 7,
    "stage_name": "target_default_intro",
    "stage_episode": 20,
    "stage_eval_index": 12,
    "stage_target_hit": 0.0,
    "stage_success_streak": 0,
    "stage_best_success_rate": 0.5,
    "stage_best_collision_rate": 0.0,
    "stage_best_avg_return": 73.55451202392578,
    "stage_bad_eval_streak": 0,
    "stage_regression_active": 1.0,
    "stage_regression_bad_eval": 0.0,
    "stage_regression_absolute_drop": 0.0,
    "stage_regression_relative_drop": 0.0,
    "stage_regression_detected": 0.0,
    "stage_rollback_applied": 0.0,
    "stage_plateau_recovery_applied": 0.0,
    "num_episodes": 6,
    "success_rate": 0.5,
    "collision_rate": 0.0,
    "avg_episode_return": 73.55451202392578,
    "avg_path_length": 4.1286139488220215,
    "avg_episode_duration": 18.97777557373047,
    "avg_time_to_goal": 17.288888931274414,
    "avg_min_obstacle_distance": 0.8127524256706238,
    "avg_min_clearance": 0.4627523422241211,
    "avg_control_effort": 0.6605297923088074,
    "avg_path_efficiency": 0.5,
    "avg_steps": 569.3333129882812,
    "best_episode_return": 159.44064331054688,
    "deterministic": 1.0,
    "seed_offset": 100000
  },
  "episodes": [
    {
      "episode_return": 15.84485930243784,
      "success": 0.0,
      "collision": 0.0,
      "min_obstacle_distance": 1.0860671997070312,
      "min_clearance": 0.7360671997070313,
      "path_length": 4.369050335284555,
      "start_to_goal_distance": 5.67656946182251,
      "steps": 620.0,
      "control_effort": 0.6762986348521325,
      "episode_duration": 20.666666666666668,
      "time_to_goal": null
    },
    {
      "episode_return": 41.06112751091397,
      "success": 1.0,
      "collision": 0.0,
      "min_obstacle_distance": 0.3590910732746124,
      "min_clearance": 0.009091073274612449,
      "path_length": 3.5209084805101156,
      "start_to_goal_distance": 3.87174391746521,
      "steps": 499.0,
      "control_effort": 0.6524908742111527,
      "episode_duration": 16.633333333333333,
      "time_to_goal": 16.633333333333333
    },
    {
      "episode_return": 159.44063962545442,
      "success": 1.0,
      "collision": 0.0,
      "min_obstacle_distance": 1.2028028964996338,
      "min_clearance": 0.8528028964996338,
      "path_length": 4.114694753108779,
      "start_to_goal_distance": 4.218926906585693,
      "steps": 568.0,
      "control_effort": 0.666589902845067,
      "episode_duration": 18.933333333333334,
      "time_to_goal": 18.933333333333334
    },
    {
      "episode_return": 157.24121372045778,
      "success": 1.0,
      "collision": 0.0,
      "min_obstacle_distance": 0.7646302580833435,
      "min_clearance": 0.41463025808334353,
      "path_length": 3.5816410260740668,
      "start_to_goal_distance": 3.8663716316223145,
      "steps": 489.0,
      "control_effort": 0.6540434373912148,
      "episode_duration": 16.3,
      "time_to_goal": 16.3
    },
    {
      "episode_return": 44.47866270353533,
      "success": 0.0,
      "collision": 0.0,
      "min_obstacle_distance": 0.9108046889305115,
      "min_clearance": 0.5608046889305115,
      "path_length": 4.645782586419955,
      "start_to_goal_distance": 4.319121837615967,
      "steps": 620.0,
      "control_effort": 0.662497726851894,
      "episode_duration": 20.666666666666668,
      "time_to_goal": null
    },
    {
      "episode_return": 23.260597943699246,
      "success": 0.0,
      "collision": 0.0,
      "min_obstacle_distance": 0.553118109703064,
      "min_clearance": 0.203118109703064,
      "path_length": 4.539606140519027,
      "start_to_goal_distance": 5.195745468139648,
      "steps": 620.0,
      "control_effort": 0.6512582463602866,
      "episode_duration": 20.666666666666668,
      "time_to_goal": null
    }
  ]
}