{
  "summary": {
    "train_episode": 800,
    "stage_index": 7,
    "stage_name": "target_default_intro",
    "stage_episode": 40,
    "stage_eval_index": 18,
    "stage_target_hit": 0.0,
    "stage_success_streak": 0,
    "stage_best_success_rate": 0.5,
    "stage_best_collision_rate": 0.0,
    "stage_best_avg_return": 73.55451202392578,
    "stage_bad_eval_streak": 2,
    "stage_regression_active": 1.0,
    "stage_regression_bad_eval": 1.0,
    "stage_regression_absolute_drop": 0.5,
    "stage_regression_relative_drop": 1.0,
    "stage_regression_detected": 1.0,
    "stage_rollback_applied": 0.0,
    "stage_plateau_recovery_applied": 0.0,
    "num_episodes": 6,
    "success_rate": 0.0,
    "collision_rate": 0.1666666716337204,
    "avg_episode_return": 0.7009900212287903,
    "avg_path_length": 4.020703315734863,
    "avg_episode_duration": 18.655553817749023,
    "avg_time_to_goal": 0.0,
    "avg_min_obstacle_distance": 0.7603311538696289,
    "avg_min_clearance": 0.4103311002254486,
    "avg_control_effort": 0.6493750214576721,
    "avg_path_efficiency": 0.0,
    "avg_steps": 559.6666870117188,
    "best_episode_return": 34.12136459350586,
    "deterministic": 1.0,
    "seed_offset": 100000
  },
  "episodes": [
    {
      "episode_return": 4.3882469554216,
      "success": 0.0,
      "collision": 0.0,
      "min_obstacle_distance": 0.8611789345741272,
      "min_clearance": 0.5111789345741272,
      "path_length": 4.529637068917509,
      "start_to_goal_distance": 5.67656946182251,
      "steps": 620.0,
      "control_effort": 0.6641895240353,
      "episode_duration": 20.666666666666668,
      "time_to_goal": null
    },
    {
      "episode_return": -60.185487617510056,
      "success": 0.0,
      "collision": 1.0,
      "min_obstacle_distance": 0.3453220725059509,
      "min_clearance": -0.00467792749404905,
      "path_length": 1.8611796177538054,
      "start_to_goal_distance": 3.87174391746521,
      "steps": 258.0,
      "control_effort": 0.642310035783191,
      "episode_duration": 8.6,
      "time_to_goal": null
    },
    {
      "episode_return": 9.774561948905543,
      "success": 0.0,
      "collision": 0.0,
      "min_obstacle_distance": 1.2127832174301147,
      "min_clearance": 0.8627832174301148,
      "path_length": 4.475669528974322,
      "start_to_goal_distance": 4.218926906585693,
      "steps": 620.0,
      "control_effort": 0.6523044460242794,
      "episode_duration": 20.666666666666668,
      "time_to_goal": null
    },
    {
      "episode_return": 3.2894958981608298,
      "success": 0.0,
      "collision": 0.0,
      "min_obstacle_distance": 0.813847541809082,
      "min_clearance": 0.46384754180908205,
      "path_length": 4.255068437885711,
      "start_to_goal_distance": 3.8663716316223145,
      "steps": 620.0,
      "control_effort": 0.6439042340363226,
      "episode_duration": 20.666666666666668,
      "time_to_goal": null
    },
    {
      "episode_return": 12.817751751859937,
      "success": 0.0,
      "collision": 0.0,
      "min_obstacle_distance": 0.7792814373970032,
      "min_clearance": 0.4292814373970032,
      "path_length": 4.512461041089409,
      "start_to_goal_distance": 4.319121837615967,
      "steps": 620.0,
      "control_effort": 0.6552651685091757,
      "episode_duration": 20.666666666666668,
      "time_to_goal": null
    },
    {
      "episode_return": 34.121366232965926,
      "success": 0.0,
      "collision": 0.0,
      "min_obstacle_distance": 0.5495734810829163,
      "min_clearance": 0.19957348108291628,
      "path_length": 4.490205765967403,
      "start_to_goal_distance": 5.195745468139648,
      "steps": 620.0,
      "control_effort": 0.6382771589102284,
      "episode_duration": 20.666666666666668,
      "time_to_goal": null
    }
  ]
}