{
  "episode_return": 1.4883657940225632,
  "success": 0.0,
  "collision": 0.0,
  "min_obstacle_distance": 0.7376213073730469,
  "min_clearance": 0.3876213073730469,
  "path_length": 4.251260894961888,
  "start_to_goal_distance": 5.195745468139648,
  "steps": 620.0,
  "control_effort": 0.5188964949019493,
  "episode_duration": 20.666666666666668,
  "time_to_goal": null
}