{
  "summary": {
    "train_episode": 1440,
    "stage_index": 7,
    "stage_name": "target_default_intro",
    "stage_episode": 680,
    "stage_eval_index": 50,
    "stage_target_hit": 0.0,
    "stage_success_streak": 0,
    "stage_best_success_rate": 0.5,
    "stage_best_collision_rate": 0.0,
    "stage_best_avg_return": 73.55451202392578,
    "stage_bad_eval_streak": 34,
    "stage_regression_active": 1.0,
    "stage_regression_bad_eval": 1.0,
    "stage_regression_absolute_drop": 0.5,
    "stage_regression_relative_drop": 1.0,
    "stage_regression_detected": 1.0,
    "stage_rollback_applied": 0.0,
    "stage_plateau_recovery_applied": 0.0,
    "num_episodes": 6,
    "success_rate": 0.0,
    "collision_rate": 0.1666666716337204,
    "avg_episode_return": -32.164344787597656,
    "avg_path_length": 3.609280586242676,
    "avg_episode_duration": 19.072221755981445,
    "avg_time_to_goal": 0.0,
    "avg_min_obstacle_distance": 0.6352994441986084,
    "avg_min_clearance": 0.2852993905544281,
    "avg_control_effort": 0.5672069191932678,
    "avg_path_efficiency": 0.0,
    "avg_steps": 572.1666870117188,
    "best_episode_return": -6.260556697845459,
    "deterministic": 1.0,
    "seed_offset": 100000
  },
  "episodes": [
    {
      "episode_return": -22.85236488660113,
      "success": 0.0,
      "collision": 0.0,
      "min_obstacle_distance": 0.8327327370643616,
      "min_clearance": 0.4827327370643616,
      "path_length": 3.3938953896172137,
      "start_to_goal_distance": 5.67656946182251,
      "steps": 620.0,
      "control_effort": 0.5906720030692316,
      "episode_duration": 20.666666666666668,
      "time_to_goal": null
    },
    {
      "episode_return": -68.4739284804786,
      "success": 0.0,
      "collision": 0.0,
      "min_obstacle_distance": 0.4502011239528656,
      "min_clearance": 0.10020112395286562,
      "path_length": 3.8851970784002106,
      "start_to_goal_distance": 3.87174391746521,
      "steps": 620.0,
      "control_effort": 0.5361893184723393,
      "episode_duration": 20.666666666666668,
      "time_to_goal": null
    },
    {
      "episode_return": -35.41189927411057,
      "success": 0.0,
      "collision": 0.0,
      "min_obstacle_distance": 0.9934184551239014,
      "min_clearance": 0.6434184551239014,
      "path_length": 4.253506128301439,
      "start_to_goal_distance": 4.218926906585693,
      "steps": 620.0,
      "control_effort": 0.5690509630787757,
      "episode_duration": 20.666666666666668,
      "time_to_goal": null
    },
    {
      "episode_return": -6.260556887841279,
      "success": 0.0,
      "collision": 0.0,
      "min_obstacle_distance": 0.49239373207092285,
      "min_clearance": 0.14239373207092287,
      "path_length": 4.507858225522796,
      "start_to_goal_distance": 3.8663716316223145,
      "steps": 620.0,
      "control_effort": 0.5620572269443542,
      "episode_duration": 20.666666666666668,
      "time_to_goal": null
    },
    {
      "episode_return": -32.67494931938467,
      "success": 0.0,
      "collision": 0.0,
      "min_obstacle_distance": 0.6999994516372681,
      "min_clearance": 0.3499994516372681,
      "path_length": 3.347926622361685,
      "start_to_goal_distance": 4.319121837615967,
      "steps": 620.0,
      "control_effort": 0.5604115349631156,
      "episode_duration": 20.666666666666668,
      "time_to_goal": null
    },
    {
      "episode_return": -27.312369148143684,
      "success": 0.0,
      "collision": 1.0,
      "min_obstacle_distance": 0.3430509567260742,
      "min_clearance": -0.006949043273925759,
      "path_length": 2.2672993525629863,
      "start_to_goal_distance": 5.195745468139648,
      "steps": 333.0,
      "control_effort": 0.584860576165689,
      "episode_duration": 11.1,
      "time_to_goal": null
    }
  ]
}