{
  "episode_return": 15.149947326882256,
  "success": 0.0,
  "collision": 0.0,
  "min_obstacle_distance": 0.7217446565628052,
  "min_clearance": 0.3717446565628052,
  "path_length": 4.53466294707323,
  "start_to_goal_distance": 3.8663716316223145,
  "steps": 620.0,
  "control_effort": 0.5996523346631758,
  "episode_duration": 20.666666666666668,
  "time_to_goal": null
}