{
  "episode_return": -9.85756735815577,
  "success": 0.0,
  "collision": 0.0,
  "min_obstacle_distance": 0.5967457294464111,
  "min_clearance": 0.24674572944641116,
  "path_length": 4.136077448783908,
  "start_to_goal_distance": 5.195745468139648,
  "steps": 620.0,
  "control_effort": 0.4696976288191734,
  "episode_duration": 20.666666666666668,
  "time_to_goal": null
}