{
  "summary": {
    "train_episode": 220,
    "stage_index": 3,
    "stage_name": "bridge_crossing_easy",
    "stage_episode": 60,
    "stage_eval_index": 3,
    "stage_target_hit": 1.0,
    "stage_success_streak": 1,
    "stage_best_success_rate": 1.0,
    "stage_best_collision_rate": 0.0,
    "stage_best_avg_return": 98.8727798461914,
    "stage_bad_eval_streak": 0,
    "stage_regression_active": 1.0,
    "stage_regression_bad_eval": 0.0,
    "stage_regression_absolute_drop": 0.0,
    "stage_regression_relative_drop": 0.0,
    "stage_regression_detected": 0.0,
    "stage_rollback_applied": 0.0,
    "stage_plateau_recovery_applied": 0.0,
    "num_episodes": 6,
    "success_rate": 1.0,
    "collision_rate": 0.0,
    "avg_episode_return": 98.837646484375,
    "avg_path_length": 1.4011362791061401,
    "avg_episode_duration": 5.888888835906982,
    "avg_time_to_goal": 5.888888835906982,
    "avg_min_obstacle_distance": 2.369614839553833,
    "avg_min_clearance": 2.0196149349212646,
    "avg_control_effort": 0.699640691280365,
    "avg_path_efficiency": 1.0,
    "avg_steps": 176.6666717529297,
    "best_episode_return": 100.55827331542969,
    "deterministic": 1.0,
    "seed_offset": 100000
  },
  "episodes": [
    {
      "episode_return": 100.55827176201345,
      "success": 1.0,
      "collision": 0.0,
      "min_obstacle_distance": 2.583528995513916,
      "min_clearance": 2.233528995513916,
      "path_length": 1.6187433740415145,
      "start_to_goal_distance": 2.486285924911499,
      "steps": 197.0,
      "control_effort": 0.6996411956506332,
      "episode_duration": 6.566666666666666,
      "time_to_goal": 6.566666666666666
    },
    {
      "episode_return": 96.76588619697095,
      "success": 1.0,
      "collision": 0.0,
      "min_obstacle_distance": 2.3513569831848145,
      "min_clearance": 2.0013569831848144,
      "path_length": 1.1331682806267054,
      "start_to_goal_distance": 2.09385085105896,
      "steps": 142.0,
      "control_effort": 0.6996408272796953,
      "episode_duration": 4.733333333333333,
      "time_to_goal": 4.733333333333333
    },
    {
      "episode_return": 98.77822746020556,
      "success": 1.0,
      "collision": 0.0,
      "min_obstacle_distance": 1.9104901552200317,
      "min_clearance": 1.5604901552200316,
      "path_length": 1.3824431019093026,
      "start_to_goal_distance": 2.2981417179107666,
      "steps": 168.0,
      "control_effort": 0.6996400040530023,
      "episode_duration": 5.6,
      "time_to_goal": 5.6
    },
    {
      "episode_return": 96.35637204724551,
      "success": 1.0,
      "collision": 0.0,
      "min_obstacle_distance": 2.249983549118042,
      "min_clearance": 1.899983549118042,
      "path_length": 1.1801876140234526,
      "start_to_goal_distance": 2.0744709968566895,
      "steps": 157.0,
      "control_effort": 0.6996403951553782,
      "episode_duration": 5.233333333333333,
      "time_to_goal": 5.233333333333333
    },
    {
      "episode_return": 100.25143745368717,
      "success": 1.0,
      "collision": 0.0,
      "min_obstacle_distance": 2.2657132148742676,
      "min_clearance": 1.9157132148742675,
      "path_length": 1.5507433308375767,
      "start_to_goal_distance": 2.4597620964050293,
      "steps": 194.0,
      "control_effort": 0.6996403394900647,
      "episode_duration": 6.466666666666667,
      "time_to_goal": 6.466666666666667
    },
    {
      "episode_return": 100.31572930741311,
      "success": 1.0,
      "collision": 0.0,
      "min_obstacle_distance": 2.8566172122955322,
      "min_clearance": 2.506617212295532,
      "path_length": 1.5415312431869097,
      "start_to_goal_distance": 2.476344585418701,
      "steps": 202.0,
      "control_effort": 0.6996412241812979,
      "episode_duration": 6.733333333333333,
      "time_to_goal": 6.733333333333333
    }
  ]
}