{
  "summary": {
    "train_episode": 3160,
    "stage_index": 7,
    "stage_name": "target_default_intro",
    "stage_episode": 2400,
    "stage_eval_index": 136,
    "stage_target_hit": 0.0,
    "stage_success_streak": 0,
    "stage_best_success_rate": 0.5,
    "stage_best_collision_rate": 0.0,
    "stage_best_avg_return": 73.55451202392578,
    "stage_bad_eval_streak": 120,
    "stage_regression_active": 1.0,
    "stage_regression_bad_eval": 1.0,
    "stage_regression_absolute_drop": 0.5,
    "stage_regression_relative_drop": 1.0,
    "stage_regression_detected": 1.0,
    "stage_rollback_applied": 0.0,
    "stage_plateau_recovery_applied": 0.0,
    "num_episodes": 6,
    "success_rate": 0.0,
    "collision_rate": 0.0,
    "avg_episode_return": -96.39620208740234,
    "avg_path_length": 3.2292985916137695,
    "avg_episode_duration": 20.66666603088379,
    "avg_time_to_goal": 0.0,
    "avg_min_obstacle_distance": 0.9972699284553528,
    "avg_min_clearance": 0.6472699046134949,
    "avg_control_effort": 0.5450727343559265,
    "avg_path_efficiency": 0.0,
    "avg_steps": 620.0,
    "best_episode_return": 4.498135566711426,
    "deterministic": 1.0,
    "seed_offset": 100000
  },
  "episodes": [
    {
      "episode_return": -131.93451859547852,
      "success": 0.0,
      "collision": 0.0,
      "min_obstacle_distance": 1.9108738899230957,
      "min_clearance": 1.5608738899230956,
      "path_length": 1.3534805045375435,
      "start_to_goal_distance": 5.67656946182251,
      "steps": 620.0,
      "control_effort": 0.5748372345682113,
      "episode_duration": 20.666666666666668,
      "time_to_goal": null
    },
    {
      "episode_return": -110.84747813020485,
      "success": 0.0,
      "collision": 0.0,
      "min_obstacle_distance": 0.6748278141021729,
      "min_clearance": 0.3248278141021729,
      "path_length": 3.702537944261991,
      "start_to_goal_distance": 3.87174391746521,
      "steps": 620.0,
      "control_effort": 0.5532424851290642,
      "episode_duration": 20.666666666666668,
      "time_to_goal": null
    },
    {
      "episode_return": -114.18020293393562,
      "success": 0.0,
      "collision": 0.0,
      "min_obstacle_distance": 1.386734127998352,
      "min_clearance": 1.036734127998352,
      "path_length": 3.000072229850872,
      "start_to_goal_distance": 4.218926906585693,
      "steps": 620.0,
      "control_effort": 0.53827176209419,
      "episode_duration": 20.666666666666668,
      "time_to_goal": null
    },
    {
      "episode_return": -114.82048109386943,
      "success": 0.0,
      "collision": 0.0,
      "min_obstacle_distance": 0.6579256653785706,
      "min_clearance": 0.3079256653785706,
      "path_length": 4.300887911595055,
      "start_to_goal_distance": 3.8663716316223145,
      "steps": 620.0,
      "control_effort": 0.5212768597948936,
      "episode_duration": 20.666666666666668,
      "time_to_goal": null
    },
    {
      "episode_return": -111.09259739891051,
      "success": 0.0,
      "collision": 0.0,
      "min_obstacle_distance": 0.6601781845092773,
      "min_clearance": 0.31017818450927737,
      "path_length": 2.6319508982454636,
      "start_to_goal_distance": 4.319121837615967,
      "steps": 620.0,
      "control_effort": 0.5520553635974084,
      "episode_duration": 20.666666666666668,
      "time_to_goal": null
    },
    {
      "episode_return": 4.498135646850521,
      "success": 0.0,
      "collision": 0.0,
      "min_obstacle_distance": 0.6930797100067139,
      "min_clearance": 0.3430797100067139,
      "path_length": 4.386861553401104,
      "start_to_goal_distance": 5.195745468139648,
      "steps": 620.0,
      "control_effort": 0.5307529727778127,
      "episode_duration": 20.666666666666668,
      "time_to_goal": null
    }
  ]
}