{
  "episode_return": -1.324545994005753,
  "success": 0.0,
  "collision": 0.0,
  "min_obstacle_distance": 1.2024015188217163,
  "min_clearance": 0.8524015188217163,
  "path_length": 4.44661303202156,
  "start_to_goal_distance": 3.8663716316223145,
  "steps": 620.0,
  "control_effort": 0.5544847441296423,
  "episode_duration": 20.666666666666668,
  "time_to_goal": null
}