{
  "episode_return": 0.17006952094445182,
  "success": 0.0,
  "collision": 0.0,
  "min_obstacle_distance": 0.7709679007530212,
  "min_clearance": 0.42096790075302126,
  "path_length": 4.212121360425954,
  "start_to_goal_distance": 5.195745468139648,
  "steps": 620.0,
  "control_effort": 0.5199009925607712,
  "episode_duration": 20.666666666666668,
  "time_to_goal": null
}