{
  "episode_return": -15.397059311484835,
  "success": 0.0,
  "collision": 0.0,
  "min_obstacle_distance": 0.5756751894950867,
  "min_clearance": 0.2256751894950867,
  "path_length": 4.122339497553185,
  "start_to_goal_distance": 5.195745468139648,
  "steps": 620.0,
  "control_effort": 0.4634766956490855,
  "episode_duration": 20.666666666666668,
  "time_to_goal": null
}