{
  "summary": {
    "train_episode": 1700,
    "stage_index": 7,
    "stage_name": "target_default_intro",
    "stage_episode": 940,
    "stage_eval_index": 63,
    "stage_target_hit": 0.0,
    "stage_success_streak": 0,
    "stage_best_success_rate": 0.5,
    "stage_best_collision_rate": 0.0,
    "stage_best_avg_return": 73.55451202392578,
    "stage_bad_eval_streak": 47,
    "stage_regression_active": 1.0,
    "stage_regression_bad_eval": 1.0,
    "stage_regression_absolute_drop": 0.5,
    "stage_regression_relative_drop": 1.0,
    "stage_regression_detected": 1.0,
    "stage_rollback_applied": 0.0,
    "stage_plateau_recovery_applied": 0.0,
    "num_episodes": 6,
    "success_rate": 0.0,
    "collision_rate": 0.0,
    "avg_episode_return": -17.318891525268555,
    "avg_path_length": 4.413633823394775,
    "avg_episode_duration": 20.66666603088379,
    "avg_time_to_goal": 0.0,
    "avg_min_obstacle_distance": 0.6965463757514954,
    "avg_min_clearance": 0.3465464413166046,
    "avg_control_effort": 0.5543103218078613,
    "avg_path_efficiency": 0.0,
    "avg_steps": 620.0,
    "best_episode_return": 14.285318374633789,
    "deterministic": 1.0,
    "seed_offset": 100000
  },
  "episodes": [
    {
      "episode_return": -22.696960866092684,
      "success": 0.0,
      "collision": 0.0,
      "min_obstacle_distance": 0.6978781223297119,
      "min_clearance": 0.34787812232971194,
      "path_length": 4.395378065411933,
      "start_to_goal_distance": 5.67656946182251,
      "steps": 620.0,
      "control_effort": 0.5603961553785108,
      "episode_duration": 20.666666666666668,
      "time_to_goal": null
    },
    {
      "episode_return": -1.8905670170352522,
      "success": 0.0,
      "collision": 0.0,
      "min_obstacle_distance": 0.7656479477882385,
      "min_clearance": 0.41564794778823855,
      "path_length": 4.411225959600415,
      "start_to_goal_distance": 3.87174391746521,
      "steps": 620.0,
      "control_effort": 0.5392143737404577,
      "episode_duration": 20.666666666666668,
      "time_to_goal": null
    },
    {
      "episode_return": -34.50105589043373,
      "success": 0.0,
      "collision": 0.0,
      "min_obstacle_distance": 0.4096674919128418,
      "min_clearance": 0.05966749191284182,
      "path_length": 4.573247420601547,
      "start_to_goal_distance": 4.218926906585693,
      "steps": 620.0,
      "control_effort": 0.5679027539107108,
      "episode_duration": 20.666666666666668,
      "time_to_goal": null
    },
    {
      "episode_return": 14.285317908196319,
      "success": 0.0,
      "collision": 0.0,
      "min_obstacle_distance": 1.218724012374878,
      "min_clearance": 0.868724012374878,
      "path_length": 4.329998398723546,
      "start_to_goal_distance": 3.8663716316223145,
      "steps": 620.0,
      "control_effort": 0.5639232881607548,
      "episode_duration": 20.666666666666668,
      "time_to_goal": null
    },
    {
      "episode_return": -39.29518573259893,
      "success": 0.0,
      "collision": 0.0,
      "min_obstacle_distance": 0.5201643109321594,
      "min_clearance": 0.17016431093215945,
      "path_length": 4.442002680385485,
      "start_to_goal_distance": 4.319121837615967,
      "steps": 620.0,
      "control_effort": 0.5522415016928027,
      "episode_duration": 20.666666666666668,
      "time_to_goal": null
    },
    {
      "episode_return": -19.81489420537858,
      "success": 0.0,
      "collision": 0.0,
      "min_obstacle_distance": 0.5671967267990112,
      "min_clearance": 0.21719672679901125,
      "path_length": 4.329950190731324,
      "start_to_goal_distance": 5.195745468139648,
      "steps": 620.0,
      "control_effort": 0.5421835021145882,
      "episode_duration": 20.666666666666668,
      "time_to_goal": null
    }
  ]
}