{
  "summary": {
    "train_episode": 2780,
    "stage_index": 7,
    "stage_name": "target_default_intro",
    "stage_episode": 2020,
    "stage_eval_index": 117,
    "stage_target_hit": 0.0,
    "stage_success_streak": 0,
    "stage_best_success_rate": 0.5,
    "stage_best_collision_rate": 0.0,
    "stage_best_avg_return": 73.55451202392578,
    "stage_bad_eval_streak": 101,
    "stage_regression_active": 1.0,
    "stage_regression_bad_eval": 1.0,
    "stage_regression_absolute_drop": 0.5,
    "stage_regression_relative_drop": 1.0,
    "stage_regression_detected": 1.0,
    "stage_rollback_applied": 0.0,
    "stage_plateau_recovery_applied": 0.0,
    "num_episodes": 6,
    "success_rate": 0.0,
    "collision_rate": 0.1666666716337204,
    "avg_episode_return": -65.46086883544922,
    "avg_path_length": 3.414832353591919,
    "avg_episode_duration": 17.77777671813965,
    "avg_time_to_goal": 0.0,
    "avg_min_obstacle_distance": 1.0459550619125366,
    "avg_min_clearance": 0.6959550380706787,
    "avg_control_effort": 0.4731605350971222,
    "avg_path_efficiency": 0.0,
    "avg_steps": 533.3333129882812,
    "best_episode_return": -9.85756778717041,
    "deterministic": 1.0,
    "seed_offset": 100000
  },
  "episodes": [
    {
      "episode_return": -93.36303563834147,
      "success": 0.0,
      "collision": 0.0,
      "min_obstacle_distance": 1.7688764333724976,
      "min_clearance": 1.4188764333724975,
      "path_length": 2.5895967992275075,
      "start_to_goal_distance": 5.67656946182251,
      "steps": 620.0,
      "control_effort": 0.48729299979825175,
      "episode_duration": 20.666666666666668,
      "time_to_goal": null
    },
    {
      "episode_return": -89.04202434717698,
      "success": 0.0,
      "collision": 0.0,
      "min_obstacle_distance": 0.9761043190956116,
      "min_clearance": 0.6261043190956116,
      "path_length": 4.368203861871734,
      "start_to_goal_distance": 3.87174391746521,
      "steps": 620.0,
      "control_effort": 0.45852660094538045,
      "episode_duration": 20.666666666666668,
      "time_to_goal": null
    },
    {
      "episode_return": -101.46751723871873,
      "success": 0.0,
      "collision": 0.0,
      "min_obstacle_distance": 1.2671743631362915,
      "min_clearance": 0.9171743631362915,
      "path_length": 4.482481411425397,
      "start_to_goal_distance": 4.218926906585693,
      "steps": 620.0,
      "control_effort": 0.48290028831651133,
      "episode_duration": 20.666666666666668,
      "time_to_goal": null
    },
    {
      "episode_return": -52.51553289573858,
      "success": 0.0,
      "collision": 0.0,
      "min_obstacle_distance": 1.3219857215881348,
      "min_clearance": 0.9719857215881348,
      "path_length": 4.310080704686698,
      "start_to_goal_distance": 3.8663716316223145,
      "steps": 620.0,
      "control_effort": 0.5116370066519706,
      "episode_duration": 20.666666666666668,
      "time_to_goal": null
    },
    {
      "episode_return": -46.519561501843306,
      "success": 0.0,
      "collision": 1.0,
      "min_obstacle_distance": 0.34484392404556274,
      "min_clearance": -0.005156075954437234,
      "path_length": 0.6025544214062393,
      "start_to_goal_distance": 4.319121837615967,
      "steps": 100.0,
      "control_effort": 0.4289084583520889,
      "episode_duration": 3.3333333333333335,
      "time_to_goal": null
    },
    {
      "episode_return": -9.85756735815577,
      "success": 0.0,
      "collision": 0.0,
      "min_obstacle_distance": 0.5967457294464111,
      "min_clearance": 0.24674572944641116,
      "path_length": 4.136077448783908,
      "start_to_goal_distance": 5.195745468139648,
      "steps": 620.0,
      "control_effort": 0.4696976288191734,
      "episode_duration": 20.666666666666668,
      "time_to_goal": null
    }
  ]
}