{
  "summary": {
    "train_episode": 3140,
    "stage_index": 7,
    "stage_name": "target_default_intro",
    "stage_episode": 2380,
    "stage_eval_index": 135,
    "stage_target_hit": 0.0,
    "stage_success_streak": 0,
    "stage_best_success_rate": 0.5,
    "stage_best_collision_rate": 0.0,
    "stage_best_avg_return": 73.55451202392578,
    "stage_bad_eval_streak": 119,
    "stage_regression_active": 1.0,
    "stage_regression_bad_eval": 1.0,
    "stage_regression_absolute_drop": 0.5,
    "stage_regression_relative_drop": 1.0,
    "stage_regression_detected": 1.0,
    "stage_rollback_applied": 0.0,
    "stage_plateau_recovery_applied": 0.0,
    "num_episodes": 6,
    "success_rate": 0.0,
    "collision_rate": 0.0,
    "avg_episode_return": -100.03177642822266,
    "avg_path_length": 3.4834909439086914,
    "avg_episode_duration": 20.66666603088379,
    "avg_time_to_goal": 0.0,
    "avg_min_obstacle_distance": 0.94523024559021,
    "avg_min_clearance": 0.5952302813529968,
    "avg_control_effort": 0.5495113730430603,
    "avg_path_efficiency": 0.0,
    "avg_steps": 620.0,
    "best_episode_return": -4.753214359283447,
    "deterministic": 1.0,
    "seed_offset": 100000
  },
  "episodes": [
    {
      "episode_return": -113.78030638729513,
      "success": 0.0,
      "collision": 0.0,
      "min_obstacle_distance": 1.9065742492675781,
      "min_clearance": 1.556574249267578,
      "path_length": 1.1495904228239056,
      "start_to_goal_distance": 5.67656946182251,
      "steps": 620.0,
      "control_effort": 0.5617061011252865,
      "episode_duration": 20.666666666666668,
      "time_to_goal": null
    },
    {
      "episode_return": -125.20502261314545,
      "success": 0.0,
      "collision": 0.0,
      "min_obstacle_distance": 0.5294532179832458,
      "min_clearance": 0.17945321798324587,
      "path_length": 4.438593076059078,
      "start_to_goal_distance": 3.87174391746521,
      "steps": 620.0,
      "control_effort": 0.5635603072662507,
      "episode_duration": 20.666666666666668,
      "time_to_goal": null
    },
    {
      "episode_return": -121.51228342684833,
      "success": 0.0,
      "collision": 0.0,
      "min_obstacle_distance": 1.2953267097473145,
      "min_clearance": 0.9453267097473145,
      "path_length": 3.502475571495239,
      "start_to_goal_distance": 4.218926906585693,
      "steps": 620.0,
      "control_effort": 0.5553637686275666,
      "episode_duration": 20.666666666666668,
      "time_to_goal": null
    },
    {
      "episode_return": -100.01951308540147,
      "success": 0.0,
      "collision": 0.0,
      "min_obstacle_distance": 0.9598871469497681,
      "min_clearance": 0.6098871469497681,
      "path_length": 4.372162953106454,
      "start_to_goal_distance": 3.8663716316223145,
      "steps": 620.0,
      "control_effort": 0.5419604100046619,
      "episode_duration": 20.666666666666668,
      "time_to_goal": null
    },
    {
      "episode_return": -134.92029970349768,
      "success": 0.0,
      "collision": 0.0,
      "min_obstacle_distance": 0.5257459282875061,
      "min_clearance": 0.17574592828750613,
      "path_length": 3.245775013970814,
      "start_to_goal_distance": 4.319121837615967,
      "steps": 620.0,
      "control_effort": 0.5519308089248596,
      "episode_duration": 20.666666666666668,
      "time_to_goal": null
    },
    {
      "episode_return": -4.753214245077196,
      "success": 0.0,
      "collision": 0.0,
      "min_obstacle_distance": 0.4543944299221039,
      "min_clearance": 0.1043944299221039,
      "path_length": 4.192347824253375,
      "start_to_goal_distance": 5.195745468139648,
      "steps": 620.0,
      "control_effort": 0.5225469431569499,
      "episode_duration": 20.666666666666668,
      "time_to_goal": null
    }
  ]
}