{
  "summary": {
    "train_episode": 760,
    "stage_index": 7,
    "stage_name": "target_default_intro",
    "stage_episode": 100,
    "stage_eval_index": 16,
    "stage_target_hit": 0.0,
    "stage_success_streak": 0,
    "stage_best_success_rate": 0.5,
    "stage_best_collision_rate": 0.0,
    "stage_best_avg_return": 73.55451202392578,
    "stage_bad_eval_streak": 0,
    "stage_regression_active": 1.0,
    "stage_regression_bad_eval": 1.0,
    "stage_regression_absolute_drop": 0.3333333283662796,
    "stage_regression_relative_drop": 0.6666666567325592,
    "stage_regression_detected": 1.0,
    "stage_rollback_applied": 0.0,
    "stage_plateau_recovery_applied": 1.0,
    "num_episodes": 6,
    "success_rate": 0.1666666716337204,
    "collision_rate": 0.1666666716337204,
    "avg_episode_return": 13.785117149353027,
    "avg_path_length": 3.8667144775390625,
    "avg_episode_duration": 17.98333168029785,
    "avg_time_to_goal": 15.933333396911621,
    "avg_min_obstacle_distance": 0.9095544815063477,
    "avg_min_clearance": 0.5595545172691345,
    "avg_control_effort": 0.6562121510505676,
    "avg_path_efficiency": 0.1666666716337204,
    "avg_steps": 539.5,
    "best_episode_return": 157.4214630126953,
    "deterministic": 1.0,
    "seed_offset": 100000
  },
  "episodes": [
    {
      "episode_return": -36.399867928212814,
      "success": 0.0,
      "collision": 0.0,
      "min_obstacle_distance": 1.3021584749221802,
      "min_clearance": 0.9521584749221802,
      "path_length": 4.4862592687422875,
      "start_to_goal_distance": 5.67656946182251,
      "steps": 620.0,
      "control_effort": 0.6618435121351672,
      "episode_duration": 20.666666666666668,
      "time_to_goal": null
    },
    {
      "episode_return": -47.003564671691386,
      "success": 0.0,
      "collision": 1.0,
      "min_obstacle_distance": 0.347389817237854,
      "min_clearance": -0.002610182762145974,
      "path_length": 2.0023393282754114,
      "start_to_goal_distance": 3.87174391746521,
      "steps": 279.0,
      "control_effort": 0.6514321766446568,
      "episode_duration": 9.3,
      "time_to_goal": null
    },
    {
      "episode_return": 11.053579052945828,
      "success": 0.0,
      "collision": 0.0,
      "min_obstacle_distance": 1.2705409526824951,
      "min_clearance": 0.9205409526824951,
      "path_length": 4.493931886769133,
      "start_to_goal_distance": 4.218926906585693,
      "steps": 620.0,
      "control_effort": 0.659434407468765,
      "episode_duration": 20.666666666666668,
      "time_to_goal": null
    },
    {
      "episode_return": 157.42146413461063,
      "success": 1.0,
      "collision": 0.0,
      "min_obstacle_distance": 0.9225718975067139,
      "min_clearance": 0.5725718975067139,
      "path_length": 3.3872602588671725,
      "start_to_goal_distance": 3.8663716316223145,
      "steps": 478.0,
      "control_effort": 0.6527947729850913,
      "episode_duration": 15.933333333333334,
      "time_to_goal": 15.933333333333334
    },
    {
      "episode_return": 1.0667473920575716,
      "success": 0.0,
      "collision": 0.0,
      "min_obstacle_distance": 0.8645018339157104,
      "min_clearance": 0.5145018339157105,
      "path_length": 4.431870940039516,
      "start_to_goal_distance": 4.319121837615967,
      "steps": 620.0,
      "control_effort": 0.659106241406933,
      "episode_duration": 20.666666666666668,
      "time_to_goal": null
    },
    {
      "episode_return": -3.427665390373896,
      "success": 0.0,
      "collision": 0.0,
      "min_obstacle_distance": 0.7501640319824219,
      "min_clearance": 0.4001640319824219,
      "path_length": 4.398623889152077,
      "start_to_goal_distance": 5.195745468139648,
      "steps": 620.0,
      "control_effort": 0.6526615944600874,
      "episode_duration": 20.666666666666668,
      "time_to_goal": null
    }
  ]
}