{
  "summary": {
    "train_episode": 2680,
    "stage_index": 7,
    "stage_name": "target_default_intro",
    "stage_episode": 1920,
    "stage_eval_index": 112,
    "stage_target_hit": 0.0,
    "stage_success_streak": 0,
    "stage_best_success_rate": 0.5,
    "stage_best_collision_rate": 0.0,
    "stage_best_avg_return": 73.55451202392578,
    "stage_bad_eval_streak": 96,
    "stage_regression_active": 1.0,
    "stage_regression_bad_eval": 1.0,
    "stage_regression_absolute_drop": 0.5,
    "stage_regression_relative_drop": 1.0,
    "stage_regression_detected": 1.0,
    "stage_rollback_applied": 0.0,
    "stage_plateau_recovery_applied": 0.0,
    "num_episodes": 6,
    "success_rate": 0.0,
    "collision_rate": 0.0,
    "avg_episode_return": -83.06754302978516,
    "avg_path_length": 3.9596869945526123,
    "avg_episode_duration": 20.66666603088379,
    "avg_time_to_goal": 0.0,
    "avg_min_obstacle_distance": 1.0001310110092163,
    "avg_min_clearance": 0.6501309275627136,
    "avg_control_effort": 0.4643112123012543,
    "avg_path_efficiency": 0.0,
    "avg_steps": 620.0,
    "best_episode_return": -11.86953067779541,
    "deterministic": 1.0,
    "seed_offset": 100000
  },
  "episodes": [
    {
      "episode_return": -75.19691966826927,
      "success": 0.0,
      "collision": 0.0,
      "min_obstacle_distance": 1.790747046470642,
      "min_clearance": 1.440747046470642,
      "path_length": 2.4969815804338253,
      "start_to_goal_distance": 5.67656946182251,
      "steps": 620.0,
      "control_effort": 0.47361318670934244,
      "episode_duration": 20.666666666666668,
      "time_to_goal": null
    },
    {
      "episode_return": -80.8032537967361,
      "success": 0.0,
      "collision": 0.0,
      "min_obstacle_distance": 0.858787477016449,
      "min_clearance": 0.508787477016449,
      "path_length": 4.179217050492298,
      "start_to_goal_distance": 3.87174391746521,
      "steps": 620.0,
      "control_effort": 0.4468421764912144,
      "episode_duration": 20.666666666666668,
      "time_to_goal": null
    },
    {
      "episode_return": -94.06383293326107,
      "success": 0.0,
      "collision": 0.0,
      "min_obstacle_distance": 1.2203854322433472,
      "min_clearance": 0.8703854322433472,
      "path_length": 4.259421431983355,
      "start_to_goal_distance": 4.218926906585693,
      "steps": 620.0,
      "control_effort": 0.4690641629599756,
      "episode_duration": 20.666666666666668,
      "time_to_goal": null
    },
    {
      "episode_return": -69.7516110976169,
      "success": 0.0,
      "collision": 0.0,
      "min_obstacle_distance": 1.2684285640716553,
      "min_clearance": 0.9184285640716553,
      "path_length": 4.396863783418667,
      "start_to_goal_distance": 3.8663716316223145,
      "steps": 620.0,
      "control_effort": 0.47485092613966234,
      "episode_duration": 20.666666666666668,
      "time_to_goal": null
    },
    {
      "episode_return": -166.7200854727857,
      "success": 0.0,
      "collision": 0.0,
      "min_obstacle_distance": 0.3633630573749542,
      "min_clearance": 0.013363057374954246,
      "path_length": 4.207551500061527,
      "start_to_goal_distance": 4.319121837615967,
      "steps": 620.0,
      "control_effort": 0.4491983743444566,
      "episode_duration": 20.666666666666668,
      "time_to_goal": null
    },
    {
      "episode_return": -11.869530278828286,
      "success": 0.0,
      "collision": 0.0,
      "min_obstacle_distance": 0.4990740418434143,
      "min_clearance": 0.14907404184341433,
      "path_length": 4.218086070206482,
      "start_to_goal_distance": 5.195745468139648,
      "steps": 620.0,
      "control_effort": 0.47229861093144265,
      "episode_duration": 20.666666666666668,
      "time_to_goal": null
    }
  ]
}