{
  "episode_return": 142.2395546657533,
  "success": 1.0,
  "collision": 0.0,
  "min_obstacle_distance": 1.7372205257415771,
  "min_clearance": 1.387220525741577,
  "path_length": 2.2741480841941666,
  "start_to_goal_distance": 3.119013786315918,
  "steps": 275.0,
  "control_effort": 0.707042704929005,
  "episode_duration": 9.166666666666666,
  "time_to_goal": 9.166666666666666
}