{
  "summary": {
    "train_episode": 1620,
    "stage_index": 7,
    "stage_name": "target_default_intro",
    "stage_episode": 860,
    "stage_eval_index": 59,
    "stage_target_hit": 0.0,
    "stage_success_streak": 0,
    "stage_best_success_rate": 0.5,
    "stage_best_collision_rate": 0.0,
    "stage_best_avg_return": 73.55451202392578,
    "stage_bad_eval_streak": 43,
    "stage_regression_active": 1.0,
    "stage_regression_bad_eval": 1.0,
    "stage_regression_absolute_drop": 0.5,
    "stage_regression_relative_drop": 1.0,
    "stage_regression_detected": 1.0,
    "stage_rollback_applied": 0.0,
    "stage_plateau_recovery_applied": 0.0,
    "num_episodes": 6,
    "success_rate": 0.0,
    "collision_rate": 0.0,
    "avg_episode_return": -34.74235153198242,
    "avg_path_length": 4.267571926116943,
    "avg_episode_duration": 20.66666603088379,
    "avg_time_to_goal": 0.0,
    "avg_min_obstacle_distance": 0.73924320936203,
    "avg_min_clearance": 0.3892432153224945,
    "avg_control_effort": 0.5552418828010559,
    "avg_path_efficiency": 0.0,
    "avg_steps": 620.0,
    "best_episode_return": -4.892531871795654,
    "deterministic": 1.0,
    "seed_offset": 100000
  },
  "episodes": [
    {
      "episode_return": -55.08271154813814,
      "success": 0.0,
      "collision": 0.0,
      "min_obstacle_distance": 0.41418570280075073,
      "min_clearance": 0.06418570280075075,
      "path_length": 3.9168865225688947,
      "start_to_goal_distance": 5.67656946182251,
      "steps": 620.0,
      "control_effort": 0.5826411091512249,
      "episode_duration": 20.666666666666668,
      "time_to_goal": null
    },
    {
      "episode_return": -45.305427190561595,
      "success": 0.0,
      "collision": 0.0,
      "min_obstacle_distance": 0.5553684234619141,
      "min_clearance": 0.20536842346191408,
      "path_length": 4.599802545313651,
      "start_to_goal_distance": 3.87174391746521,
      "steps": 620.0,
      "control_effort": 0.5251850342077594,
      "episode_duration": 20.666666666666668,
      "time_to_goal": null
    },
    {
      "episode_return": -35.184447521837455,
      "success": 0.0,
      "collision": 0.0,
      "min_obstacle_distance": 1.0960365533828735,
      "min_clearance": 0.7460365533828736,
      "path_length": 4.41882460215129,
      "start_to_goal_distance": 4.218926906585693,
      "steps": 620.0,
      "control_effort": 0.5740096472924755,
      "episode_duration": 20.666666666666668,
      "time_to_goal": null
    },
    {
      "episode_return": -4.89253205812264,
      "success": 0.0,
      "collision": 0.0,
      "min_obstacle_distance": 1.1711598634719849,
      "min_clearance": 0.8211598634719849,
      "path_length": 4.499403467401862,
      "start_to_goal_distance": 3.8663716316223145,
      "steps": 620.0,
      "control_effort": 0.5676650201601366,
      "episode_duration": 20.666666666666668,
      "time_to_goal": null
    },
    {
      "episode_return": -50.086384925831986,
      "success": 0.0,
      "collision": 0.0,
      "min_obstacle_distance": 0.6451881527900696,
      "min_clearance": 0.2951881527900696,
      "path_length": 3.6514922044967477,
      "start_to_goal_distance": 4.319121837615967,
      "steps": 620.0,
      "control_effort": 0.5405272317509497,
      "episode_duration": 20.666666666666668,
      "time_to_goal": null
    },
    {
      "episode_return": -17.902610519198113,
      "success": 0.0,
      "collision": 0.0,
      "min_obstacle_distance": 0.5535205006599426,
      "min_clearance": 0.20352050065994265,
      "path_length": 4.519019410305191,
      "start_to_goal_distance": 5.195745468139648,
      "steps": 620.0,
      "control_effort": 0.5414234060914286,
      "episode_duration": 20.666666666666668,
      "time_to_goal": null
    }
  ]
}