{
  "episode_return": 11.6426522935827,
  "success": 0.0,
  "collision": 0.0,
  "min_obstacle_distance": 0.7501384019851685,
  "min_clearance": 0.4001384019851685,
  "path_length": 4.483577122387942,
  "start_to_goal_distance": 5.195745468139648,
  "steps": 620.0,
  "control_effort": 0.603367398054369,
  "episode_duration": 20.666666666666668,
  "time_to_goal": null
}