{
  "episode_return": -6.649298011556127,
  "success": 0.0,
  "collision": 0.0,
  "min_obstacle_distance": 0.6229992508888245,
  "min_clearance": 0.2729992508888245,
  "path_length": 4.232026727171615,
  "start_to_goal_distance": 5.195745468139648,
  "steps": 620.0,
  "control_effort": 0.4726490302431968,
  "episode_duration": 20.666666666666668,
  "time_to_goal": null
}