{
  "summary": {
    "train_episode": 60,
    "stage_index": 1,
    "stage_name": "corridor_dash",
    "stage_episode": 40,
    "stage_eval_index": 2,
    "stage_target_hit": 1.0,
    "stage_success_streak": 1,
    "stage_best_success_rate": 1.0,
    "stage_best_collision_rate": 0.0,
    "stage_best_avg_return": 86.31423950195312,
    "stage_bad_eval_streak": 0,
    "stage_regression_active": 1.0,
    "stage_regression_bad_eval": 0.0,
    "stage_regression_absolute_drop": 0.0,
    "stage_regression_relative_drop": 0.0,
    "stage_regression_detected": 0.0,
    "stage_rollback_applied": 0.0,
    "stage_plateau_recovery_applied": 0.0,
    "num_episodes": 6,
    "success_rate": 1.0,
    "collision_rate": 0.0,
    "avg_episode_return": 86.31423950195312,
    "avg_path_length": 0.5091805458068848,
    "avg_episode_duration": 2.3388888835906982,
    "avg_time_to_goal": 2.3388888835906982,
    "avg_min_obstacle_distance": 3.197803497314453,
    "avg_min_clearance": 2.8478033542633057,
    "avg_control_effort": 0.6803340911865234,
    "avg_path_efficiency": 1.0,
    "avg_steps": 70.16666412353516,
    "best_episode_return": 90.42267608642578,
    "deterministic": 1.0,
    "seed_offset": 100000
  },
  "episodes": [
    {
      "episode_return": 90.42267365232894,
      "success": 1.0,
      "collision": 0.0,
      "min_obstacle_distance": 3.1890575885772705,
      "min_clearance": 2.8390575885772704,
      "path_length": 0.6800840459509345,
      "start_to_goal_distance": 1.7638744115829468,
      "steps": 88.0,
      "control_effort": 0.6803342611952261,
      "episode_duration": 2.933333333333333,
      "time_to_goal": 2.933333333333333
    },
    {
      "episode_return": 79.8943608807465,
      "success": 1.0,
      "collision": 0.0,
      "min_obstacle_distance": 3.6219136714935303,
      "min_clearance": 3.27191367149353,
      "path_length": 0.27839861704342184,
      "start_to_goal_distance": 1.3737833499908447,
      "steps": 43.0,
      "control_effort": 0.6803342797035394,
      "episode_duration": 1.4333333333333333,
      "time_to_goal": 1.4333333333333333
    },
    {
      "episode_return": 88.04080213406549,
      "success": 1.0,
      "collision": 0.0,
      "min_obstacle_distance": 3.5016441345214844,
      "min_clearance": 3.1516441345214843,
      "path_length": 0.5001176137520815,
      "start_to_goal_distance": 1.5775760412216187,
      "steps": 64.0,
      "control_effort": 0.680334803648293,
      "episode_duration": 2.1333333333333333,
      "time_to_goal": 2.1333333333333333
    },
    {
      "episode_return": 79.11473500607843,
      "success": 1.0,
      "collision": 0.0,
      "min_obstacle_distance": 2.3767735958099365,
      "min_clearance": 2.0267735958099364,
      "path_length": 0.2585550827207044,
      "start_to_goal_distance": 1.3524121046066284,
      "steps": 41.0,
      "control_effort": 0.6803328569342451,
      "episode_duration": 1.3666666666666667,
      "time_to_goal": 1.3666666666666667
    },
    {
      "episode_return": 90.1355029356599,
      "success": 1.0,
      "collision": 0.0,
      "min_obstacle_distance": 3.288210391998291,
      "min_clearance": 2.938210391998291,
      "path_length": 0.6652634433012281,
      "start_to_goal_distance": 1.7396578788757324,
      "steps": 96.0,
      "control_effort": 0.6803342712422212,
      "episode_duration": 3.2,
      "time_to_goal": 3.2
    },
    {
      "episode_return": 90.27736684452195,
      "success": 1.0,
      "collision": 0.0,
      "min_obstacle_distance": 3.2092208862304688,
      "min_clearance": 2.8592208862304687,
      "path_length": 0.6726646860479377,
      "start_to_goal_distance": 1.7545193433761597,
      "steps": 89.0,
      "control_effort": 0.6803342686610275,
      "episode_duration": 2.966666666666667,
      "time_to_goal": 2.966666666666667
    }
  ]
}