{
  "episode_return": 10.974791476955033,
  "success": 0.0,
  "collision": 0.0,
  "min_obstacle_distance": 0.9738988280296326,
  "min_clearance": 0.6238988280296326,
  "path_length": 4.469963373470819,
  "start_to_goal_distance": 3.8663716316223145,
  "steps": 620.0,
  "control_effort": 0.6412138427457502,
  "episode_duration": 20.666666666666668,
  "time_to_goal": null
}