{
  "episode_return": -35.12124982364678,
  "success": 0.0,
  "collision": 0.0,
  "min_obstacle_distance": 0.8022814989089966,
  "min_clearance": 0.4522814989089966,
  "path_length": 4.08538246806711,
  "start_to_goal_distance": 5.195745468139648,
  "steps": 620.0,
  "control_effort": 0.4887580954259442,
  "episode_duration": 20.666666666666668,
  "time_to_goal": null
}