{
  "summary": {
    "train_episode": 3060,
    "stage_index": 7,
    "stage_name": "target_default_intro",
    "stage_episode": 2300,
    "stage_eval_index": 131,
    "stage_target_hit": 0.0,
    "stage_success_streak": 0,
    "stage_best_success_rate": 0.5,
    "stage_best_collision_rate": 0.0,
    "stage_best_avg_return": 73.55451202392578,
    "stage_bad_eval_streak": 115,
    "stage_regression_active": 1.0,
    "stage_regression_bad_eval": 1.0,
    "stage_regression_absolute_drop": 0.5,
    "stage_regression_relative_drop": 1.0,
    "stage_regression_detected": 1.0,
    "stage_rollback_applied": 0.0,
    "stage_plateau_recovery_applied": 0.0,
    "num_episodes": 6,
    "success_rate": 0.0,
    "collision_rate": 0.0,
    "avg_episode_return": -103.11612701416016,
    "avg_path_length": 3.316122055053711,
    "avg_episode_duration": 20.66666603088379,
    "avg_time_to_goal": 0.0,
    "avg_min_obstacle_distance": 0.9712509512901306,
    "avg_min_clearance": 0.6212509870529175,
    "avg_control_effort": 0.5410833954811096,
    "avg_path_efficiency": 0.0,
    "avg_steps": 620.0,
    "best_episode_return": -8.866570472717285,
    "deterministic": 1.0,
    "seed_offset": 100000
  },
  "episodes": [
    {
      "episode_return": -127.75528518914837,
      "success": 0.0,
      "collision": 0.0,
      "min_obstacle_distance": 1.9107813835144043,
      "min_clearance": 1.5607813835144042,
      "path_length": 1.5886246370448873,
      "start_to_goal_distance": 5.67656946182251,
      "steps": 620.0,
      "control_effort": 0.567644311535743,
      "episode_duration": 20.666666666666668,
      "time_to_goal": null
    },
    {
      "episode_return": -114.1906917036876,
      "success": 0.0,
      "collision": 0.0,
      "min_obstacle_distance": 0.6968579888343811,
      "min_clearance": 0.3468579888343811,
      "path_length": 3.739605065610604,
      "start_to_goal_distance": 3.87174391746521,
      "steps": 620.0,
      "control_effort": 0.5400547639016182,
      "episode_duration": 20.666666666666668,
      "time_to_goal": null
    },
    {
      "episode_return": -114.79727485549276,
      "success": 0.0,
      "collision": 0.0,
      "min_obstacle_distance": 1.3660107851028442,
      "min_clearance": 1.0160107851028441,
      "path_length": 2.9667493261774354,
      "start_to_goal_distance": 4.218926906585693,
      "steps": 620.0,
      "control_effort": 0.5487579188039226,
      "episode_duration": 20.666666666666668,
      "time_to_goal": null
    },
    {
      "episode_return": -124.57513866825717,
      "success": 0.0,
      "collision": 0.0,
      "min_obstacle_distance": 0.5446237921714783,
      "min_clearance": 0.1946237921714783,
      "path_length": 4.450369651800429,
      "start_to_goal_distance": 3.8663716316223145,
      "steps": 620.0,
      "control_effort": 0.5174266630122738,
      "episode_duration": 20.666666666666668,
      "time_to_goal": null
    },
    {
      "episode_return": -128.51179506005667,
      "success": 0.0,
      "collision": 0.0,
      "min_obstacle_distance": 0.680999755859375,
      "min_clearance": 0.330999755859375,
      "path_length": 2.7568206117749696,
      "start_to_goal_distance": 4.319121837615967,
      "steps": 620.0,
      "control_effort": 0.5299623150498637,
      "episode_duration": 20.666666666666668,
      "time_to_goal": null
    },
    {
      "episode_return": -8.866570586430825,
      "success": 0.0,
      "collision": 0.0,
      "min_obstacle_distance": 0.6282321810722351,
      "min_clearance": 0.27823218107223513,
      "path_length": 4.39456316671567,
      "start_to_goal_distance": 5.195745468139648,
      "steps": 620.0,
      "control_effort": 0.5426544119273463,
      "episode_duration": 20.666666666666668,
      "time_to_goal": null
    }
  ]
}