{
  "summary": {
    "train_episode": 2420,
    "stage_index": 7,
    "stage_name": "target_default_intro",
    "stage_episode": 1660,
    "stage_eval_index": 99,
    "stage_target_hit": 0.0,
    "stage_success_streak": 0,
    "stage_best_success_rate": 0.5,
    "stage_best_collision_rate": 0.0,
    "stage_best_avg_return": 73.55451202392578,
    "stage_bad_eval_streak": 83,
    "stage_regression_active": 1.0,
    "stage_regression_bad_eval": 1.0,
    "stage_regression_absolute_drop": 0.5,
    "stage_regression_relative_drop": 1.0,
    "stage_regression_detected": 1.0,
    "stage_rollback_applied": 0.0,
    "stage_plateau_recovery_applied": 0.0,
    "num_episodes": 6,
    "success_rate": 0.0,
    "collision_rate": 0.1666666716337204,
    "avg_episode_return": -54.94236755371094,
    "avg_path_length": 3.65202260017395,
    "avg_episode_duration": 17.822221755981445,
    "avg_time_to_goal": 0.0,
    "avg_min_obstacle_distance": 0.9164223670959473,
    "avg_min_clearance": 0.5664224028587341,
    "avg_control_effort": 0.5046015381813049,
    "avg_path_efficiency": 0.0,
    "avg_steps": 534.6666870117188,
    "best_episode_return": -16.684892654418945,
    "deterministic": 1.0,
    "seed_offset": 100000
  },
  "episodes": [
    {
      "episode_return": -85.09099219836978,
      "success": 0.0,
      "collision": 0.0,
      "min_obstacle_distance": 1.5791436433792114,
      "min_clearance": 1.2291436433792113,
      "path_length": 3.7126721397275446,
      "start_to_goal_distance": 5.67656946182251,
      "steps": 620.0,
      "control_effort": 0.5140088264499941,
      "episode_duration": 20.666666666666668,
      "time_to_goal": null
    },
    {
      "episode_return": -63.794470105610785,
      "success": 0.0,
      "collision": 0.0,
      "min_obstacle_distance": 0.5544962286949158,
      "min_clearance": 0.2044962286949158,
      "path_length": 4.270393478102051,
      "start_to_goal_distance": 3.87174391746521,
      "steps": 620.0,
      "control_effort": 0.4859438805330184,
      "episode_duration": 20.666666666666668,
      "time_to_goal": null
    },
    {
      "episode_return": -78.78396202390398,
      "success": 0.0,
      "collision": 0.0,
      "min_obstacle_distance": 1.0141459703445435,
      "min_clearance": 0.6641459703445435,
      "path_length": 4.565916005289182,
      "start_to_goal_distance": 4.218926906585693,
      "steps": 620.0,
      "control_effort": 0.5327877189363203,
      "episode_duration": 20.666666666666668,
      "time_to_goal": null
    },
    {
      "episode_return": -40.652406510412646,
      "success": 0.0,
      "collision": 0.0,
      "min_obstacle_distance": 1.3191486597061157,
      "min_clearance": 0.9691486597061157,
      "path_length": 4.494814140838571,
      "start_to_goal_distance": 3.8663716316223145,
      "steps": 620.0,
      "control_effort": 0.528247395157814,
      "episode_duration": 20.666666666666668,
      "time_to_goal": null
    },
    {
      "episode_return": -44.64744530889991,
      "success": 0.0,
      "collision": 1.0,
      "min_obstacle_distance": 0.3494376540184021,
      "min_clearance": -0.0005623459815978782,
      "path_length": 0.6886109410552308,
      "start_to_goal_distance": 4.319121837615967,
      "steps": 108.0,
      "control_effort": 0.4695367940046169,
      "episode_duration": 3.6,
      "time_to_goal": null
    },
    {
      "episode_return": -16.684893024221992,
      "success": 0.0,
      "collision": 0.0,
      "min_obstacle_distance": 0.6821624636650085,
      "min_clearance": 0.33216246366500857,
      "path_length": 4.1797297121956944,
      "start_to_goal_distance": 5.195745468139648,
      "steps": 620.0,
      "control_effort": 0.49708481128177334,
      "episode_duration": 20.666666666666668,
      "time_to_goal": null
    }
  ]
}