{
  "summary": {
    "train_episode": 820,
    "stage_index": 7,
    "stage_name": "target_default_intro",
    "stage_episode": 60,
    "stage_eval_index": 19,
    "stage_target_hit": 0.0,
    "stage_success_streak": 0,
    "stage_best_success_rate": 0.5,
    "stage_best_collision_rate": 0.0,
    "stage_best_avg_return": 73.55451202392578,
    "stage_bad_eval_streak": 3,
    "stage_regression_active": 1.0,
    "stage_regression_bad_eval": 1.0,
    "stage_regression_absolute_drop": 0.5,
    "stage_regression_relative_drop": 1.0,
    "stage_regression_detected": 1.0,
    "stage_rollback_applied": 0.0,
    "stage_plateau_recovery_applied": 0.0,
    "num_episodes": 6,
    "success_rate": 0.0,
    "collision_rate": 0.1666666716337204,
    "avg_episode_return": -6.457325458526611,
    "avg_path_length": 4.016502857208252,
    "avg_episode_duration": 18.494443893432617,
    "avg_time_to_goal": 0.0,
    "avg_min_obstacle_distance": 0.737354576587677,
    "avg_min_clearance": 0.3873545825481415,
    "avg_control_effort": 0.6408217549324036,
    "avg_path_efficiency": 0.0,
    "avg_steps": 554.8333129882812,
    "best_episode_return": 35.24431228637695,
    "deterministic": 1.0,
    "seed_offset": 100000
  },
  "episodes": [
    {
      "episode_return": -26.93007756728542,
      "success": 0.0,
      "collision": 0.0,
      "min_obstacle_distance": 1.0147044658660889,
      "min_clearance": 0.6647044658660889,
      "path_length": 4.516656654956023,
      "start_to_goal_distance": 5.67656946182251,
      "steps": 620.0,
      "control_effort": 0.6543387015019694,
      "episode_duration": 20.666666666666668,
      "time_to_goal": null
    },
    {
      "episode_return": -26.860363073760468,
      "success": 0.0,
      "collision": 1.0,
      "min_obstacle_distance": 0.3467629551887512,
      "min_clearance": -0.003237044811248757,
      "path_length": 1.6246425022764015,
      "start_to_goal_distance": 3.87174391746521,
      "steps": 229.0,
      "control_effort": 0.635061288244339,
      "episode_duration": 7.633333333333334,
      "time_to_goal": null
    },
    {
      "episode_return": -13.030721162634777,
      "success": 0.0,
      "collision": 0.0,
      "min_obstacle_distance": 0.8308945894241333,
      "min_clearance": 0.4808945894241333,
      "path_length": 4.511298209494271,
      "start_to_goal_distance": 4.218926906585693,
      "steps": 620.0,
      "control_effort": 0.640842598772818,
      "episode_duration": 20.666666666666668,
      "time_to_goal": null
    },
    {
      "episode_return": -11.038909302262518,
      "success": 0.0,
      "collision": 0.0,
      "min_obstacle_distance": 0.9254324436187744,
      "min_clearance": 0.5754324436187744,
      "path_length": 4.469275258103153,
      "start_to_goal_distance": 3.8663716316223145,
      "steps": 620.0,
      "control_effort": 0.6361991891937872,
      "episode_duration": 20.666666666666668,
      "time_to_goal": null
    },
    {
      "episode_return": 3.871814020083157,
      "success": 0.0,
      "collision": 0.0,
      "min_obstacle_distance": 0.7707981467247009,
      "min_clearance": 0.42079814672470095,
      "path_length": 4.413846670820931,
      "start_to_goal_distance": 4.319121837615967,
      "steps": 620.0,
      "control_effort": 0.6502016878897144,
      "episode_duration": 20.666666666666668,
      "time_to_goal": null
    },
    {
      "episode_return": 35.244311784120676,
      "success": 0.0,
      "collision": 0.0,
      "min_obstacle_distance": 0.5355348587036133,
      "min_clearance": 0.1855348587036133,
      "path_length": 4.563298690773081,
      "start_to_goal_distance": 5.195745468139648,
      "steps": 620.0,
      "control_effort": 0.6282873231557108,
      "episode_duration": 20.666666666666668,
      "time_to_goal": null
    }
  ]
}