{
  "episode_return": 10.701861390758538,
  "success": 0.0,
  "collision": 0.0,
  "min_obstacle_distance": 1.2457349300384521,
  "min_clearance": 0.8957349300384522,
  "path_length": 4.453804143704474,
  "start_to_goal_distance": 3.8663716316223145,
  "steps": 620.0,
  "control_effort": 0.571657366906443,
  "episode_duration": 20.666666666666668,
  "time_to_goal": null
}