{
  "episode_return": 156.98769288077216,
  "success": 1.0,
  "collision": 0.0,
  "min_obstacle_distance": 0.9204620122909546,
  "min_clearance": 0.5704620122909546,
  "path_length": 3.552221004094463,
  "start_to_goal_distance": 3.8663716316223145,
  "steps": 503.0,
  "control_effort": 0.6107870525204637,
  "episode_duration": 16.766666666666666,
  "time_to_goal": 16.766666666666666
}