{
  "episode_return": 1.0270175696590655,
  "success": 0.0,
  "collision": 0.0,
  "min_obstacle_distance": 0.48649969696998596,
  "min_clearance": 0.13649969696998598,
  "path_length": 4.1292996856500395,
  "start_to_goal_distance": 5.195745468139648,
  "steps": 620.0,
  "control_effort": 0.5026716302479467,
  "episode_duration": 20.666666666666668,
  "time_to_goal": null
}