{
  "episode_return": -10.441625777984434,
  "success": 0.0,
  "collision": 0.0,
  "min_obstacle_distance": 0.7103627920150757,
  "min_clearance": 0.3603627920150757,
  "path_length": 4.389878899033647,
  "start_to_goal_distance": 5.195745468139648,
  "steps": 620.0,
  "control_effort": 0.51561545152818,
  "episode_duration": 20.666666666666668,
  "time_to_goal": null
}