{
  "summary": {
    "train_episode": 1860,
    "stage_index": 7,
    "stage_name": "target_default_intro",
    "stage_episode": 1100,
    "stage_eval_index": 71,
    "stage_target_hit": 0.0,
    "stage_success_streak": 0,
    "stage_best_success_rate": 0.5,
    "stage_best_collision_rate": 0.0,
    "stage_best_avg_return": 73.55451202392578,
    "stage_bad_eval_streak": 55,
    "stage_regression_active": 1.0,
    "stage_regression_bad_eval": 1.0,
    "stage_regression_absolute_drop": 0.5,
    "stage_regression_relative_drop": 1.0,
    "stage_regression_detected": 1.0,
    "stage_rollback_applied": 0.0,
    "stage_plateau_recovery_applied": 0.0,
    "num_episodes": 6,
    "success_rate": 0.0,
    "collision_rate": 0.0,
    "avg_episode_return": -23.807661056518555,
    "avg_path_length": 4.359902858734131,
    "avg_episode_duration": 20.66666603088379,
    "avg_time_to_goal": 0.0,
    "avg_min_obstacle_distance": 0.7072975635528564,
    "avg_min_clearance": 0.35729753971099854,
    "avg_control_effort": 0.5352680087089539,
    "avg_path_efficiency": 0.0,
    "avg_steps": 620.0,
    "best_episode_return": -5.756512641906738,
    "deterministic": 1.0,
    "seed_offset": 100000
  },
  "episodes": [
    {
      "episode_return": -19.31913211528652,
      "success": 0.0,
      "collision": 0.0,
      "min_obstacle_distance": 0.6868301033973694,
      "min_clearance": 0.3368301033973694,
      "path_length": 4.342829732049722,
      "start_to_goal_distance": 5.67656946182251,
      "steps": 620.0,
      "control_effort": 0.5492920310266556,
      "episode_duration": 20.666666666666668,
      "time_to_goal": null
    },
    {
      "episode_return": -18.7885362860944,
      "success": 0.0,
      "collision": 0.0,
      "min_obstacle_distance": 0.7023757100105286,
      "min_clearance": 0.3523757100105286,
      "path_length": 4.402488480962347,
      "start_to_goal_distance": 3.87174391746521,
      "steps": 620.0,
      "control_effort": 0.51296215086214,
      "episode_duration": 20.666666666666668,
      "time_to_goal": null
    },
    {
      "episode_return": -26.311396545594544,
      "success": 0.0,
      "collision": 0.0,
      "min_obstacle_distance": 0.7698960304260254,
      "min_clearance": 0.4198960304260254,
      "path_length": 4.347798845847137,
      "start_to_goal_distance": 4.218926906585693,
      "steps": 620.0,
      "control_effort": 0.5550473733294394,
      "episode_duration": 20.666666666666668,
      "time_to_goal": null
    },
    {
      "episode_return": -5.756512552750237,
      "success": 0.0,
      "collision": 0.0,
      "min_obstacle_distance": 1.0728611946105957,
      "min_clearance": 0.7228611946105957,
      "path_length": 4.435116975393612,
      "start_to_goal_distance": 3.8663716316223145,
      "steps": 620.0,
      "control_effort": 0.5488897414938096,
      "episode_duration": 20.666666666666668,
      "time_to_goal": null
    },
    {
      "episode_return": -60.86617529092298,
      "success": 0.0,
      "collision": 0.0,
      "min_obstacle_distance": 0.44310328364372253,
      "min_clearance": 0.09310328364372256,
      "path_length": 4.341529483848717,
      "start_to_goal_distance": 4.319121837615967,
      "steps": 620.0,
      "control_effort": 0.5284979125184398,
      "episode_duration": 20.666666666666668,
      "time_to_goal": null
    },
    {
      "episode_return": -11.80422008567757,
      "success": 0.0,
      "collision": 0.0,
      "min_obstacle_distance": 0.5687187910079956,
      "min_clearance": 0.21871879100799563,
      "path_length": 4.289655850210693,
      "start_to_goal_distance": 5.195745468139648,
      "steps": 620.0,
      "control_effort": 0.5169187865910991,
      "episode_duration": 20.666666666666668,
      "time_to_goal": null
    }
  ]
}