{
  "episode_return": -0.826035934827523,
  "success": 0.0,
  "collision": 0.0,
  "min_obstacle_distance": 0.6226450800895691,
  "min_clearance": 0.2726450800895691,
  "path_length": 4.3448857616167516,
  "start_to_goal_distance": 5.195745468139648,
  "steps": 620.0,
  "control_effort": 0.48347241945805086,
  "episode_duration": 20.666666666666668,
  "time_to_goal": null
}