{
  "episode_return": 27.175636800077875,
  "success": 0.0,
  "collision": 0.0,
  "min_obstacle_distance": 0.8339558243751526,
  "min_clearance": 0.4839558243751526,
  "path_length": 4.44460084012826,
  "start_to_goal_distance": 5.195745468139648,
  "steps": 620.0,
  "control_effort": 0.6414379329450669,
  "episode_duration": 20.666666666666668,
  "time_to_goal": null
}