{
  "summary": {
    "train_episode": 2920,
    "stage_index": 7,
    "stage_name": "target_default_intro",
    "stage_episode": 2160,
    "stage_eval_index": 124,
    "stage_target_hit": 0.0,
    "stage_success_streak": 0,
    "stage_best_success_rate": 0.5,
    "stage_best_collision_rate": 0.0,
    "stage_best_avg_return": 73.55451202392578,
    "stage_bad_eval_streak": 108,
    "stage_regression_active": 1.0,
    "stage_regression_bad_eval": 1.0,
    "stage_regression_absolute_drop": 0.5,
    "stage_regression_relative_drop": 1.0,
    "stage_regression_detected": 1.0,
    "stage_rollback_applied": 0.0,
    "stage_plateau_recovery_applied": 0.0,
    "num_episodes": 6,
    "success_rate": 0.0,
    "collision_rate": 0.1666666716337204,
    "avg_episode_return": -75.40034484863281,
    "avg_path_length": 3.342315673828125,
    "avg_episode_duration": 17.75555419921875,
    "avg_time_to_goal": 0.0,
    "avg_min_obstacle_distance": 0.9676868319511414,
    "avg_min_clearance": 0.6176868081092834,
    "avg_control_effort": 0.5023568272590637,
    "avg_path_efficiency": 0.0,
    "avg_steps": 532.6666870117188,
    "best_episode_return": 10.038237571716309,
    "deterministic": 1.0,
    "seed_offset": 100000
  },
  "episodes": [
    {
      "episode_return": -110.12388272714844,
      "success": 0.0,
      "collision": 0.0,
      "min_obstacle_distance": 1.90282142162323,
      "min_clearance": 1.55282142162323,
      "path_length": 2.3013418902602325,
      "start_to_goal_distance": 5.67656946182251,
      "steps": 620.0,
      "control_effort": 0.5614804456310888,
      "episode_duration": 20.666666666666668,
      "time_to_goal": null
    },
    {
      "episode_return": -103.58301618202887,
      "success": 0.0,
      "collision": 0.0,
      "min_obstacle_distance": 0.5767003893852234,
      "min_clearance": 0.2267003893852234,
      "path_length": 4.400514339155052,
      "start_to_goal_distance": 3.87174391746521,
      "steps": 620.0,
      "control_effort": 0.5021911897966939,
      "episode_duration": 20.666666666666668,
      "time_to_goal": null
    },
    {
      "episode_return": -116.66958163033294,
      "success": 0.0,
      "collision": 0.0,
      "min_obstacle_distance": 1.2294695377349854,
      "min_clearance": 0.8794695377349854,
      "path_length": 4.3337140693329275,
      "start_to_goal_distance": 4.218926906585693,
      "steps": 620.0,
      "control_effort": 0.5215483278036117,
      "episode_duration": 20.666666666666668,
      "time_to_goal": null
    },
    {
      "episode_return": -74.02875778757173,
      "success": 0.0,
      "collision": 0.0,
      "min_obstacle_distance": 1.1688226461410522,
      "min_clearance": 0.8188226461410523,
      "path_length": 4.3122774114017375,
      "start_to_goal_distance": 3.8663716316223145,
      "steps": 620.0,
      "control_effort": 0.5158223919810787,
      "episode_duration": 20.666666666666668,
      "time_to_goal": null
    },
    {
      "episode_return": -58.035064840659004,
      "success": 0.0,
      "collision": 1.0,
      "min_obstacle_distance": 0.3491453230381012,
      "min_clearance": -0.0008546769618987815,
      "path_length": 0.6051397853880189,
      "start_to_goal_distance": 4.319121837615967,
      "steps": 96.0,
      "control_effort": 0.42756158982714015,
      "episode_duration": 3.2,
      "time_to_goal": null
    },
    {
      "episode_return": 10.038237307484906,
      "success": 0.0,
      "collision": 0.0,
      "min_obstacle_distance": 0.5791614055633545,
      "min_clearance": 0.22916140556335451,
      "path_length": 4.100907698099036,
      "start_to_goal_distance": 5.195745468139648,
      "steps": 620.0,
      "control_effort": 0.4855369625553008,
      "episode_duration": 20.666666666666668,
      "time_to_goal": null
    }
  ]
}