{
  "summary": {
    "train_episode": 2540,
    "stage_index": 7,
    "stage_name": "target_default_intro",
    "stage_episode": 1780,
    "stage_eval_index": 105,
    "stage_target_hit": 0.0,
    "stage_success_streak": 0,
    "stage_best_success_rate": 0.5,
    "stage_best_collision_rate": 0.0,
    "stage_best_avg_return": 73.55451202392578,
    "stage_bad_eval_streak": 89,
    "stage_regression_active": 1.0,
    "stage_regression_bad_eval": 1.0,
    "stage_regression_absolute_drop": 0.5,
    "stage_regression_relative_drop": 1.0,
    "stage_regression_detected": 1.0,
    "stage_rollback_applied": 0.0,
    "stage_plateau_recovery_applied": 0.0,
    "num_episodes": 6,
    "success_rate": 0.0,
    "collision_rate": 0.1666666716337204,
    "avg_episode_return": -54.841861724853516,
    "avg_path_length": 3.7339658737182617,
    "avg_episode_duration": 17.94999885559082,
    "avg_time_to_goal": 0.0,
    "avg_min_obstacle_distance": 0.9951245784759521,
    "avg_min_clearance": 0.6451245546340942,
    "avg_control_effort": 0.4913881719112396,
    "avg_path_efficiency": 0.0,
    "avg_steps": 538.5,
    "best_episode_return": -22.78060531616211,
    "deterministic": 1.0,
    "seed_offset": 100000
  },
  "episodes": [
    {
      "episode_return": -86.11966015934314,
      "success": 0.0,
      "collision": 0.0,
      "min_obstacle_distance": 1.3730546236038208,
      "min_clearance": 1.0230546236038207,
      "path_length": 4.354781570844352,
      "start_to_goal_distance": 5.67656946182251,
      "steps": 620.0,
      "control_effort": 0.49480500384684534,
      "episode_duration": 20.666666666666668,
      "time_to_goal": null
    },
    {
      "episode_return": -62.90572788566905,
      "success": 0.0,
      "collision": 0.0,
      "min_obstacle_distance": 0.9806313514709473,
      "min_clearance": 0.6306313514709473,
      "path_length": 4.345177467213944,
      "start_to_goal_distance": 3.87174391746521,
      "steps": 620.0,
      "control_effort": 0.4721222582363313,
      "episode_duration": 20.666666666666668,
      "time_to_goal": null
    },
    {
      "episode_return": -72.79214977034475,
      "success": 0.0,
      "collision": 0.0,
      "min_obstacle_distance": 1.1247097253799438,
      "min_clearance": 0.7747097253799439,
      "path_length": 4.418987985467538,
      "start_to_goal_distance": 4.218926906585693,
      "steps": 620.0,
      "control_effort": 0.50428205310337,
      "episode_duration": 20.666666666666668,
      "time_to_goal": null
    },
    {
      "episode_return": -33.34062660612152,
      "success": 0.0,
      "collision": 0.0,
      "min_obstacle_distance": 1.354033350944519,
      "min_clearance": 1.004033350944519,
      "path_length": 4.225147157092579,
      "start_to_goal_distance": 3.8663716316223145,
      "steps": 620.0,
      "control_effort": 0.5141163498643906,
      "episode_duration": 20.666666666666668,
      "time_to_goal": null
    },
    {
      "episode_return": -51.11239836084083,
      "success": 0.0,
      "collision": 1.0,
      "min_obstacle_distance": 0.3498266935348511,
      "min_clearance": -0.00017330646514890358,
      "path_length": 0.812871708185412,
      "start_to_goal_distance": 4.319121837615967,
      "steps": 131.0,
      "control_effort": 0.472499820794768,
      "episode_duration": 4.366666666666666,
      "time_to_goal": null
    },
    {
      "episode_return": -22.780605073735945,
      "success": 0.0,
      "collision": 0.0,
      "min_obstacle_distance": 0.7884916663169861,
      "min_clearance": 0.4384916663169861,
      "path_length": 4.2468301221961156,
      "start_to_goal_distance": 5.195745468139648,
      "steps": 620.0,
      "control_effort": 0.4905036460968756,
      "episode_duration": 20.666666666666668,
      "time_to_goal": null
    }
  ]
}