{
  "episode_return": 142.09816654306164,
  "success": 1.0,
  "collision": 0.0,
  "min_obstacle_distance": 3.023921251296997,
  "min_clearance": 2.673921251296997,
  "path_length": 2.2450281148630893,
  "start_to_goal_distance": 3.106799364089966,
  "steps": 271.0,
  "control_effort": 0.7063699954110318,
  "episode_duration": 9.033333333333333,
  "time_to_goal": 9.033333333333333
}