{
  "summary": {
    "train_episode": 1300,
    "stage_index": 7,
    "stage_name": "target_default_intro",
    "stage_episode": 540,
    "stage_eval_index": 43,
    "stage_target_hit": 0.0,
    "stage_success_streak": 0,
    "stage_best_success_rate": 0.5,
    "stage_best_collision_rate": 0.0,
    "stage_best_avg_return": 73.55451202392578,
    "stage_bad_eval_streak": 27,
    "stage_regression_active": 1.0,
    "stage_regression_bad_eval": 1.0,
    "stage_regression_absolute_drop": 0.5,
    "stage_regression_relative_drop": 1.0,
    "stage_regression_detected": 1.0,
    "stage_rollback_applied": 0.0,
    "stage_plateau_recovery_applied": 0.0,
    "num_episodes": 6,
    "success_rate": 0.0,
    "collision_rate": 0.5,
    "avg_episode_return": -25.52001953125,
    "avg_path_length": 3.0892410278320312,
    "avg_episode_duration": 17.91666603088379,
    "avg_time_to_goal": 0.0,
    "avg_min_obstacle_distance": 0.7600922584533691,
    "avg_min_clearance": 0.4100922644138336,
    "avg_control_effort": 0.576278805732727,
    "avg_path_efficiency": 0.0,
    "avg_steps": 537.5,
    "best_episode_return": -9.144073486328125,
    "deterministic": 1.0,
    "seed_offset": 100000
  },
  "episodes": [
    {
      "episode_return": -26.511956720275176,
      "success": 0.0,
      "collision": 0.0,
      "min_obstacle_distance": 1.468173861503601,
      "min_clearance": 1.118173861503601,
      "path_length": 2.7200891992904825,
      "start_to_goal_distance": 5.67656946182251,
      "steps": 620.0,
      "control_effort": 0.5726109826757062,
      "episode_duration": 20.666666666666668,
      "time_to_goal": null
    },
    {
      "episode_return": -36.586216080462904,
      "success": 0.0,
      "collision": 1.0,
      "min_obstacle_distance": 0.3483085632324219,
      "min_clearance": -0.0016914367675781028,
      "path_length": 1.1660209534747992,
      "start_to_goal_distance": 3.87174391746521,
      "steps": 152.0,
      "control_effort": 0.5808368642863474,
      "episode_duration": 5.066666666666666,
      "time_to_goal": null
    },
    {
      "episode_return": -9.144073820755224,
      "success": 0.0,
      "collision": 0.0,
      "min_obstacle_distance": 1.2380752563476562,
      "min_clearance": 0.8880752563476563,
      "path_length": 3.4936682002573356,
      "start_to_goal_distance": 4.218926906585693,
      "steps": 620.0,
      "control_effort": 0.5911440577237836,
      "episode_duration": 20.666666666666668,
      "time_to_goal": null
    },
    {
      "episode_return": -28.51476674350977,
      "success": 0.0,
      "collision": 1.0,
      "min_obstacle_distance": 0.34871843457221985,
      "min_clearance": -0.0012815654277801292,
      "path_length": 4.466404769307701,
      "start_to_goal_distance": 3.8663716316223145,
      "steps": 613.0,
      "control_effort": 0.5845621216549959,
      "episode_duration": 20.433333333333334,
      "time_to_goal": null
    },
    {
      "episode_return": -27.374118757447373,
      "success": 0.0,
      "collision": 0.0,
      "min_obstacle_distance": 0.8113589882850647,
      "min_clearance": 0.4613589882850647,
      "path_length": 2.3879673290661465,
      "start_to_goal_distance": 4.319121837615967,
      "steps": 620.0,
      "control_effort": 0.5608779746678567,
      "episode_duration": 20.666666666666668,
      "time_to_goal": null
    },
    {
      "episode_return": -24.988989026969392,
      "success": 0.0,
      "collision": 1.0,
      "min_obstacle_distance": 0.3459184169769287,
      "min_clearance": -0.004081583023071267,
      "path_length": 4.301294881675858,
      "start_to_goal_distance": 5.195745468139648,
      "steps": 600.0,
      "control_effort": 0.5676407583057881,
      "episode_duration": 20.0,
      "time_to_goal": null
    }
  ]
}