{
  "summary": {
    "train_episode": 780,
    "stage_index": 7,
    "stage_name": "target_default_intro",
    "stage_episode": 20,
    "stage_eval_index": 17,
    "stage_target_hit": 0.0,
    "stage_success_streak": 0,
    "stage_best_success_rate": 0.5,
    "stage_best_collision_rate": 0.0,
    "stage_best_avg_return": 73.55451202392578,
    "stage_bad_eval_streak": 1,
    "stage_regression_active": 1.0,
    "stage_regression_bad_eval": 1.0,
    "stage_regression_absolute_drop": 0.5,
    "stage_regression_relative_drop": 1.0,
    "stage_regression_detected": 1.0,
    "stage_rollback_applied": 0.0,
    "stage_plateau_recovery_applied": 0.0,
    "num_episodes": 6,
    "success_rate": 0.0,
    "collision_rate": 0.1666666716337204,
    "avg_episode_return": -0.83991938829422,
    "avg_path_length": 4.001047134399414,
    "avg_episode_duration": 18.444442749023438,
    "avg_time_to_goal": 0.0,
    "avg_min_obstacle_distance": 0.7775796055793762,
    "avg_min_clearance": 0.4275796413421631,
    "avg_control_effort": 0.6433582901954651,
    "avg_path_efficiency": 0.0,
    "avg_steps": 553.3333129882812,
    "best_episode_return": 27.175636291503906,
    "deterministic": 1.0,
    "seed_offset": 100000
  },
  "episodes": [
    {
      "episode_return": 0.924512392625914,
      "success": 0.0,
      "collision": 0.0,
      "min_obstacle_distance": 1.0780105590820312,
      "min_clearance": 0.7280105590820313,
      "path_length": 4.371007337445917,
      "start_to_goal_distance": 5.67656946182251,
      "steps": 620.0,
      "control_effort": 0.6527559099658843,
      "episode_duration": 20.666666666666668,
      "time_to_goal": null
    },
    {
      "episode_return": -25.628710056253404,
      "success": 0.0,
      "collision": 1.0,
      "min_obstacle_distance": 0.34503304958343506,
      "min_clearance": -0.004966950416564919,
      "path_length": 1.5548779906530399,
      "start_to_goal_distance": 3.87174391746521,
      "steps": 220.0,
      "control_effort": 0.6353310203010386,
      "episode_duration": 7.333333333333333,
      "time_to_goal": null
    },
    {
      "episode_return": -1.192486636760684,
      "success": 0.0,
      "collision": 0.0,
      "min_obstacle_distance": 0.8045623302459717,
      "min_clearance": 0.4545623302459717,
      "path_length": 4.568066416162765,
      "start_to_goal_distance": 4.218926906585693,
      "steps": 620.0,
      "control_effort": 0.6428629502173393,
      "episode_duration": 20.666666666666668,
      "time_to_goal": null
    },
    {
      "episode_return": -25.16064819739094,
      "success": 0.0,
      "collision": 0.0,
      "min_obstacle_distance": 0.9413295388221741,
      "min_clearance": 0.5913295388221741,
      "path_length": 4.399269573172205,
      "start_to_goal_distance": 3.8663716316223145,
      "steps": 620.0,
      "control_effort": 0.6406263717720585,
      "episode_duration": 20.666666666666668,
      "time_to_goal": null
    },
    {
      "episode_return": 18.842178115372942,
      "success": 0.0,
      "collision": 0.0,
      "min_obstacle_distance": 0.662586510181427,
      "min_clearance": 0.312586510181427,
      "path_length": 4.6684606382623315,
      "start_to_goal_distance": 4.319121837615967,
      "steps": 620.0,
      "control_effort": 0.6471354123084776,
      "episode_duration": 20.666666666666668,
      "time_to_goal": null
    },
    {
      "episode_return": 27.175636800077875,
      "success": 0.0,
      "collision": 0.0,
      "min_obstacle_distance": 0.8339558243751526,
      "min_clearance": 0.4839558243751526,
      "path_length": 4.44460084012826,
      "start_to_goal_distance": 5.195745468139648,
      "steps": 620.0,
      "control_effort": 0.6414379329450669,
      "episode_duration": 20.666666666666668,
      "time_to_goal": null
    }
  ]
}