{
  "summary": {
    "train_episode": 2600,
    "stage_index": 7,
    "stage_name": "target_default_intro",
    "stage_episode": 1840,
    "stage_eval_index": 108,
    "stage_target_hit": 0.0,
    "stage_success_streak": 0,
    "stage_best_success_rate": 0.5,
    "stage_best_collision_rate": 0.0,
    "stage_best_avg_return": 73.55451202392578,
    "stage_bad_eval_streak": 92,
    "stage_regression_active": 1.0,
    "stage_regression_bad_eval": 1.0,
    "stage_regression_absolute_drop": 0.5,
    "stage_regression_relative_drop": 1.0,
    "stage_regression_detected": 1.0,
    "stage_rollback_applied": 0.0,
    "stage_plateau_recovery_applied": 0.0,
    "num_episodes": 6,
    "success_rate": 0.0,
    "collision_rate": 0.0,
    "avg_episode_return": -70.74888610839844,
    "avg_path_length": 4.179985046386719,
    "avg_episode_duration": 20.66666603088379,
    "avg_time_to_goal": 0.0,
    "avg_min_obstacle_distance": 1.0114809274673462,
    "avg_min_clearance": 0.6614810228347778,
    "avg_control_effort": 0.4916929006576538,
    "avg_path_efficiency": 0.0,
    "avg_steps": 620.0,
    "best_episode_return": -19.048641204833984,
    "deterministic": 1.0,
    "seed_offset": 100000
  },
  "episodes": [
    {
      "episode_return": -71.85261564800575,
      "success": 0.0,
      "collision": 0.0,
      "min_obstacle_distance": 1.6194723844528198,
      "min_clearance": 1.2694723844528197,
      "path_length": 3.4738412059618184,
      "start_to_goal_distance": 5.67656946182251,
      "steps": 620.0,
      "control_effort": 0.4776618136513618,
      "episode_duration": 20.666666666666668,
      "time_to_goal": null
    },
    {
      "episode_return": -69.1406482576214,
      "success": 0.0,
      "collision": 0.0,
      "min_obstacle_distance": 0.9314858913421631,
      "min_clearance": 0.5814858913421631,
      "path_length": 4.311936155892909,
      "start_to_goal_distance": 3.87174391746521,
      "steps": 620.0,
      "control_effort": 0.46972972866027585,
      "episode_duration": 20.666666666666668,
      "time_to_goal": null
    },
    {
      "episode_return": -81.47735528739669,
      "success": 0.0,
      "collision": 0.0,
      "min_obstacle_distance": 1.1180731058120728,
      "min_clearance": 0.7680731058120728,
      "path_length": 4.4044269672594965,
      "start_to_goal_distance": 4.218926906585693,
      "steps": 620.0,
      "control_effort": 0.49439750813668776,
      "episode_duration": 20.666666666666668,
      "time_to_goal": null
    },
    {
      "episode_return": -48.013053518286384,
      "success": 0.0,
      "collision": 0.0,
      "min_obstacle_distance": 1.3180289268493652,
      "min_clearance": 0.9680289268493653,
      "path_length": 4.425585926277563,
      "start_to_goal_distance": 3.8663716316223145,
      "steps": 620.0,
      "control_effort": 0.5137490317225456,
      "episode_duration": 20.666666666666668,
      "time_to_goal": null
    },
    {
      "episode_return": -134.9609955098784,
      "success": 0.0,
      "collision": 0.0,
      "min_obstacle_distance": 0.38175690174102783,
      "min_clearance": 0.031756901741027854,
      "path_length": 4.244290779111907,
      "start_to_goal_distance": 4.319121837615967,
      "steps": 620.0,
      "control_effort": 0.49809365589772503,
      "episode_duration": 20.666666666666668,
      "time_to_goal": null
    },
    {
      "episode_return": -19.048641047531284,
      "success": 0.0,
      "collision": 0.0,
      "min_obstacle_distance": 0.7000688314437866,
      "min_clearance": 0.35006883144378664,
      "path_length": 4.219827974040527,
      "start_to_goal_distance": 5.195745468139648,
      "steps": 620.0,
      "control_effort": 0.4965257508139456,
      "episode_duration": 20.666666666666668,
      "time_to_goal": null
    }
  ]
}