{
  "summary": {
    "train_episode": 1080,
    "stage_index": 7,
    "stage_name": "target_default_intro",
    "stage_episode": 320,
    "stage_eval_index": 32,
    "stage_target_hit": 0.0,
    "stage_success_streak": 0,
    "stage_best_success_rate": 0.5,
    "stage_best_collision_rate": 0.0,
    "stage_best_avg_return": 73.55451202392578,
    "stage_bad_eval_streak": 16,
    "stage_regression_active": 1.0,
    "stage_regression_bad_eval": 1.0,
    "stage_regression_absolute_drop": 0.5,
    "stage_regression_relative_drop": 1.0,
    "stage_regression_detected": 1.0,
    "stage_rollback_applied": 0.0,
    "stage_plateau_recovery_applied": 0.0,
    "num_episodes": 6,
    "success_rate": 0.0,
    "collision_rate": 0.1666666716337204,
    "avg_episode_return": -17.065189361572266,
    "avg_path_length": 3.4577064514160156,
    "avg_episode_duration": 18.655553817749023,
    "avg_time_to_goal": 0.0,
    "avg_min_obstacle_distance": 0.8460476398468018,
    "avg_min_clearance": 0.49604761600494385,
    "avg_control_effort": 0.6012807488441467,
    "avg_path_efficiency": 0.0,
    "avg_steps": 559.6666870117188,
    "best_episode_return": -1.26682710647583,
    "deterministic": 1.0,
    "seed_offset": 100000
  },
  "episodes": [
    {
      "episode_return": -30.375191997062256,
      "success": 0.0,
      "collision": 0.0,
      "min_obstacle_distance": 1.530103325843811,
      "min_clearance": 1.180103325843811,
      "path_length": 2.97577492889582,
      "start_to_goal_distance": 5.67656946182251,
      "steps": 620.0,
      "control_effort": 0.6101211319046635,
      "episode_duration": 20.666666666666668,
      "time_to_goal": null
    },
    {
      "episode_return": -11.62801171254661,
      "success": 0.0,
      "collision": 1.0,
      "min_obstacle_distance": 0.3497820496559143,
      "min_clearance": -0.00021795034408567115,
      "path_length": 1.8117180785011442,
      "start_to_goal_distance": 3.87174391746521,
      "steps": 258.0,
      "control_effort": 0.6051025707130284,
      "episode_duration": 8.6,
      "time_to_goal": null
    },
    {
      "episode_return": -9.15681150347373,
      "success": 0.0,
      "collision": 0.0,
      "min_obstacle_distance": 1.3040978908538818,
      "min_clearance": 0.9540978908538819,
      "path_length": 3.980200819700748,
      "start_to_goal_distance": 4.218926906585693,
      "steps": 620.0,
      "control_effort": 0.6066568258308596,
      "episode_duration": 20.666666666666668,
      "time_to_goal": null
    },
    {
      "episode_return": -1.2668271187329623,
      "success": 0.0,
      "collision": 0.0,
      "min_obstacle_distance": 0.6778422594070435,
      "min_clearance": 0.3278422594070435,
      "path_length": 4.559409784327727,
      "start_to_goal_distance": 3.8663716316223145,
      "steps": 620.0,
      "control_effort": 0.5906573579196007,
      "episode_duration": 20.666666666666668,
      "time_to_goal": null
    },
    {
      "episode_return": -12.675412083951109,
      "success": 0.0,
      "collision": 0.0,
      "min_obstacle_distance": 0.8426103591918945,
      "min_clearance": 0.49261035919189455,
      "path_length": 3.05291354361934,
      "start_to_goal_distance": 4.319121837615967,
      "steps": 620.0,
      "control_effort": 0.6017500596661721,
      "episode_duration": 20.666666666666668,
      "time_to_goal": null
    },
    {
      "episode_return": -37.288879824742196,
      "success": 0.0,
      "collision": 0.0,
      "min_obstacle_distance": 0.371849924325943,
      "min_clearance": 0.021849924325943015,
      "path_length": 4.366220944590168,
      "start_to_goal_distance": 5.195745468139648,
      "steps": 620.0,
      "control_effort": 0.5933961745231382,
      "episode_duration": 20.666666666666668,
      "time_to_goal": null
    }
  ]
}