{
  "summary": {
    "train_episode": 1560,
    "stage_index": 7,
    "stage_name": "target_default_intro",
    "stage_episode": 800,
    "stage_eval_index": 56,
    "stage_target_hit": 0.0,
    "stage_success_streak": 0,
    "stage_best_success_rate": 0.5,
    "stage_best_collision_rate": 0.0,
    "stage_best_avg_return": 73.55451202392578,
    "stage_bad_eval_streak": 40,
    "stage_regression_active": 1.0,
    "stage_regression_bad_eval": 1.0,
    "stage_regression_absolute_drop": 0.5,
    "stage_regression_relative_drop": 1.0,
    "stage_regression_detected": 1.0,
    "stage_rollback_applied": 0.0,
    "stage_plateau_recovery_applied": 0.0,
    "num_episodes": 6,
    "success_rate": 0.0,
    "collision_rate": 0.0,
    "avg_episode_return": -19.29314422607422,
    "avg_path_length": 4.3353753089904785,
    "avg_episode_duration": 20.66666603088379,
    "avg_time_to_goal": 0.0,
    "avg_min_obstacle_distance": 0.7236093878746033,
    "avg_min_clearance": 0.37360939383506775,
    "avg_control_effort": 0.5630969405174255,
    "avg_path_efficiency": 0.0,
    "avg_steps": 620.0,
    "best_episode_return": 9.259421348571777,
    "deterministic": 1.0,
    "seed_offset": 100000
  },
  "episodes": [
    {
      "episode_return": -15.728719228919367,
      "success": 0.0,
      "collision": 0.0,
      "min_obstacle_distance": 0.5875757932662964,
      "min_clearance": 0.2375757932662964,
      "path_length": 3.7440533741350848,
      "start_to_goal_distance": 5.67656946182251,
      "steps": 620.0,
      "control_effort": 0.5966917304262038,
      "episode_duration": 20.666666666666668,
      "time_to_goal": null
    },
    {
      "episode_return": -17.588222303308186,
      "success": 0.0,
      "collision": 0.0,
      "min_obstacle_distance": 0.6786781549453735,
      "min_clearance": 0.32867815494537356,
      "path_length": 4.558234652096871,
      "start_to_goal_distance": 3.87174391746521,
      "steps": 620.0,
      "control_effort": 0.5364153202022276,
      "episode_duration": 20.666666666666668,
      "time_to_goal": null
    },
    {
      "episode_return": -24.60162399463593,
      "success": 0.0,
      "collision": 0.0,
      "min_obstacle_distance": 0.9237203598022461,
      "min_clearance": 0.5737203598022461,
      "path_length": 4.530562278814614,
      "start_to_goal_distance": 4.218926906585693,
      "steps": 620.0,
      "control_effort": 0.5781621358086986,
      "episode_duration": 20.666666666666668,
      "time_to_goal": null
    },
    {
      "episode_return": 9.259421634908087,
      "success": 0.0,
      "collision": 0.0,
      "min_obstacle_distance": 1.09852933883667,
      "min_clearance": 0.7485293388366699,
      "path_length": 4.488123951712623,
      "start_to_goal_distance": 3.8663716316223145,
      "steps": 620.0,
      "control_effort": 0.5692844918177974,
      "episode_duration": 20.666666666666668,
      "time_to_goal": null
    },
    {
      "episode_return": -47.0199125552803,
      "success": 0.0,
      "collision": 0.0,
      "min_obstacle_distance": 0.5526767373085022,
      "min_clearance": 0.20267673730850222,
      "path_length": 4.195128499722756,
      "start_to_goal_distance": 4.319121837615967,
      "steps": 620.0,
      "control_effort": 0.5504356694798316,
      "episode_duration": 20.666666666666668,
      "time_to_goal": null
    },
    {
      "episode_return": -20.079807497180393,
      "success": 0.0,
      "collision": 0.0,
      "min_obstacle_distance": 0.5004758834838867,
      "min_clearance": 0.15047588348388674,
      "path_length": 4.496150998980738,
      "start_to_goal_distance": 5.195745468139648,
      "steps": 620.0,
      "control_effort": 0.5475921814480136,
      "episode_duration": 20.666666666666668,
      "time_to_goal": null
    }
  ]
}