{
  "episode_return": -1.5914111281532612,
  "success": 0.0,
  "collision": 0.0,
  "min_obstacle_distance": 0.6931172609329224,
  "min_clearance": 0.3431172609329224,
  "path_length": 4.498334603733383,
  "start_to_goal_distance": 5.195745468139648,
  "steps": 620.0,
  "control_effort": 0.566791338401456,
  "episode_duration": 20.666666666666668,
  "time_to_goal": null
}