{
  "episode_return": 100.51675289863347,
  "success": 1.0,
  "collision": 0.0,
  "min_obstacle_distance": 2.5212652683258057,
  "min_clearance": 2.1712652683258056,
  "path_length": 1.6161656620679423,
  "start_to_goal_distance": 2.486285924911499,
  "steps": 196.0,
  "control_effort": 0.7050686226207383,
  "episode_duration": 6.533333333333333,
  "time_to_goal": 6.533333333333333
}