{
  "summary": {
    "train_episode": 2320,
    "stage_index": 7,
    "stage_name": "target_default_intro",
    "stage_episode": 1560,
    "stage_eval_index": 94,
    "stage_target_hit": 0.0,
    "stage_success_streak": 0,
    "stage_best_success_rate": 0.5,
    "stage_best_collision_rate": 0.0,
    "stage_best_avg_return": 73.55451202392578,
    "stage_bad_eval_streak": 78,
    "stage_regression_active": 1.0,
    "stage_regression_bad_eval": 1.0,
    "stage_regression_absolute_drop": 0.5,
    "stage_regression_relative_drop": 1.0,
    "stage_regression_detected": 1.0,
    "stage_rollback_applied": 0.0,
    "stage_plateau_recovery_applied": 0.0,
    "num_episodes": 6,
    "success_rate": 0.0,
    "collision_rate": 0.1666666716337204,
    "avg_episode_return": -69.89656066894531,
    "avg_path_length": 3.7908830642700195,
    "avg_episode_duration": 19.994443893432617,
    "avg_time_to_goal": 0.0,
    "avg_min_obstacle_distance": 0.8074345588684082,
    "avg_min_clearance": 0.4574345052242279,
    "avg_control_effort": 0.496144562959671,
    "avg_path_efficiency": 0.0,
    "avg_steps": 599.8333129882812,
    "best_episode_return": -27.373926162719727,
    "deterministic": 1.0,
    "seed_offset": 100000
  },
  "episodes": [
    {
      "episode_return": -58.35584056756495,
      "success": 0.0,
      "collision": 0.0,
      "min_obstacle_distance": 1.6300179958343506,
      "min_clearance": 1.2800179958343505,
      "path_length": 2.28164747416065,
      "start_to_goal_distance": 5.67656946182251,
      "steps": 620.0,
      "control_effort": 0.5011151054213124,
      "episode_duration": 20.666666666666668,
      "time_to_goal": null
    },
    {
      "episode_return": -49.604598549488884,
      "success": 0.0,
      "collision": 1.0,
      "min_obstacle_distance": 0.3486533761024475,
      "min_clearance": -0.001346623897552468,
      "path_length": 3.4955271277576685,
      "start_to_goal_distance": 3.87174391746521,
      "steps": 499.0,
      "control_effort": 0.4511102639243216,
      "episode_duration": 16.633333333333333,
      "time_to_goal": null
    },
    {
      "episode_return": -80.94552431057599,
      "success": 0.0,
      "collision": 0.0,
      "min_obstacle_distance": 1.1867157220840454,
      "min_clearance": 0.8367157220840454,
      "path_length": 4.08256127533717,
      "start_to_goal_distance": 4.218926906585693,
      "steps": 620.0,
      "control_effort": 0.5294428682134997,
      "episode_duration": 20.666666666666668,
      "time_to_goal": null
    },
    {
      "episode_return": -44.122018968771386,
      "success": 0.0,
      "collision": 0.0,
      "min_obstacle_distance": 0.9046223163604736,
      "min_clearance": 0.5546223163604737,
      "path_length": 4.400920919899363,
      "start_to_goal_distance": 3.8663716316223145,
      "steps": 620.0,
      "control_effort": 0.5184611609866542,
      "episode_duration": 20.666666666666668,
      "time_to_goal": null
    },
    {
      "episode_return": -158.97743749691,
      "success": 0.0,
      "collision": 0.0,
      "min_obstacle_distance": 0.3541858196258545,
      "min_clearance": 0.004185819625854514,
      "path_length": 4.214997340191928,
      "start_to_goal_distance": 4.319121837615967,
      "steps": 620.0,
      "control_effort": 0.5036163352189525,
      "episode_duration": 20.666666666666668,
      "time_to_goal": null
    },
    {
      "episode_return": -27.373926187489026,
      "success": 0.0,
      "collision": 0.0,
      "min_obstacle_distance": 0.42041200399398804,
      "min_clearance": 0.07041200399398806,
      "path_length": 4.269643174193334,
      "start_to_goal_distance": 5.195745468139648,
      "steps": 620.0,
      "control_effort": 0.4731216652739433,
      "episode_duration": 20.666666666666668,
      "time_to_goal": null
    }
  ]
}