{
  "summary": {
    "train_episode": 560,
    "stage_index": 7,
    "stage_name": "target_default_intro",
    "stage_episode": 120,
    "stage_eval_index": 6,
    "stage_target_hit": 0.0,
    "stage_success_streak": 0,
    "stage_best_success_rate": 0.3333333432674408,
    "stage_best_collision_rate": 0.0,
    "stage_best_avg_return": 45.80244064331055,
    "stage_bad_eval_streak": 0,
    "stage_regression_active": 1.0,
    "stage_regression_bad_eval": 0.0,
    "stage_regression_absolute_drop": 0.0,
    "stage_regression_relative_drop": 0.0,
    "stage_regression_detected": 0.0,
    "stage_rollback_applied": 0.0,
    "stage_plateau_recovery_applied": 0.0,
    "num_episodes": 6,
    "success_rate": 0.3333333432674408,
    "collision_rate": 0.0,
    "avg_episode_return": 40.797096252441406,
    "avg_path_length": 4.17372465133667,
    "avg_episode_duration": 18.933332443237305,
    "avg_time_to_goal": 15.466667175292969,
    "avg_min_obstacle_distance": 0.8961072564125061,
    "avg_min_clearance": 0.546107292175293,
    "avg_control_effort": 0.6585803627967834,
    "avg_path_efficiency": 0.3333333432674408,
    "avg_steps": 568.0,
    "best_episode_return": 157.85203552246094,
    "deterministic": 1.0,
    "seed_offset": 100000
  },
  "episodes": [
    {
      "episode_return": -23.451431015909797,
      "success": 0.0,
      "collision": 0.0,
      "min_obstacle_distance": 1.1415859460830688,
      "min_clearance": 0.7915859460830689,
      "path_length": 4.539734161051456,
      "start_to_goal_distance": 5.67656946182251,
      "steps": 620.0,
      "control_effort": 0.6589647605534523,
      "episode_duration": 20.666666666666668,
      "time_to_goal": null
    },
    {
      "episode_return": 102.26071670373773,
      "success": 1.0,
      "collision": 0.0,
      "min_obstacle_distance": 0.4422794580459595,
      "min_clearance": 0.0922794580459595,
      "path_length": 3.5015953631336743,
      "start_to_goal_distance": 3.87174391746521,
      "steps": 471.0,
      "control_effort": 0.652505964357129,
      "episode_duration": 15.7,
      "time_to_goal": 15.7
    },
    {
      "episode_return": 9.046256639611244,
      "success": 0.0,
      "collision": 0.0,
      "min_obstacle_distance": 1.290187120437622,
      "min_clearance": 0.9401871204376221,
      "path_length": 4.596317002942669,
      "start_to_goal_distance": 4.218926906585693,
      "steps": 620.0,
      "control_effort": 0.6625260805891406,
      "episode_duration": 20.666666666666668,
      "time_to_goal": null
    },
    {
      "episode_return": 157.8520301508309,
      "success": 1.0,
      "collision": 0.0,
      "min_obstacle_distance": 0.8761007189750671,
      "min_clearance": 0.5261007189750672,
      "path_length": 3.366712612034462,
      "start_to_goal_distance": 3.8663716316223145,
      "steps": 457.0,
      "control_effort": 0.653359135600618,
      "episode_duration": 15.233333333333333,
      "time_to_goal": 15.233333333333333
    },
    {
      "episode_return": 3.4003635593243544,
      "success": 0.0,
      "collision": 0.0,
      "min_obstacle_distance": 0.7652610540390015,
      "min_clearance": 0.4152610540390015,
      "path_length": 4.316758099579438,
      "start_to_goal_distance": 4.319121837615967,
      "steps": 620.0,
      "control_effort": 0.6694431026135722,
      "episode_duration": 20.666666666666668,
      "time_to_goal": null
    },
    {
      "episode_return": -4.32536001743226,
      "success": 0.0,
      "collision": 0.0,
      "min_obstacle_distance": 0.8612294793128967,
      "min_clearance": 0.5112294793128968,
      "path_length": 4.721229138538547,
      "start_to_goal_distance": 5.195745468139648,
      "steps": 620.0,
      "control_effort": 0.6546828964064199,
      "episode_duration": 20.666666666666668,
      "time_to_goal": null
    }
  ]
}