{
  "episode_return": 96.63606846797467,
  "success": 1.0,
  "collision": 0.0,
  "min_obstacle_distance": 1.9730836153030396,
  "min_clearance": 1.6230836153030395,
  "path_length": 2.0341441419150215,
  "start_to_goal_distance": 2.8751626014709473,
  "steps": 251.0,
  "control_effort": 0.705728959752269,
  "episode_duration": 8.366666666666667,
  "time_to_goal": 8.366666666666667
}