{
  "summary": {
    "train_episode": 3200,
    "stage_index": 7,
    "stage_name": "target_default_intro",
    "stage_episode": 2440,
    "stage_eval_index": 138,
    "stage_target_hit": 0.0,
    "stage_success_streak": 0,
    "stage_best_success_rate": 0.5,
    "stage_best_collision_rate": 0.0,
    "stage_best_avg_return": 73.55451202392578,
    "stage_bad_eval_streak": 122,
    "stage_regression_active": 1.0,
    "stage_regression_bad_eval": 1.0,
    "stage_regression_absolute_drop": 0.5,
    "stage_regression_relative_drop": 1.0,
    "stage_regression_detected": 1.0,
    "stage_rollback_applied": 0.0,
    "stage_plateau_recovery_applied": 0.0,
    "num_episodes": 6,
    "success_rate": 0.0,
    "collision_rate": 0.0,
    "avg_episode_return": -107.19878387451172,
    "avg_path_length": 3.2773799896240234,
    "avg_episode_duration": 20.66666603088379,
    "avg_time_to_goal": 0.0,
    "avg_min_obstacle_distance": 1.0070074796676636,
    "avg_min_clearance": 0.6570075154304504,
    "avg_control_effort": 0.5395492911338806,
    "avg_path_efficiency": 0.0,
    "avg_steps": 620.0,
    "best_episode_return": 0.17006951570510864,
    "deterministic": 1.0,
    "seed_offset": 100000
  },
  "episodes": [
    {
      "episode_return": -141.6485513023884,
      "success": 0.0,
      "collision": 0.0,
      "min_obstacle_distance": 1.9108738899230957,
      "min_clearance": 1.5608738899230956,
      "path_length": 1.4466937882224897,
      "start_to_goal_distance": 5.67656946182251,
      "steps": 620.0,
      "control_effort": 0.6101136952157944,
      "episode_duration": 20.666666666666668,
      "time_to_goal": null
    },
    {
      "episode_return": -119.58438122327632,
      "success": 0.0,
      "collision": 0.0,
      "min_obstacle_distance": 0.6492067575454712,
      "min_clearance": 0.2992067575454712,
      "path_length": 3.8715180219789715,
      "start_to_goal_distance": 3.87174391746521,
      "steps": 620.0,
      "control_effort": 0.5357618740489406,
      "episode_duration": 20.666666666666668,
      "time_to_goal": null
    },
    {
      "episode_return": -121.40882464094892,
      "success": 0.0,
      "collision": 0.0,
      "min_obstacle_distance": 1.4408698081970215,
      "min_clearance": 1.0908698081970214,
      "path_length": 3.0484511286915676,
      "start_to_goal_distance": 4.218926906585693,
      "steps": 620.0,
      "control_effort": 0.5463452047878696,
      "episode_duration": 20.666666666666668,
      "time_to_goal": null
    },
    {
      "episode_return": -118.7922016101596,
      "success": 0.0,
      "collision": 0.0,
      "min_obstacle_distance": 0.5996396541595459,
      "min_clearance": 0.24963965415954592,
      "path_length": 4.325125352523173,
      "start_to_goal_distance": 3.8663716316223145,
      "steps": 620.0,
      "control_effort": 0.501445154941851,
      "episode_duration": 20.666666666666668,
      "time_to_goal": null
    },
    {
      "episode_return": -141.9287962990274,
      "success": 0.0,
      "collision": 0.0,
      "min_obstacle_distance": 0.6704870462417603,
      "min_clearance": 0.3204870462417603,
      "path_length": 2.760370093105365,
      "start_to_goal_distance": 4.319121837615967,
      "steps": 620.0,
      "control_effort": 0.5237286077391716,
      "episode_duration": 20.666666666666668,
      "time_to_goal": null
    },
    {
      "episode_return": 0.17006952094445182,
      "success": 0.0,
      "collision": 0.0,
      "min_obstacle_distance": 0.7709679007530212,
      "min_clearance": 0.42096790075302126,
      "path_length": 4.212121360425954,
      "start_to_goal_distance": 5.195745468139648,
      "steps": 620.0,
      "control_effort": 0.5199009925607712,
      "episode_duration": 20.666666666666668,
      "time_to_goal": null
    }
  ]
}