{
  "summary": {
    "train_episode": 140,
    "stage_index": 2,
    "stage_name": "bridge_entry",
    "stage_episode": 60,
    "stage_eval_index": 3,
    "stage_target_hit": 1.0,
    "stage_success_streak": 1,
    "stage_best_success_rate": 1.0,
    "stage_best_collision_rate": 0.0,
    "stage_best_avg_return": 103.01146697998047,
    "stage_bad_eval_streak": 0,
    "stage_regression_active": 1.0,
    "stage_regression_bad_eval": 0.0,
    "stage_regression_absolute_drop": 0.0,
    "stage_regression_relative_drop": 0.0,
    "stage_regression_detected": 0.0,
    "stage_rollback_applied": 0.0,
    "stage_plateau_recovery_applied": 0.0,
    "num_episodes": 6,
    "success_rate": 1.0,
    "collision_rate": 0.0,
    "avg_episode_return": 102.95822143554688,
    "avg_path_length": 1.0983105897903442,
    "avg_episode_duration": 4.894444465637207,
    "avg_time_to_goal": 4.894444465637207,
    "avg_min_obstacle_distance": 2.7286484241485596,
    "avg_min_clearance": 2.378648519515991,
    "avg_control_effort": 0.6905367374420166,
    "avg_path_efficiency": 1.0,
    "avg_steps": 146.8333282470703,
    "best_episode_return": 104.82831573486328,
    "deterministic": 1.0,
    "seed_offset": 100000
  },
  "episodes": [
    {
      "episode_return": 104.82831949472425,
      "success": 1.0,
      "collision": 0.0,
      "min_obstacle_distance": 2.6893157958984375,
      "min_clearance": 2.3393157958984374,
      "path_length": 1.2796374763165659,
      "start_to_goal_distance": 2.2447426319122314,
      "steps": 164.0,
      "control_effort": 0.6905368682814808,
      "episode_duration": 5.466666666666667,
      "time_to_goal": 5.466666666666667
    },
    {
      "episode_return": 100.62306483089924,
      "success": 1.0,
      "collision": 0.0,
      "min_obstacle_distance": 3.0628511905670166,
      "min_clearance": 2.7128511905670165,
      "path_length": 0.8894480865783407,
      "start_to_goal_distance": 1.8540050983428955,
      "steps": 126.0,
      "control_effort": 0.6905372738838196,
      "episode_duration": 4.2,
      "time_to_goal": 4.2
    },
    {
      "episode_return": 102.73622526794674,
      "success": 1.0,
      "collision": 0.0,
      "min_obstacle_distance": 3.2596452236175537,
      "min_clearance": 2.9096452236175536,
      "path_length": 1.0774717533422518,
      "start_to_goal_distance": 2.0578346252441406,
      "steps": 146.0,
      "control_effort": 0.6905374702525465,
      "episode_duration": 4.866666666666666,
      "time_to_goal": 4.866666666666666
    },
    {
      "episode_return": 100.44188756912948,
      "success": 1.0,
      "collision": 0.0,
      "min_obstacle_distance": 2.2442779541015625,
      "min_clearance": 1.8942779541015624,
      "path_length": 0.8538707850821083,
      "start_to_goal_distance": 1.832995891571045,
      "steps": 118.0,
      "control_effort": 0.6905359661175032,
      "episode_duration": 3.933333333333333,
      "time_to_goal": 3.933333333333333
    },
    {
      "episode_return": 104.36081395566464,
      "success": 1.0,
      "collision": 0.0,
      "min_obstacle_distance": 2.246837854385376,
      "min_clearance": 1.8968378543853759,
      "path_length": 1.2363421812624438,
      "start_to_goal_distance": 2.2196991443634033,
      "steps": 170.0,
      "control_effort": 0.6905358770314385,
      "episode_duration": 5.666666666666667,
      "time_to_goal": 5.666666666666667
    },
    {
      "episode_return": 104.75899431973693,
      "success": 1.0,
      "collision": 0.0,
      "min_obstacle_distance": 2.868962287902832,
      "min_clearance": 2.518962287902832,
      "path_length": 1.2530933692542021,
      "start_to_goal_distance": 2.2351953983306885,
      "steps": 157.0,
      "control_effort": 0.6905369876296656,
      "episode_duration": 5.233333333333333,
      "time_to_goal": 5.233333333333333
    }
  ]
}