{
  "summary": {
    "train_episode": 1520,
    "stage_index": 7,
    "stage_name": "target_default_intro",
    "stage_episode": 760,
    "stage_eval_index": 54,
    "stage_target_hit": 0.0,
    "stage_success_streak": 0,
    "stage_best_success_rate": 0.5,
    "stage_best_collision_rate": 0.0,
    "stage_best_avg_return": 73.55451202392578,
    "stage_bad_eval_streak": 38,
    "stage_regression_active": 1.0,
    "stage_regression_bad_eval": 1.0,
    "stage_regression_absolute_drop": 0.5,
    "stage_regression_relative_drop": 1.0,
    "stage_regression_detected": 1.0,
    "stage_rollback_applied": 0.0,
    "stage_plateau_recovery_applied": 0.0,
    "num_episodes": 6,
    "success_rate": 0.0,
    "collision_rate": 0.0,
    "avg_episode_return": -19.323705673217773,
    "avg_path_length": 4.3730950355529785,
    "avg_episode_duration": 20.66666603088379,
    "avg_time_to_goal": 0.0,
    "avg_min_obstacle_distance": 0.7165856957435608,
    "avg_min_clearance": 0.36658573150634766,
    "avg_control_effort": 0.5685973763465881,
    "avg_path_efficiency": 0.0,
    "avg_steps": 620.0,
    "best_episode_return": 8.358368873596191,
    "deterministic": 1.0,
    "seed_offset": 100000
  },
  "episodes": [
    {
      "episode_return": -37.74480428618391,
      "success": 0.0,
      "collision": 0.0,
      "min_obstacle_distance": 0.47830837965011597,
      "min_clearance": 0.128308379650116,
      "path_length": 4.081077361376913,
      "start_to_goal_distance": 5.67656946182251,
      "steps": 620.0,
      "control_effort": 0.5873164708575894,
      "episode_duration": 20.666666666666668,
      "time_to_goal": null
    },
    {
      "episode_return": -13.570277801787128,
      "success": 0.0,
      "collision": 0.0,
      "min_obstacle_distance": 0.6881206035614014,
      "min_clearance": 0.3381206035614014,
      "path_length": 4.500554329599254,
      "start_to_goal_distance": 3.87174391746521,
      "steps": 620.0,
      "control_effort": 0.5500748206530848,
      "episode_duration": 20.666666666666668,
      "time_to_goal": null
    },
    {
      "episode_return": -14.76405506486859,
      "success": 0.0,
      "collision": 0.0,
      "min_obstacle_distance": 1.0327301025390625,
      "min_clearance": 0.6827301025390625,
      "path_length": 4.411615343822632,
      "start_to_goal_distance": 4.218926906585693,
      "steps": 620.0,
      "control_effort": 0.5812498195517448,
      "episode_duration": 20.666666666666668,
      "time_to_goal": null
    },
    {
      "episode_return": 8.35836857863832,
      "success": 0.0,
      "collision": 0.0,
      "min_obstacle_distance": 1.0245987176895142,
      "min_clearance": 0.6745987176895142,
      "path_length": 4.527218093571719,
      "start_to_goal_distance": 3.8663716316223145,
      "steps": 620.0,
      "control_effort": 0.5751988942584684,
      "episode_duration": 20.666666666666668,
      "time_to_goal": null
    },
    {
      "episode_return": -47.07110305783802,
      "success": 0.0,
      "collision": 0.0,
      "min_obstacle_distance": 0.5270625352859497,
      "min_clearance": 0.17706253528594973,
      "path_length": 4.186591143189787,
      "start_to_goal_distance": 4.319121837615967,
      "steps": 620.0,
      "control_effort": 0.5630736816313959,
      "episode_duration": 20.666666666666668,
      "time_to_goal": null
    },
    {
      "episode_return": -11.150368843345404,
      "success": 0.0,
      "collision": 0.0,
      "min_obstacle_distance": 0.5486940145492554,
      "min_clearance": 0.1986940145492554,
      "path_length": 4.531513238791376,
      "start_to_goal_distance": 5.195745468139648,
      "steps": 620.0,
      "control_effort": 0.5546705448339062,
      "episode_duration": 20.666666666666668,
      "time_to_goal": null
    }
  ]
}