{
  "episode_return": -6.260556887841279,
  "success": 0.0,
  "collision": 0.0,
  "min_obstacle_distance": 0.49239373207092285,
  "min_clearance": 0.14239373207092287,
  "path_length": 4.507858225522796,
  "start_to_goal_distance": 3.8663716316223145,
  "steps": 620.0,
  "control_effort": 0.5620572269443542,
  "episode_duration": 20.666666666666668,
  "time_to_goal": null
}