{
  "summary": {
    "train_episode": 2500,
    "stage_index": 7,
    "stage_name": "target_default_intro",
    "stage_episode": 1740,
    "stage_eval_index": 103,
    "stage_target_hit": 0.0,
    "stage_success_streak": 0,
    "stage_best_success_rate": 0.5,
    "stage_best_collision_rate": 0.0,
    "stage_best_avg_return": 73.55451202392578,
    "stage_bad_eval_streak": 87,
    "stage_regression_active": 1.0,
    "stage_regression_bad_eval": 1.0,
    "stage_regression_absolute_drop": 0.5,
    "stage_regression_relative_drop": 1.0,
    "stage_regression_detected": 1.0,
    "stage_rollback_applied": 0.0,
    "stage_plateau_recovery_applied": 0.0,
    "num_episodes": 6,
    "success_rate": 0.0,
    "collision_rate": 0.0,
    "avg_episode_return": -66.73607635498047,
    "avg_path_length": 4.210687160491943,
    "avg_episode_duration": 20.66666603088379,
    "avg_time_to_goal": 0.0,
    "avg_min_obstacle_distance": 0.9945552349090576,
    "avg_min_clearance": 0.6445552706718445,
    "avg_control_effort": 0.4987694025039673,
    "avg_path_efficiency": 0.0,
    "avg_steps": 620.0,
    "best_episode_return": -15.7715482711792,
    "deterministic": 1.0,
    "seed_offset": 100000
  },
  "episodes": [
    {
      "episode_return": -74.76763449723636,
      "success": 0.0,
      "collision": 0.0,
      "min_obstacle_distance": 1.6218585968017578,
      "min_clearance": 1.2718585968017577,
      "path_length": 3.451299869012601,
      "start_to_goal_distance": 5.67656946182251,
      "steps": 620.0,
      "control_effort": 0.4854160581384936,
      "episode_duration": 20.666666666666668,
      "time_to_goal": null
    },
    {
      "episode_return": -68.76108534585008,
      "success": 0.0,
      "collision": 0.0,
      "min_obstacle_distance": 0.7492681741714478,
      "min_clearance": 0.3992681741714478,
      "path_length": 4.361553473281674,
      "start_to_goal_distance": 3.87174391746521,
      "steps": 620.0,
      "control_effort": 0.47161504097523227,
      "episode_duration": 20.666666666666668,
      "time_to_goal": null
    },
    {
      "episode_return": -70.49482114897117,
      "success": 0.0,
      "collision": 0.0,
      "min_obstacle_distance": 1.0909724235534668,
      "min_clearance": 0.7409724235534668,
      "path_length": 4.421288487967104,
      "start_to_goal_distance": 4.218926906585693,
      "steps": 620.0,
      "control_effort": 0.5209522154542707,
      "episode_duration": 20.666666666666668,
      "time_to_goal": null
    },
    {
      "episode_return": -42.398956606851236,
      "success": 0.0,
      "collision": 0.0,
      "min_obstacle_distance": 1.3637874126434326,
      "min_clearance": 1.0137874126434325,
      "path_length": 4.329484111862257,
      "start_to_goal_distance": 3.8663716316223145,
      "steps": 620.0,
      "control_effort": 0.5128094813516063,
      "episode_duration": 20.666666666666668,
      "time_to_goal": null
    },
    {
      "episode_return": -128.22239379912978,
      "success": 0.0,
      "collision": 0.0,
      "min_obstacle_distance": 0.4128723442554474,
      "min_clearance": 0.06287234425544741,
      "path_length": 4.448671375634149,
      "start_to_goal_distance": 4.319121837615967,
      "steps": 620.0,
      "control_effort": 0.510187767061495,
      "episode_duration": 20.666666666666668,
      "time_to_goal": null
    },
    {
      "episode_return": -15.771548297037576,
      "success": 0.0,
      "collision": 0.0,
      "min_obstacle_distance": 0.728572428226471,
      "min_clearance": 0.37857242822647097,
      "path_length": 4.251827748550568,
      "start_to_goal_distance": 5.195745468139648,
      "steps": 620.0,
      "control_effort": 0.49163601090831144,
      "episode_duration": 20.666666666666668,
      "time_to_goal": null
    }
  ]
}