{
  "episode_return": -15.591246843127177,
  "success": 0.0,
  "collision": 0.0,
  "min_obstacle_distance": 0.706273078918457,
  "min_clearance": 0.35627307891845705,
  "path_length": 4.273743567231577,
  "start_to_goal_distance": 5.195745468139648,
  "steps": 620.0,
  "control_effort": 0.5026529038144696,
  "episode_duration": 20.666666666666668,
  "time_to_goal": null
}