{
  "summary": {
    "train_episode": 2460,
    "stage_index": 7,
    "stage_name": "target_default_intro",
    "stage_episode": 1700,
    "stage_eval_index": 101,
    "stage_target_hit": 0.0,
    "stage_success_streak": 0,
    "stage_best_success_rate": 0.5,
    "stage_best_collision_rate": 0.0,
    "stage_best_avg_return": 73.55451202392578,
    "stage_bad_eval_streak": 85,
    "stage_regression_active": 1.0,
    "stage_regression_bad_eval": 1.0,
    "stage_regression_absolute_drop": 0.5,
    "stage_regression_relative_drop": 1.0,
    "stage_regression_detected": 1.0,
    "stage_rollback_applied": 0.0,
    "stage_plateau_recovery_applied": 0.0,
    "num_episodes": 6,
    "success_rate": 0.0,
    "collision_rate": 0.0,
    "avg_episode_return": -65.2365493774414,
    "avg_path_length": 4.193630695343018,
    "avg_episode_duration": 20.66666603088379,
    "avg_time_to_goal": 0.0,
    "avg_min_obstacle_distance": 1.0281025171279907,
    "avg_min_clearance": 0.678102433681488,
    "avg_control_effort": 0.48647046089172363,
    "avg_path_efficiency": 0.0,
    "avg_steps": 620.0,
    "best_episode_return": -23.128799438476562,
    "deterministic": 1.0,
    "seed_offset": 100000
  },
  "episodes": [
    {
      "episode_return": -73.31789782833576,
      "success": 0.0,
      "collision": 0.0,
      "min_obstacle_distance": 1.7181086540222168,
      "min_clearance": 1.3681086540222167,
      "path_length": 3.345986429133262,
      "start_to_goal_distance": 5.67656946182251,
      "steps": 620.0,
      "control_effort": 0.47953170316834604,
      "episode_duration": 20.666666666666668,
      "time_to_goal": null
    },
    {
      "episode_return": -64.65097882886366,
      "success": 0.0,
      "collision": 0.0,
      "min_obstacle_distance": 0.8337423205375671,
      "min_clearance": 0.48374232053756716,
      "path_length": 4.346068812417798,
      "start_to_goal_distance": 3.87174391746521,
      "steps": 620.0,
      "control_effort": 0.45989210889224086,
      "episode_duration": 20.666666666666668,
      "time_to_goal": null
    },
    {
      "episode_return": -69.25432576251481,
      "success": 0.0,
      "collision": 0.0,
      "min_obstacle_distance": 1.1095813512802124,
      "min_clearance": 0.7595813512802124,
      "path_length": 4.317478538141586,
      "start_to_goal_distance": 4.218926906585693,
      "steps": 620.0,
      "control_effort": 0.49127985282290365,
      "episode_duration": 20.666666666666668,
      "time_to_goal": null
    },
    {
      "episode_return": -42.57201386277702,
      "success": 0.0,
      "collision": 0.0,
      "min_obstacle_distance": 1.335444450378418,
      "min_clearance": 0.985444450378418,
      "path_length": 4.4190314604202285,
      "start_to_goal_distance": 3.8663716316223145,
      "steps": 620.0,
      "control_effort": 0.5103334007243956,
      "episode_duration": 20.666666666666668,
      "time_to_goal": null
    },
    {
      "episode_return": -118.4952826391279,
      "success": 0.0,
      "collision": 0.0,
      "min_obstacle_distance": 0.409506231546402,
      "min_clearance": 0.059506231546402,
      "path_length": 4.4334109663031995,
      "start_to_goal_distance": 4.319121837615967,
      "steps": 620.0,
      "control_effort": 0.500630285038102,
      "episode_duration": 20.666666666666668,
      "time_to_goal": null
    },
    {
      "episode_return": -23.12879903185275,
      "success": 0.0,
      "collision": 0.0,
      "min_obstacle_distance": 0.7622318863868713,
      "min_clearance": 0.41223188638687136,
      "path_length": 4.29980641102884,
      "start_to_goal_distance": 5.195745468139648,
      "steps": 620.0,
      "control_effort": 0.47715533169046526,
      "episode_duration": 20.666666666666668,
      "time_to_goal": null
    }
  ]
}