{
  "episode_return": 155.96412741188357,
  "success": 1.0,
  "collision": 0.0,
  "min_obstacle_distance": 1.009308934211731,
  "min_clearance": 0.659308934211731,
  "path_length": 3.8537576869130135,
  "start_to_goal_distance": 3.8663716316223145,
  "steps": 550.0,
  "control_effort": 0.6188569978150454,
  "episode_duration": 18.333333333333332,
  "time_to_goal": 18.333333333333332
}