{
  "summary": {
    "train_episode": 2720,
    "stage_index": 7,
    "stage_name": "target_default_intro",
    "stage_episode": 1960,
    "stage_eval_index": 114,
    "stage_target_hit": 0.0,
    "stage_success_streak": 0,
    "stage_best_success_rate": 0.5,
    "stage_best_collision_rate": 0.0,
    "stage_best_avg_return": 73.55451202392578,
    "stage_bad_eval_streak": 98,
    "stage_regression_active": 1.0,
    "stage_regression_bad_eval": 1.0,
    "stage_regression_absolute_drop": 0.5,
    "stage_regression_relative_drop": 1.0,
    "stage_regression_detected": 1.0,
    "stage_rollback_applied": 0.0,
    "stage_plateau_recovery_applied": 0.0,
    "num_episodes": 6,
    "success_rate": 0.0,
    "collision_rate": 0.1666666716337204,
    "avg_episode_return": -62.985652923583984,
    "avg_path_length": 3.323148488998413,
    "avg_episode_duration": 17.788888931274414,
    "avg_time_to_goal": 0.0,
    "avg_min_obstacle_distance": 1.0059338808059692,
    "avg_min_clearance": 0.6559338569641113,
    "avg_control_effort": 0.4564988613128662,
    "avg_path_efficiency": 0.0,
    "avg_steps": 533.6666870117188,
    "best_episode_return": -4.957601070404053,
    "deterministic": 1.0,
    "seed_offset": 100000
  },
  "episodes": [
    {
      "episode_return": -76.84380724209008,
      "success": 0.0,
      "collision": 0.0,
      "min_obstacle_distance": 1.7010979652404785,
      "min_clearance": 1.3510979652404784,
      "path_length": 2.133364744133985,
      "start_to_goal_distance": 5.67656946182251,
      "steps": 620.0,
      "control_effort": 0.4759180007442351,
      "episode_duration": 20.666666666666668,
      "time_to_goal": null
    },
    {
      "episode_return": -85.28348764939194,
      "success": 0.0,
      "collision": 0.0,
      "min_obstacle_distance": 0.9145160913467407,
      "min_clearance": 0.5645160913467407,
      "path_length": 4.246065277955495,
      "start_to_goal_distance": 3.87174391746521,
      "steps": 620.0,
      "control_effort": 0.4417120636470856,
      "episode_duration": 20.666666666666668,
      "time_to_goal": null
    },
    {
      "episode_return": -106.31560552402166,
      "success": 0.0,
      "collision": 0.0,
      "min_obstacle_distance": 1.2902028560638428,
      "min_clearance": 0.9402028560638428,
      "path_length": 4.427657200198155,
      "start_to_goal_distance": 4.218926906585693,
      "steps": 620.0,
      "control_effort": 0.4587509494635367,
      "episode_duration": 20.666666666666668,
      "time_to_goal": null
    },
    {
      "episode_return": -62.88155841078732,
      "success": 0.0,
      "collision": 0.0,
      "min_obstacle_distance": 1.2444134950637817,
      "min_clearance": 0.8944134950637818,
      "path_length": 4.2096911031985655,
      "start_to_goal_distance": 3.8663716316223145,
      "steps": 620.0,
      "control_effort": 0.47630500481013327,
      "episode_duration": 20.666666666666668,
      "time_to_goal": null
    },
    {
      "episode_return": -41.63183575935263,
      "success": 0.0,
      "collision": 1.0,
      "min_obstacle_distance": 0.34713757038116455,
      "min_clearance": -0.002862429618835427,
      "path_length": 0.677749692753423,
      "start_to_goal_distance": 4.319121837615967,
      "steps": 102.0,
      "control_effort": 0.4238773333091362,
      "episode_duration": 3.4,
      "time_to_goal": null
    },
    {
      "episode_return": -4.957601018758297,
      "success": 0.0,
      "collision": 0.0,
      "min_obstacle_distance": 0.5382352471351624,
      "min_clearance": 0.18823524713516238,
      "path_length": 4.244362220459152,
      "start_to_goal_distance": 5.195745468139648,
      "steps": 620.0,
      "control_effort": 0.4624297025703615,
      "episode_duration": 20.666666666666668,
      "time_to_goal": null
    }
  ]
}