{
  "summary": {
    "train_episode": 360,
    "stage_index": 5,
    "stage_name": "medium_crossing_intro",
    "stage_episode": 20,
    "stage_eval_index": 1,
    "stage_target_hit": 0.0,
    "stage_success_streak": 0,
    "stage_best_success_rate": 1.0,
    "stage_best_collision_rate": 0.0,
    "stage_best_avg_return": 140.05494689941406,
    "stage_bad_eval_streak": 0,
    "stage_regression_active": 1.0,
    "stage_regression_bad_eval": 0.0,
    "stage_regression_absolute_drop": 0.0,
    "stage_regression_relative_drop": 0.0,
    "stage_regression_detected": 0.0,
    "stage_rollback_applied": 0.0,
    "stage_plateau_recovery_applied": 0.0,
    "num_episodes": 6,
    "success_rate": 1.0,
    "collision_rate": 0.0,
    "avg_episode_return": 140.05494689941406,
    "avg_path_length": 2.113396406173706,
    "avg_episode_duration": 8.577777862548828,
    "avg_time_to_goal": 8.577777862548828,
    "avg_min_obstacle_distance": 1.9751495122909546,
    "avg_min_clearance": 1.6251497268676758,
    "avg_control_effort": 0.7070744633674622,
    "avg_path_efficiency": 1.0,
    "avg_steps": 257.3333435058594,
    "best_episode_return": 142.2395477294922,
    "deterministic": 1.0,
    "seed_offset": 100000
  },
  "episodes": [
    {
      "episode_return": 142.2395546657533,
      "success": 1.0,
      "collision": 0.0,
      "min_obstacle_distance": 1.7372205257415771,
      "min_clearance": 1.387220525741577,
      "path_length": 2.2741480841941666,
      "start_to_goal_distance": 3.119013786315918,
      "steps": 275.0,
      "control_effort": 0.707042704929005,
      "episode_duration": 9.166666666666666,
      "time_to_goal": 9.166666666666666
    },
    {
      "episode_return": 137.8055159113673,
      "success": 1.0,
      "collision": 0.0,
      "min_obstacle_distance": 1.134955883026123,
      "min_clearance": 0.7849558830261231,
      "path_length": 1.8532026771572419,
      "start_to_goal_distance": 2.734668493270874,
      "steps": 222.0,
      "control_effort": 0.7070088024074966,
      "episode_duration": 7.4,
      "time_to_goal": 7.4
    },
    {
      "episode_return": 139.9022129703936,
      "success": 1.0,
      "collision": 0.0,
      "min_obstacle_distance": 2.0890064239501953,
      "min_clearance": 1.7390064239501952,
      "path_length": 2.049825815600343,
      "start_to_goal_distance": 2.9164505004882812,
      "steps": 246.0,
      "control_effort": 0.7071347057334776,
      "episode_duration": 8.2,
      "time_to_goal": 8.2
    },
    {
      "episode_return": 137.4091525099832,
      "success": 1.0,
      "collision": 0.0,
      "min_obstacle_distance": 1.8540922403335571,
      "min_clearance": 1.504092240333557,
      "path_length": 1.8936371720628813,
      "start_to_goal_distance": 2.713747501373291,
      "steps": 226.0,
      "control_effort": 0.7070140316423061,
      "episode_duration": 7.533333333333333,
      "time_to_goal": 7.533333333333333
    },
    {
      "episode_return": 141.22086541228393,
      "success": 1.0,
      "collision": 0.0,
      "min_obstacle_distance": 1.8686857223510742,
      "min_clearance": 1.5186857223510741,
      "path_length": 2.2578543726122007,
      "start_to_goal_distance": 3.0606095790863037,
      "steps": 284.0,
      "control_effort": 0.7072735600908038,
      "episode_duration": 9.466666666666667,
      "time_to_goal": 9.466666666666667
    },
    {
      "episode_return": 141.75233247326247,
      "success": 1.0,
      "collision": 0.0,
      "min_obstacle_distance": 3.1669368743896484,
      "min_clearance": 2.8169368743896483,
      "path_length": 2.351710249786265,
      "start_to_goal_distance": 3.106799364089966,
      "steps": 291.0,
      "control_effort": 0.7069730373592311,
      "episode_duration": 9.7,
      "time_to_goal": 9.7
    }
  ]
}