{
  "summary": {
    "train_episode": 2480,
    "stage_index": 7,
    "stage_name": "target_default_intro",
    "stage_episode": 1720,
    "stage_eval_index": 102,
    "stage_target_hit": 0.0,
    "stage_success_streak": 0,
    "stage_best_success_rate": 0.5,
    "stage_best_collision_rate": 0.0,
    "stage_best_avg_return": 73.55451202392578,
    "stage_bad_eval_streak": 86,
    "stage_regression_active": 1.0,
    "stage_regression_bad_eval": 1.0,
    "stage_regression_absolute_drop": 0.5,
    "stage_regression_relative_drop": 1.0,
    "stage_regression_detected": 1.0,
    "stage_rollback_applied": 0.0,
    "stage_plateau_recovery_applied": 0.0,
    "num_episodes": 6,
    "success_rate": 0.0,
    "collision_rate": 0.0,
    "avg_episode_return": -72.56488800048828,
    "avg_path_length": 4.184230804443359,
    "avg_episode_duration": 20.66666603088379,
    "avg_time_to_goal": 0.0,
    "avg_min_obstacle_distance": 0.9903329014778137,
    "avg_min_clearance": 0.6403328776359558,
    "avg_control_effort": 0.5005159378051758,
    "avg_path_efficiency": 0.0,
    "avg_steps": 620.0,
    "best_episode_return": -35.12125015258789,
    "deterministic": 1.0,
    "seed_offset": 100000
  },
  "episodes": [
    {
      "episode_return": -77.19863473911805,
      "success": 0.0,
      "collision": 0.0,
      "min_obstacle_distance": 1.5573821067810059,
      "min_clearance": 1.2073821067810058,
      "path_length": 3.549578662521256,
      "start_to_goal_distance": 5.67656946182251,
      "steps": 620.0,
      "control_effort": 0.4910415687868672,
      "episode_duration": 20.666666666666668,
      "time_to_goal": null
    },
    {
      "episode_return": -60.601548173402335,
      "success": 0.0,
      "collision": 0.0,
      "min_obstacle_distance": 0.7640384435653687,
      "min_clearance": 0.4140384435653687,
      "path_length": 4.285720768151805,
      "start_to_goal_distance": 3.87174391746521,
      "steps": 620.0,
      "control_effort": 0.47671607636636304,
      "episode_duration": 20.666666666666668,
      "time_to_goal": null
    },
    {
      "episode_return": -62.29547380895268,
      "success": 0.0,
      "collision": 0.0,
      "min_obstacle_distance": 1.1124935150146484,
      "min_clearance": 0.7624935150146485,
      "path_length": 4.360643353662454,
      "start_to_goal_distance": 4.218926906585693,
      "steps": 620.0,
      "control_effort": 0.5126341179974617,
      "episode_duration": 20.666666666666668,
      "time_to_goal": null
    },
    {
      "episode_return": -40.61244813017804,
      "success": 0.0,
      "collision": 0.0,
      "min_obstacle_distance": 1.3473912477493286,
      "min_clearance": 0.9973912477493286,
      "path_length": 4.442481151665561,
      "start_to_goal_distance": 3.8663716316223145,
      "steps": 620.0,
      "control_effort": 0.5176696545174045,
      "episode_duration": 20.666666666666668,
      "time_to_goal": null
    },
    {
      "episode_return": -159.55997520358346,
      "success": 0.0,
      "collision": 0.0,
      "min_obstacle_distance": 0.35841068625450134,
      "min_clearance": 0.008410686254501365,
      "path_length": 4.3815782881574705,
      "start_to_goal_distance": 4.319121837615967,
      "steps": 620.0,
      "control_effort": 0.5162760942693679,
      "episode_duration": 20.666666666666668,
      "time_to_goal": null
    },
    {
      "episode_return": -35.12124982364678,
      "success": 0.0,
      "collision": 0.0,
      "min_obstacle_distance": 0.8022814989089966,
      "min_clearance": 0.4522814989089966,
      "path_length": 4.08538246806711,
      "start_to_goal_distance": 5.195745468139648,
      "steps": 620.0,
      "control_effort": 0.4887580954259442,
      "episode_duration": 20.666666666666668,
      "time_to_goal": null
    }
  ]
}