{
  "summary": {
    "train_episode": 1320,
    "stage_index": 7,
    "stage_name": "target_default_intro",
    "stage_episode": 560,
    "stage_eval_index": 44,
    "stage_target_hit": 0.0,
    "stage_success_streak": 0,
    "stage_best_success_rate": 0.5,
    "stage_best_collision_rate": 0.0,
    "stage_best_avg_return": 73.55451202392578,
    "stage_bad_eval_streak": 28,
    "stage_regression_active": 1.0,
    "stage_regression_bad_eval": 1.0,
    "stage_regression_absolute_drop": 0.5,
    "stage_regression_relative_drop": 1.0,
    "stage_regression_detected": 1.0,
    "stage_rollback_applied": 0.0,
    "stage_plateau_recovery_applied": 0.0,
    "num_episodes": 6,
    "success_rate": 0.0,
    "collision_rate": 0.1666666716337204,
    "avg_episode_return": -33.71847915649414,
    "avg_path_length": 3.477494478225708,
    "avg_episode_duration": 20.616666793823242,
    "avg_time_to_goal": 0.0,
    "avg_min_obstacle_distance": 0.7109227776527405,
    "avg_min_clearance": 0.36092281341552734,
    "avg_control_effort": 0.5726573467254639,
    "avg_path_efficiency": 0.0,
    "avg_steps": 618.5,
    "best_episode_return": -9.369797706604004,
    "deterministic": 1.0,
    "seed_offset": 100000
  },
  "episodes": [
    {
      "episode_return": -19.942696837187206,
      "success": 0.0,
      "collision": 0.0,
      "min_obstacle_distance": 1.2663905620574951,
      "min_clearance": 0.9163905620574951,
      "path_length": 2.8920003450900236,
      "start_to_goal_distance": 5.67656946182251,
      "steps": 620.0,
      "control_effort": 0.5875587366281018,
      "episode_duration": 20.666666666666668,
      "time_to_goal": null
    },
    {
      "episode_return": -83.60218326076617,
      "success": 0.0,
      "collision": 0.0,
      "min_obstacle_distance": 0.3575654625892639,
      "min_clearance": 0.007565462589263938,
      "path_length": 3.0703748184418487,
      "start_to_goal_distance": 3.87174391746521,
      "steps": 620.0,
      "control_effort": 0.5656464886280799,
      "episode_duration": 20.666666666666668,
      "time_to_goal": null
    },
    {
      "episode_return": -9.369797656726174,
      "success": 0.0,
      "collision": 0.0,
      "min_obstacle_distance": 1.09883713722229,
      "min_clearance": 0.7488371372222901,
      "path_length": 3.550306362510092,
      "start_to_goal_distance": 4.218926906585693,
      "steps": 620.0,
      "control_effort": 0.5892663729767645,
      "episode_duration": 20.666666666666668,
      "time_to_goal": null
    },
    {
      "episode_return": -40.856703076411804,
      "success": 0.0,
      "collision": 0.0,
      "min_obstacle_distance": 0.368449330329895,
      "min_clearance": 0.018449330329895042,
      "path_length": 4.499785851337947,
      "start_to_goal_distance": 3.8663716316223145,
      "steps": 620.0,
      "control_effort": 0.5741887205070065,
      "episode_duration": 20.666666666666668,
      "time_to_goal": null
    },
    {
      "episode_return": -26.919534290698728,
      "success": 0.0,
      "collision": 0.0,
      "min_obstacle_distance": 0.8296390175819397,
      "min_clearance": 0.4796390175819397,
      "path_length": 2.4626988381101196,
      "start_to_goal_distance": 4.319121837615967,
      "steps": 620.0,
      "control_effort": 0.5641668974391876,
      "episode_duration": 20.666666666666668,
      "time_to_goal": null
    },
    {
      "episode_return": -21.619962979992476,
      "success": 0.0,
      "collision": 1.0,
      "min_obstacle_distance": 0.344655305147171,
      "min_clearance": -0.005344694852828957,
      "path_length": 4.389801532175625,
      "start_to_goal_distance": 5.195745468139648,
      "steps": 611.0,
      "control_effort": 0.5551171066718094,
      "episode_duration": 20.366666666666667,
      "time_to_goal": null
    }
  ]
}