{
  "episode_return": -23.12879903185275,
  "success": 0.0,
  "collision": 0.0,
  "min_obstacle_distance": 0.7622318863868713,
  "min_clearance": 0.41223188638687136,
  "path_length": 4.29980641102884,
  "start_to_goal_distance": 5.195745468139648,
  "steps": 620.0,
  "control_effort": 0.47715533169046526,
  "episode_duration": 20.666666666666668,
  "time_to_goal": null
}