{
  "episode_return": 104.80744913071396,
  "success": 1.0,
  "collision": 0.0,
  "min_obstacle_distance": 2.6229360103607178,
  "min_clearance": 2.2729360103607177,
  "path_length": 1.2692530352942413,
  "start_to_goal_distance": 2.2447426319122314,
  "steps": 159.0,
  "control_effort": 0.6897559019754518,
  "episode_duration": 5.3,
  "time_to_goal": 5.3
}