{
  "summary": {
    "train_episode": 1940,
    "stage_index": 7,
    "stage_name": "target_default_intro",
    "stage_episode": 1180,
    "stage_eval_index": 75,
    "stage_target_hit": 0.0,
    "stage_success_streak": 0,
    "stage_best_success_rate": 0.5,
    "stage_best_collision_rate": 0.0,
    "stage_best_avg_return": 73.55451202392578,
    "stage_bad_eval_streak": 59,
    "stage_regression_active": 1.0,
    "stage_regression_bad_eval": 1.0,
    "stage_regression_absolute_drop": 0.5,
    "stage_regression_relative_drop": 1.0,
    "stage_regression_detected": 1.0,
    "stage_rollback_applied": 0.0,
    "stage_plateau_recovery_applied": 0.0,
    "num_episodes": 6,
    "success_rate": 0.0,
    "collision_rate": 0.1666666716337204,
    "avg_episode_return": -38.34481430053711,
    "avg_path_length": 4.1245856285095215,
    "avg_episode_duration": 19.249998092651367,
    "avg_time_to_goal": 0.0,
    "avg_min_obstacle_distance": 0.5947743654251099,
    "avg_min_clearance": 0.24477434158325195,
    "avg_control_effort": 0.5484046339988708,
    "avg_path_efficiency": 0.0,
    "avg_steps": 577.5,
    "best_episode_return": -8.970914840698242,
    "deterministic": 1.0,
    "seed_offset": 100000
  },
  "episodes": [
    {
      "episode_return": -8.970914559419732,
      "success": 0.0,
      "collision": 1.0,
      "min_obstacle_distance": 0.34347212314605713,
      "min_clearance": -0.006527876853942849,
      "path_length": 2.5311393918236718,
      "start_to_goal_distance": 5.67656946182251,
      "steps": 365.0,
      "control_effort": 0.5729317096814718,
      "episode_duration": 12.166666666666666,
      "time_to_goal": null
    },
    {
      "episode_return": -80.97244853958584,
      "success": 0.0,
      "collision": 0.0,
      "min_obstacle_distance": 0.4394340217113495,
      "min_clearance": 0.08943402171134951,
      "path_length": 4.3868426973349415,
      "start_to_goal_distance": 3.87174391746521,
      "steps": 620.0,
      "control_effort": 0.5283896132342277,
      "episode_duration": 20.666666666666668,
      "time_to_goal": null
    },
    {
      "episode_return": -41.86122418179584,
      "success": 0.0,
      "collision": 0.0,
      "min_obstacle_distance": 0.9497314095497131,
      "min_clearance": 0.5997314095497132,
      "path_length": 4.533194841991644,
      "start_to_goal_distance": 4.218926906585693,
      "steps": 620.0,
      "control_effort": 0.5717830892532102,
      "episode_duration": 20.666666666666668,
      "time_to_goal": null
    },
    {
      "episode_return": -20.433293935506804,
      "success": 0.0,
      "collision": 0.0,
      "min_obstacle_distance": 0.7548425197601318,
      "min_clearance": 0.40484251976013186,
      "path_length": 4.542757852061186,
      "start_to_goal_distance": 3.8663716316223145,
      "steps": 620.0,
      "control_effort": 0.5480524836048003,
      "episode_duration": 20.666666666666668,
      "time_to_goal": null
    },
    {
      "episode_return": -67.3390979158094,
      "success": 0.0,
      "collision": 0.0,
      "min_obstacle_distance": 0.4954039752483368,
      "min_clearance": 0.14540397524833681,
      "path_length": 4.3845530186081305,
      "start_to_goal_distance": 4.319121837615967,
      "steps": 620.0,
      "control_effort": 0.5459158832027066,
      "episode_duration": 20.666666666666668,
      "time_to_goal": null
    },
    {
      "episode_return": -10.491913756947447,
      "success": 0.0,
      "collision": 0.0,
      "min_obstacle_distance": 0.5857620239257812,
      "min_clearance": 0.23576202392578127,
      "path_length": 4.369023346807808,
      "start_to_goal_distance": 5.195745468139648,
      "steps": 620.0,
      "control_effort": 0.5233549004120212,
      "episode_duration": 20.666666666666668,
      "time_to_goal": null
    }
  ]
}