{
  "episode_return": 54.05876560859441,
  "success": 0.0,
  "collision": 0.0,
  "min_obstacle_distance": 0.9376120567321777,
  "min_clearance": 0.5876120567321778,
  "path_length": 4.627367914188653,
  "start_to_goal_distance": 5.195745468139648,
  "steps": 620.0,
  "control_effort": 0.6691497434531489,
  "episode_duration": 20.666666666666668,
  "time_to_goal": null
}