{
  "summary": {
    "train_episode": 1340,
    "stage_index": 7,
    "stage_name": "target_default_intro",
    "stage_episode": 580,
    "stage_eval_index": 45,
    "stage_target_hit": 0.0,
    "stage_success_streak": 0,
    "stage_best_success_rate": 0.5,
    "stage_best_collision_rate": 0.0,
    "stage_best_avg_return": 73.55451202392578,
    "stage_bad_eval_streak": 29,
    "stage_regression_active": 1.0,
    "stage_regression_bad_eval": 1.0,
    "stage_regression_absolute_drop": 0.5,
    "stage_regression_relative_drop": 1.0,
    "stage_regression_detected": 1.0,
    "stage_rollback_applied": 0.0,
    "stage_plateau_recovery_applied": 0.0,
    "num_episodes": 6,
    "success_rate": 0.0,
    "collision_rate": 0.0,
    "avg_episode_return": -32.908748626708984,
    "avg_path_length": 3.33162522315979,
    "avg_episode_duration": 20.66666603088379,
    "avg_time_to_goal": 0.0,
    "avg_min_obstacle_distance": 0.839453399181366,
    "avg_min_clearance": 0.4894534647464752,
    "avg_control_effort": 0.5646599531173706,
    "avg_path_efficiency": 0.0,
    "avg_steps": 620.0,
    "best_episode_return": -1.5914111137390137,
    "deterministic": 1.0,
    "seed_offset": 100000
  },
  "episodes": [
    {
      "episode_return": -26.550699745610874,
      "success": 0.0,
      "collision": 0.0,
      "min_obstacle_distance": 1.4151808023452759,
      "min_clearance": 1.0651808023452758,
      "path_length": 2.712357063463192,
      "start_to_goal_distance": 5.67656946182251,
      "steps": 620.0,
      "control_effort": 0.5669956651426131,
      "episode_duration": 20.666666666666668,
      "time_to_goal": null
    },
    {
      "episode_return": -89.86089918077721,
      "success": 0.0,
      "collision": 0.0,
      "min_obstacle_distance": 0.3519154191017151,
      "min_clearance": 0.00191541910171511,
      "path_length": 2.8291916887459934,
      "start_to_goal_distance": 3.87174391746521,
      "steps": 620.0,
      "control_effort": 0.5534263484900998,
      "episode_duration": 20.666666666666668,
      "time_to_goal": null
    },
    {
      "episode_return": -12.518494678785043,
      "success": 0.0,
      "collision": 0.0,
      "min_obstacle_distance": 1.2043441534042358,
      "min_clearance": 0.8543441534042359,
      "path_length": 3.2397590803110052,
      "start_to_goal_distance": 4.218926906585693,
      "steps": 620.0,
      "control_effort": 0.5923129445122134,
      "episode_duration": 20.666666666666668,
      "time_to_goal": null
    },
    {
      "episode_return": -36.656417486350776,
      "success": 0.0,
      "collision": 0.0,
      "min_obstacle_distance": 0.5130892992019653,
      "min_clearance": 0.16308929920196535,
      "path_length": 4.419550415244885,
      "start_to_goal_distance": 3.8663716316223145,
      "steps": 620.0,
      "control_effort": 0.572485360022514,
      "episode_duration": 20.666666666666668,
      "time_to_goal": null
    },
    {
      "episode_return": -30.274564045043192,
      "success": 0.0,
      "collision": 0.0,
      "min_obstacle_distance": 0.8590738773345947,
      "min_clearance": 0.5090738773345947,
      "path_length": 2.290560556958006,
      "start_to_goal_distance": 4.319121837615967,
      "steps": 620.0,
      "control_effort": 0.5359479589327689,
      "episode_duration": 20.666666666666668,
      "time_to_goal": null
    },
    {
      "episode_return": -1.5914111281532612,
      "success": 0.0,
      "collision": 0.0,
      "min_obstacle_distance": 0.6931172609329224,
      "min_clearance": 0.3431172609329224,
      "path_length": 4.498334603733383,
      "start_to_goal_distance": 5.195745468139648,
      "steps": 620.0,
      "control_effort": 0.566791338401456,
      "episode_duration": 20.666666666666668,
      "time_to_goal": null
    }
  ]
}