{
  "episode_return": 104.77581925243142,
  "success": 1.0,
  "collision": 0.0,
  "min_obstacle_distance": 2.696038007736206,
  "min_clearance": 2.346038007736206,
  "path_length": 1.2718874366219097,
  "start_to_goal_distance": 2.2447426319122314,
  "steps": 164.0,
  "control_effort": 0.6899373258759336,
  "episode_duration": 5.466666666666667,
  "time_to_goal": 5.466666666666667
}