{
  "summary": {
    "train_episode": 1220,
    "stage_index": 7,
    "stage_name": "target_default_intro",
    "stage_episode": 460,
    "stage_eval_index": 39,
    "stage_target_hit": 0.0,
    "stage_success_streak": 0,
    "stage_best_success_rate": 0.5,
    "stage_best_collision_rate": 0.0,
    "stage_best_avg_return": 73.55451202392578,
    "stage_bad_eval_streak": 23,
    "stage_regression_active": 1.0,
    "stage_regression_bad_eval": 1.0,
    "stage_regression_absolute_drop": 0.5,
    "stage_regression_relative_drop": 1.0,
    "stage_regression_detected": 1.0,
    "stage_rollback_applied": 0.0,
    "stage_plateau_recovery_applied": 0.0,
    "num_episodes": 6,
    "success_rate": 0.0,
    "collision_rate": 0.3333333432674408,
    "avg_episode_return": -23.983469009399414,
    "avg_path_length": 3.18924617767334,
    "avg_episode_duration": 17.77777671813965,
    "avg_time_to_goal": 0.0,
    "avg_min_obstacle_distance": 0.7378363609313965,
    "avg_min_clearance": 0.38783636689186096,
    "avg_control_effort": 0.5874318480491638,
    "avg_path_efficiency": 0.0,
    "avg_steps": 533.3333129882812,
    "best_episode_return": 0.8228105902671814,
    "deterministic": 1.0,
    "seed_offset": 100000
  },
  "episodes": [
    {
      "episode_return": -18.923989407639404,
      "success": 0.0,
      "collision": 0.0,
      "min_obstacle_distance": 1.3097081184387207,
      "min_clearance": 0.9597081184387207,
      "path_length": 2.9688214562808373,
      "start_to_goal_distance": 5.67656946182251,
      "steps": 620.0,
      "control_effort": 0.5983216711590367,
      "episode_duration": 20.666666666666668,
      "time_to_goal": null
    },
    {
      "episode_return": -29.427288490399313,
      "success": 0.0,
      "collision": 1.0,
      "min_obstacle_distance": 0.346178263425827,
      "min_clearance": -0.0038217365741729514,
      "path_length": 1.0382382922980469,
      "start_to_goal_distance": 3.87174391746521,
      "steps": 144.0,
      "control_effort": 0.6053125564422872,
      "episode_duration": 4.8,
      "time_to_goal": null
    },
    {
      "episode_return": 0.8228106198817784,
      "success": 0.0,
      "collision": 0.0,
      "min_obstacle_distance": 1.2328402996063232,
      "min_clearance": 0.8828402996063233,
      "path_length": 3.7354198354565735,
      "start_to_goal_distance": 4.218926906585693,
      "steps": 620.0,
      "control_effort": 0.6025422249109514,
      "episode_duration": 20.666666666666668,
      "time_to_goal": null
    },
    {
      "episode_return": -19.209745400891734,
      "success": 0.0,
      "collision": 1.0,
      "min_obstacle_distance": 0.3474273979663849,
      "min_clearance": -0.00257260203361509,
      "path_length": 4.224567668745294,
      "start_to_goal_distance": 3.8663716316223145,
      "steps": 576.0,
      "control_effort": 0.5788770506365432,
      "episode_duration": 19.2,
      "time_to_goal": null
    },
    {
      "episode_return": -18.573060573802397,
      "success": 0.0,
      "collision": 0.0,
      "min_obstacle_distance": 0.8223147392272949,
      "min_clearance": 0.47231473922729494,
      "path_length": 2.6976124029167536,
      "start_to_goal_distance": 4.319121837615967,
      "steps": 620.0,
      "control_effort": 0.5649239130558507,
      "episode_duration": 20.666666666666668,
      "time_to_goal": null
    },
    {
      "episode_return": -58.58954482609229,
      "success": 0.0,
      "collision": 0.0,
      "min_obstacle_distance": 0.3685493469238281,
      "min_clearance": 0.018549346923828147,
      "path_length": 4.470817551220534,
      "start_to_goal_distance": 5.195745468139648,
      "steps": 620.0,
      "control_effort": 0.5746138713052196,
      "episode_duration": 20.666666666666668,
      "time_to_goal": null
    }
  ]
}