{
  "summary": {
    "train_episode": 700,
    "stage_index": 7,
    "stage_name": "target_default_intro",
    "stage_episode": 40,
    "stage_eval_index": 13,
    "stage_target_hit": 0.0,
    "stage_success_streak": 0,
    "stage_best_success_rate": 0.5,
    "stage_best_collision_rate": 0.0,
    "stage_best_avg_return": 73.55451202392578,
    "stage_bad_eval_streak": 1,
    "stage_regression_active": 1.0,
    "stage_regression_bad_eval": 1.0,
    "stage_regression_absolute_drop": 0.5,
    "stage_regression_relative_drop": 1.0,
    "stage_regression_detected": 1.0,
    "stage_rollback_applied": 0.0,
    "stage_plateau_recovery_applied": 0.0,
    "num_episodes": 6,
    "success_rate": 0.0,
    "collision_rate": 0.1666666716337204,
    "avg_episode_return": -2.951225996017456,
    "avg_path_length": 4.1470627784729,
    "avg_episode_duration": 18.7833309173584,
    "avg_time_to_goal": 0.0,
    "avg_min_obstacle_distance": 0.854191780090332,
    "avg_min_clearance": 0.5041918158531189,
    "avg_control_effort": 0.6623597741127014,
    "avg_path_efficiency": 0.0,
    "avg_steps": 563.5,
    "best_episode_return": 27.809703826904297,
    "deterministic": 1.0,
    "seed_offset": 100000
  },
  "episodes": [
    {
      "episode_return": -8.898235464420509,
      "success": 0.0,
      "collision": 0.0,
      "min_obstacle_distance": 1.145799994468689,
      "min_clearance": 0.795799994468689,
      "path_length": 4.4740926657104865,
      "start_to_goal_distance": 5.67656946182251,
      "steps": 620.0,
      "control_effort": 0.6719131532215303,
      "episode_duration": 20.666666666666668,
      "time_to_goal": null
    },
    {
      "episode_return": -50.62131662746411,
      "success": 0.0,
      "collision": 1.0,
      "min_obstacle_distance": 0.3497554361820221,
      "min_clearance": -0.00024456381797788307,
      "path_length": 2.0217240171768935,
      "start_to_goal_distance": 3.87174391746521,
      "steps": 281.0,
      "control_effort": 0.6533456247472254,
      "episode_duration": 9.366666666666667,
      "time_to_goal": null
    },
    {
      "episode_return": 4.77004424240446,
      "success": 0.0,
      "collision": 0.0,
      "min_obstacle_distance": 1.2287017107009888,
      "min_clearance": 0.8787017107009888,
      "path_length": 4.65092055106652,
      "start_to_goal_distance": 4.218926906585693,
      "steps": 620.0,
      "control_effort": 0.6660800518528107,
      "episode_duration": 20.666666666666668,
      "time_to_goal": null
    },
    {
      "episode_return": -4.652733598922417,
      "success": 0.0,
      "collision": 0.0,
      "min_obstacle_distance": 0.9059250950813293,
      "min_clearance": 0.5559250950813294,
      "path_length": 4.652914705584408,
      "start_to_goal_distance": 3.8663716316223145,
      "steps": 620.0,
      "control_effort": 0.6599347029962848,
      "episode_duration": 20.666666666666668,
      "time_to_goal": null
    },
    {
      "episode_return": 13.885177911336584,
      "success": 0.0,
      "collision": 0.0,
      "min_obstacle_distance": 0.8435499668121338,
      "min_clearance": 0.4935499668121338,
      "path_length": 4.539261213707505,
      "start_to_goal_distance": 4.319121837615967,
      "steps": 620.0,
      "control_effort": 0.6682047466116566,
      "episode_duration": 20.666666666666668,
      "time_to_goal": null
    },
    {
      "episode_return": 27.809703797339537,
      "success": 0.0,
      "collision": 0.0,
      "min_obstacle_distance": 0.6514187455177307,
      "min_clearance": 0.30141874551773074,
      "path_length": 4.543465793001815,
      "start_to_goal_distance": 5.195745468139648,
      "steps": 620.0,
      "control_effort": 0.6546802409233585,
      "episode_duration": 20.666666666666668,
      "time_to_goal": null
    }
  ]
}