{
  "episode_return": -4.023606272713195,
  "success": 0.0,
  "collision": 0.0,
  "min_obstacle_distance": 0.5881749987602234,
  "min_clearance": 0.2381749987602234,
  "path_length": 4.309989620058332,
  "start_to_goal_distance": 5.195745468139648,
  "steps": 620.0,
  "control_effort": 0.4981392530183638,
  "episode_duration": 20.666666666666668,
  "time_to_goal": null
}