{
  "episode_return": 6.200099423033002,
  "success": 0.0,
  "collision": 0.0,
  "min_obstacle_distance": 1.1300235986709595,
  "min_clearance": 0.7800235986709595,
  "path_length": 4.324768058315385,
  "start_to_goal_distance": 4.218926906585693,
  "steps": 620.0,
  "control_effort": 0.5702857921681096,
  "episode_duration": 20.666666666666668,
  "time_to_goal": null
}