{
  "episode_return": -12.636588690379849,
  "success": 0.0,
  "collision": 0.0,
  "min_obstacle_distance": 0.5041014552116394,
  "min_clearance": 0.15410145521163943,
  "path_length": 4.331158195913304,
  "start_to_goal_distance": 5.195745468139648,
  "steps": 620.0,
  "control_effort": 0.48264162367390046,
  "episode_duration": 20.666666666666668,
  "time_to_goal": null
}