{
  "summary": {
    "train_episode": 1200,
    "stage_index": 7,
    "stage_name": "target_default_intro",
    "stage_episode": 440,
    "stage_eval_index": 38,
    "stage_target_hit": 0.0,
    "stage_success_streak": 0,
    "stage_best_success_rate": 0.5,
    "stage_best_collision_rate": 0.0,
    "stage_best_avg_return": 73.55451202392578,
    "stage_bad_eval_streak": 22,
    "stage_regression_active": 1.0,
    "stage_regression_bad_eval": 1.0,
    "stage_regression_absolute_drop": 0.5,
    "stage_regression_relative_drop": 1.0,
    "stage_regression_detected": 1.0,
    "stage_rollback_applied": 0.0,
    "stage_plateau_recovery_applied": 0.0,
    "num_episodes": 6,
    "success_rate": 0.0,
    "collision_rate": 0.3333333432674408,
    "avg_episode_return": -24.365079879760742,
    "avg_path_length": 2.9520368576049805,
    "avg_episode_duration": 17.73333168029785,
    "avg_time_to_goal": 0.0,
    "avg_min_obstacle_distance": 0.7957472801208496,
    "avg_min_clearance": 0.44574734568595886,
    "avg_control_effort": 0.5993656516075134,
    "avg_path_efficiency": 0.0,
    "avg_steps": 532.0,
    "best_episode_return": -3.717944383621216,
    "deterministic": 1.0,
    "seed_offset": 100000
  },
  "episodes": [
    {
      "episode_return": -29.55390834067753,
      "success": 0.0,
      "collision": 0.0,
      "min_obstacle_distance": 1.5455195903778076,
      "min_clearance": 1.1955195903778075,
      "path_length": 2.4751286403189336,
      "start_to_goal_distance": 5.67656946182251,
      "steps": 620.0,
      "control_effort": 0.6022420689944298,
      "episode_duration": 20.666666666666668,
      "time_to_goal": null
    },
    {
      "episode_return": -28.702414935311474,
      "success": 0.0,
      "collision": 1.0,
      "min_obstacle_distance": 0.34625598788261414,
      "min_clearance": -0.003744012117385842,
      "path_length": 1.015750787795696,
      "start_to_goal_distance": 3.87174391746521,
      "steps": 150.0,
      "control_effort": 0.6189869777361552,
      "episode_duration": 5.0,
      "time_to_goal": null
    },
    {
      "episode_return": -3.7179443694446306,
      "success": 0.0,
      "collision": 0.0,
      "min_obstacle_distance": 1.2773205041885376,
      "min_clearance": 0.9273205041885376,
      "path_length": 3.313027799214609,
      "start_to_goal_distance": 4.218926906585693,
      "steps": 620.0,
      "control_effort": 0.6118874804627511,
      "episode_duration": 20.666666666666668,
      "time_to_goal": null
    },
    {
      "episode_return": -10.41410329292868,
      "success": 0.0,
      "collision": 1.0,
      "min_obstacle_distance": 0.3453448414802551,
      "min_clearance": -0.004655158519744851,
      "path_length": 4.08984604406578,
      "start_to_goal_distance": 3.8663716316223145,
      "steps": 562.0,
      "control_effort": 0.5989277935537155,
      "episode_duration": 18.733333333333334,
      "time_to_goal": null
    },
    {
      "episode_return": -27.788430406405,
      "success": 0.0,
      "collision": 0.0,
      "min_obstacle_distance": 0.8789600729942322,
      "min_clearance": 0.5289600729942322,
      "path_length": 2.3226920407296063,
      "start_to_goal_distance": 4.319121837615967,
      "steps": 620.0,
      "control_effort": 0.564420761504481,
      "episode_duration": 20.666666666666668,
      "time_to_goal": null
    },
    {
      "episode_return": -46.01366840873202,
      "success": 0.0,
      "collision": 0.0,
      "min_obstacle_distance": 0.38108304142951965,
      "min_clearance": 0.031083041429519676,
      "path_length": 4.4957766724110115,
      "start_to_goal_distance": 5.195745468139648,
      "steps": 620.0,
      "control_effort": 0.5997289792183906,
      "episode_duration": 20.666666666666668,
      "time_to_goal": null
    }
  ]
}