{
  "summary": {
    "train_episode": 1540,
    "stage_index": 7,
    "stage_name": "target_default_intro",
    "stage_episode": 780,
    "stage_eval_index": 55,
    "stage_target_hit": 0.0,
    "stage_success_streak": 0,
    "stage_best_success_rate": 0.5,
    "stage_best_collision_rate": 0.0,
    "stage_best_avg_return": 73.55451202392578,
    "stage_bad_eval_streak": 39,
    "stage_regression_active": 1.0,
    "stage_regression_bad_eval": 1.0,
    "stage_regression_absolute_drop": 0.5,
    "stage_regression_relative_drop": 1.0,
    "stage_regression_detected": 1.0,
    "stage_rollback_applied": 0.0,
    "stage_plateau_recovery_applied": 0.0,
    "num_episodes": 6,
    "success_rate": 0.0,
    "collision_rate": 0.1666666716337204,
    "avg_episode_return": -14.497845649719238,
    "avg_path_length": 4.177241802215576,
    "avg_episode_duration": 19.238887786865234,
    "avg_time_to_goal": 0.0,
    "avg_min_obstacle_distance": 0.7190902233123779,
    "avg_min_clearance": 0.36909019947052,
    "avg_control_effort": 0.5657724142074585,
    "avg_path_efficiency": 0.0,
    "avg_steps": 577.1666870117188,
    "best_episode_return": 12.231328010559082,
    "deterministic": 1.0,
    "seed_offset": 100000
  },
  "episodes": [
    {
      "episode_return": -10.958222832582525,
      "success": 0.0,
      "collision": 1.0,
      "min_obstacle_distance": 0.3497093617916107,
      "min_clearance": -0.00029063820838926,
      "path_length": 2.5741230893763714,
      "start_to_goal_distance": 5.67656946182251,
      "steps": 363.0,
      "control_effort": 0.613318226554177,
      "episode_duration": 12.1,
      "time_to_goal": null
    },
    {
      "episode_return": -1.8074520902884004,
      "success": 0.0,
      "collision": 0.0,
      "min_obstacle_distance": 0.7603707313537598,
      "min_clearance": 0.4103707313537598,
      "path_length": 4.435028423555195,
      "start_to_goal_distance": 3.87174391746521,
      "steps": 620.0,
      "control_effort": 0.5455793146164186,
      "episode_duration": 20.666666666666668,
      "time_to_goal": null
    },
    {
      "episode_return": -15.897081496388306,
      "success": 0.0,
      "collision": 0.0,
      "min_obstacle_distance": 0.9038582444190979,
      "min_clearance": 0.5538582444190979,
      "path_length": 4.524735039798543,
      "start_to_goal_distance": 4.218926906585693,
      "steps": 620.0,
      "control_effort": 0.5696628002389785,
      "episode_duration": 20.666666666666668,
      "time_to_goal": null
    },
    {
      "episode_return": 12.231328292651142,
      "success": 0.0,
      "collision": 0.0,
      "min_obstacle_distance": 1.2036128044128418,
      "min_clearance": 0.8536128044128418,
      "path_length": 4.5955636978033,
      "start_to_goal_distance": 3.8663716316223145,
      "steps": 620.0,
      "control_effort": 0.5654366968139526,
      "episode_duration": 20.666666666666668,
      "time_to_goal": null
    },
    {
      "episode_return": -48.01907566033621,
      "success": 0.0,
      "collision": 0.0,
      "min_obstacle_distance": 0.5025030374526978,
      "min_clearance": 0.15250303745269778,
      "path_length": 4.457578196597751,
      "start_to_goal_distance": 4.319121837615967,
      "steps": 620.0,
      "control_effort": 0.5524801644586748,
      "episode_duration": 20.666666666666668,
      "time_to_goal": null
    },
    {
      "episode_return": -22.536578196111204,
      "success": 0.0,
      "collision": 0.0,
      "min_obstacle_distance": 0.5944870114326477,
      "min_clearance": 0.24448701143264773,
      "path_length": 4.476420269114897,
      "start_to_goal_distance": 5.195745468139648,
      "steps": 620.0,
      "control_effort": 0.5481572406426553,
      "episode_duration": 20.666666666666668,
      "time_to_goal": null
    }
  ]
}