{
  "summary": {
    "train_episode": 660,
    "stage_index": 7,
    "stage_name": "target_default_intro",
    "stage_episode": 220,
    "stage_eval_index": 11,
    "stage_target_hit": 0.0,
    "stage_success_streak": 0,
    "stage_best_success_rate": 0.3333333432674408,
    "stage_best_collision_rate": 0.0,
    "stage_best_avg_return": 45.80244064331055,
    "stage_bad_eval_streak": 0,
    "stage_regression_active": 1.0,
    "stage_regression_bad_eval": 1.0,
    "stage_regression_absolute_drop": 0.1666666716337204,
    "stage_regression_relative_drop": 0.5,
    "stage_regression_detected": 1.0,
    "stage_rollback_applied": 0.0,
    "stage_plateau_recovery_applied": 1.0,
    "num_episodes": 6,
    "success_rate": 0.1666666716337204,
    "collision_rate": 0.0,
    "avg_episode_return": 19.799076080322266,
    "avg_path_length": 3.9205663204193115,
    "avg_episode_duration": 19.7277774810791,
    "avg_time_to_goal": 15.033333778381348,
    "avg_min_obstacle_distance": 0.9330937266349792,
    "avg_min_clearance": 0.5830937027931213,
    "avg_control_effort": 0.63815838098526,
    "avg_path_efficiency": 0.1666666716337204,
    "avg_steps": 591.8333129882812,
    "best_episode_return": 158.17771911621094,
    "deterministic": 1.0,
    "seed_offset": 100000
  },
  "episodes": [
    {
      "episode_return": -15.58624484213022,
      "success": 0.0,
      "collision": 0.0,
      "min_obstacle_distance": 1.164920449256897,
      "min_clearance": 0.814920449256897,
      "path_length": 3.8662299091794097,
      "start_to_goal_distance": 5.67656946182251,
      "steps": 620.0,
      "control_effort": 0.6508871161168621,
      "episode_duration": 20.666666666666668,
      "time_to_goal": null
    },
    {
      "episode_return": -15.379932319875572,
      "success": 0.0,
      "collision": 0.0,
      "min_obstacle_distance": 0.4208250343799591,
      "min_clearance": 0.07082503437995913,
      "path_length": 4.12889767512894,
      "start_to_goal_distance": 3.87174391746521,
      "steps": 620.0,
      "control_effort": 0.6270240243404143,
      "episode_duration": 20.666666666666668,
      "time_to_goal": null
    },
    {
      "episode_return": 14.014538335502351,
      "success": 0.0,
      "collision": 0.0,
      "min_obstacle_distance": 1.3087793588638306,
      "min_clearance": 0.9587793588638306,
      "path_length": 4.183495275059954,
      "start_to_goal_distance": 4.218926906585693,
      "steps": 620.0,
      "control_effort": 0.6448962377925073,
      "episode_duration": 20.666666666666668,
      "time_to_goal": null
    },
    {
      "episode_return": 158.17771753522317,
      "success": 1.0,
      "collision": 0.0,
      "min_obstacle_distance": 0.8953878283500671,
      "min_clearance": 0.5453878283500672,
      "path_length": 3.4056518448487623,
      "start_to_goal_distance": 3.8663716316223145,
      "steps": 451.0,
      "control_effort": 0.6339917718174717,
      "episode_duration": 15.033333333333333,
      "time_to_goal": 15.033333333333333
    },
    {
      "episode_return": 2.0356567288391645,
      "success": 0.0,
      "collision": 0.0,
      "min_obstacle_distance": 0.8283085227012634,
      "min_clearance": 0.47830852270126345,
      "path_length": 3.5376443973782585,
      "start_to_goal_distance": 4.319121837615967,
      "steps": 620.0,
      "control_effort": 0.6383501579684596,
      "episode_duration": 20.666666666666668,
      "time_to_goal": null
    },
    {
      "episode_return": -24.467278950611394,
      "success": 0.0,
      "collision": 0.0,
      "min_obstacle_distance": 0.9803411960601807,
      "min_clearance": 0.6303411960601807,
      "path_length": 4.401477423838514,
      "start_to_goal_distance": 5.195745468139648,
      "steps": 620.0,
      "control_effort": 0.6338007678908687,
      "episode_duration": 20.666666666666668,
      "time_to_goal": null
    }
  ]
}