{
  "summary": {
    "train_episode": 2520,
    "stage_index": 7,
    "stage_name": "target_default_intro",
    "stage_episode": 1760,
    "stage_eval_index": 104,
    "stage_target_hit": 0.0,
    "stage_success_streak": 0,
    "stage_best_success_rate": 0.5,
    "stage_best_collision_rate": 0.0,
    "stage_best_avg_return": 73.55451202392578,
    "stage_bad_eval_streak": 88,
    "stage_regression_active": 1.0,
    "stage_regression_bad_eval": 1.0,
    "stage_regression_absolute_drop": 0.5,
    "stage_regression_relative_drop": 1.0,
    "stage_regression_detected": 1.0,
    "stage_rollback_applied": 0.0,
    "stage_plateau_recovery_applied": 0.0,
    "num_episodes": 6,
    "success_rate": 0.0,
    "collision_rate": 0.1666666716337204,
    "avg_episode_return": -52.01411437988281,
    "avg_path_length": 3.567401170730591,
    "avg_episode_duration": 17.855554580688477,
    "avg_time_to_goal": 0.0,
    "avg_min_obstacle_distance": 0.9715340733528137,
    "avg_min_clearance": 0.6215340495109558,
    "avg_control_effort": 0.4981549084186554,
    "avg_path_efficiency": 0.0,
    "avg_steps": 535.6666870117188,
    "best_episode_return": -25.9071044921875,
    "deterministic": 1.0,
    "seed_offset": 100000
  },
  "episodes": [
    {
      "episode_return": -74.46325034476278,
      "success": 0.0,
      "collision": 0.0,
      "min_obstacle_distance": 1.6556715965270996,
      "min_clearance": 1.3056715965270995,
      "path_length": 3.3883434612792485,
      "start_to_goal_distance": 5.67656946182251,
      "steps": 620.0,
      "control_effort": 0.48550560383066055,
      "episode_duration": 20.666666666666668,
      "time_to_goal": null
    },
    {
      "episode_return": -62.51524861165962,
      "success": 0.0,
      "collision": 0.0,
      "min_obstacle_distance": 0.639918327331543,
      "min_clearance": 0.289918327331543,
      "path_length": 4.249095596722327,
      "start_to_goal_distance": 3.87174391746521,
      "steps": 620.0,
      "control_effort": 0.4776140944130959,
      "episode_duration": 20.666666666666668,
      "time_to_goal": null
    },
    {
      "episode_return": -66.45079141465972,
      "success": 0.0,
      "collision": 0.0,
      "min_obstacle_distance": 1.052681803703308,
      "min_clearance": 0.7026818037033081,
      "path_length": 4.344590477994643,
      "start_to_goal_distance": 4.218926906585693,
      "steps": 620.0,
      "control_effort": 0.5237519158951698,
      "episode_duration": 20.666666666666668,
      "time_to_goal": null
    },
    {
      "episode_return": -44.85227758915835,
      "success": 0.0,
      "collision": 0.0,
      "min_obstacle_distance": 1.3400757312774658,
      "min_clearance": 0.9900757312774658,
      "path_length": 4.501245559891686,
      "start_to_goal_distance": 3.8663716316223145,
      "steps": 620.0,
      "control_effort": 0.5212674008742455,
      "episode_duration": 20.666666666666668,
      "time_to_goal": null
    },
    {
      "episode_return": -37.89601860066687,
      "success": 0.0,
      "collision": 1.0,
      "min_obstacle_distance": 0.3496377468109131,
      "min_clearance": -0.00036225318908689186,
      "path_length": 0.7164788426598534,
      "start_to_goal_distance": 4.319121837615967,
      "steps": 114.0,
      "control_effort": 0.48228517854422853,
      "episode_duration": 3.8,
      "time_to_goal": null
    },
    {
      "episode_return": -25.90710372190008,
      "success": 0.0,
      "collision": 0.0,
      "min_obstacle_distance": 0.7912189960479736,
      "min_clearance": 0.44121899604797366,
      "path_length": 4.204653923516162,
      "start_to_goal_distance": 5.195745468139648,
      "steps": 620.0,
      "control_effort": 0.498505050136197,
      "episode_duration": 20.666666666666668,
      "time_to_goal": null
    }
  ]
}