{
  "summary": {
    "train_episode": 620,
    "stage_index": 7,
    "stage_name": "target_default_intro",
    "stage_episode": 180,
    "stage_eval_index": 9,
    "stage_target_hit": 0.0,
    "stage_success_streak": 0,
    "stage_best_success_rate": 0.3333333432674408,
    "stage_best_collision_rate": 0.0,
    "stage_best_avg_return": 45.80244064331055,
    "stage_bad_eval_streak": 2,
    "stage_regression_active": 1.0,
    "stage_regression_bad_eval": 1.0,
    "stage_regression_absolute_drop": 0.1666666716337204,
    "stage_regression_relative_drop": 0.5,
    "stage_regression_detected": 1.0,
    "stage_rollback_applied": 0.0,
    "stage_plateau_recovery_applied": 0.0,
    "num_episodes": 6,
    "success_rate": 0.1666666716337204,
    "collision_rate": 0.0,
    "avg_episode_return": 17.55446434020996,
    "avg_path_length": 3.9471073150634766,
    "avg_episode_duration": 19.844444274902344,
    "avg_time_to_goal": 15.733333587646484,
    "avg_min_obstacle_distance": 0.9456851482391357,
    "avg_min_clearance": 0.5956851243972778,
    "avg_control_effort": 0.6552388668060303,
    "avg_path_efficiency": 0.1666666716337204,
    "avg_steps": 595.3333129882812,
    "best_episode_return": 157.59579467773438,
    "deterministic": 1.0,
    "seed_offset": 100000
  },
  "episodes": [
    {
      "episode_return": -14.67599895230348,
      "success": 0.0,
      "collision": 0.0,
      "min_obstacle_distance": 1.2818353176116943,
      "min_clearance": 0.9318353176116944,
      "path_length": 3.8411640170102572,
      "start_to_goal_distance": 5.67656946182251,
      "steps": 620.0,
      "control_effort": 0.6643856336993555,
      "episode_duration": 20.666666666666668,
      "time_to_goal": null
    },
    {
      "episode_return": -35.83507474005043,
      "success": 0.0,
      "collision": 0.0,
      "min_obstacle_distance": 0.39903417229652405,
      "min_clearance": 0.04903417229652407,
      "path_length": 4.40724144465409,
      "start_to_goal_distance": 3.87174391746521,
      "steps": 620.0,
      "control_effort": 0.6500657284452069,
      "episode_duration": 20.666666666666668,
      "time_to_goal": null
    },
    {
      "episode_return": 3.823295998144239,
      "success": 0.0,
      "collision": 0.0,
      "min_obstacle_distance": 1.2844853401184082,
      "min_clearance": 0.9344853401184082,
      "path_length": 4.237941067520296,
      "start_to_goal_distance": 4.218926906585693,
      "steps": 620.0,
      "control_effort": 0.65913491345221,
      "episode_duration": 20.666666666666668,
      "time_to_goal": null
    },
    {
      "episode_return": 157.59579244661177,
      "success": 1.0,
      "collision": 0.0,
      "min_obstacle_distance": 0.9148975014686584,
      "min_clearance": 0.5648975014686585,
      "path_length": 3.3946624707823503,
      "start_to_goal_distance": 3.8663716316223145,
      "steps": 472.0,
      "control_effort": 0.6518865311044758,
      "episode_duration": 15.733333333333333,
      "time_to_goal": 15.733333333333333
    },
    {
      "episode_return": -4.4405463489623,
      "success": 0.0,
      "collision": 0.0,
      "min_obstacle_distance": 0.8327945470809937,
      "min_clearance": 0.4827945470809937,
      "path_length": 3.2254658783098478,
      "start_to_goal_distance": 4.319121837615967,
      "steps": 620.0,
      "control_effort": 0.6580502555254967,
      "episode_duration": 20.666666666666668,
      "time_to_goal": null
    },
    {
      "episode_return": -1.1406874453762086,
      "success": 0.0,
      "collision": 0.0,
      "min_obstacle_distance": 0.9610639810562134,
      "min_clearance": 0.6110639810562134,
      "path_length": 4.576167065650225,
      "start_to_goal_distance": 5.195745468139648,
      "steps": 620.0,
      "control_effort": 0.6479101070473271,
      "episode_duration": 20.666666666666668,
      "time_to_goal": null
    }
  ]
}