{
  "summary": {
    "train_episode": 2100,
    "stage_index": 7,
    "stage_name": "target_default_intro",
    "stage_episode": 1340,
    "stage_eval_index": 83,
    "stage_target_hit": 0.0,
    "stage_success_streak": 0,
    "stage_best_success_rate": 0.5,
    "stage_best_collision_rate": 0.0,
    "stage_best_avg_return": 73.55451202392578,
    "stage_bad_eval_streak": 67,
    "stage_regression_active": 1.0,
    "stage_regression_bad_eval": 1.0,
    "stage_regression_absolute_drop": 0.5,
    "stage_regression_relative_drop": 1.0,
    "stage_regression_detected": 1.0,
    "stage_rollback_applied": 0.0,
    "stage_plateau_recovery_applied": 0.0,
    "num_episodes": 6,
    "success_rate": 0.0,
    "collision_rate": 0.0,
    "avg_episode_return": -28.039718627929688,
    "avg_path_length": 4.477480888366699,
    "avg_episode_duration": 20.66666603088379,
    "avg_time_to_goal": 0.0,
    "avg_min_obstacle_distance": 0.8252427577972412,
    "avg_min_clearance": 0.4752427637577057,
    "avg_control_effort": 0.5568974614143372,
    "avg_path_efficiency": 0.0,
    "avg_steps": 620.0,
    "best_episode_return": -4.300187110900879,
    "deterministic": 1.0,
    "seed_offset": 100000
  },
  "episodes": [
    {
      "episode_return": -29.95303980465647,
      "success": 0.0,
      "collision": 0.0,
      "min_obstacle_distance": 0.5604191422462463,
      "min_clearance": 0.21041914224624636,
      "path_length": 4.531854473054409,
      "start_to_goal_distance": 5.67656946182251,
      "steps": 620.0,
      "control_effort": 0.5616244365611384,
      "episode_duration": 20.666666666666668,
      "time_to_goal": null
    },
    {
      "episode_return": -11.203450785588739,
      "success": 0.0,
      "collision": 0.0,
      "min_obstacle_distance": 1.0006183385849,
      "min_clearance": 0.6506183385848999,
      "path_length": 4.46853773330804,
      "start_to_goal_distance": 3.87174391746521,
      "steps": 620.0,
      "control_effort": 0.5452792569033561,
      "episode_duration": 20.666666666666668,
      "time_to_goal": null
    },
    {
      "episode_return": -11.533460204521063,
      "success": 0.0,
      "collision": 0.0,
      "min_obstacle_distance": 0.7726899981498718,
      "min_clearance": 0.42268999814987185,
      "path_length": 4.446767544723116,
      "start_to_goal_distance": 4.218926906585693,
      "steps": 620.0,
      "control_effort": 0.5699984034703623,
      "episode_duration": 20.666666666666668,
      "time_to_goal": null
    },
    {
      "episode_return": -4.3001872600215165,
      "success": 0.0,
      "collision": 0.0,
      "min_obstacle_distance": 1.3584401607513428,
      "min_clearance": 1.0084401607513427,
      "path_length": 4.495300394715741,
      "start_to_goal_distance": 3.8663716316223145,
      "steps": 620.0,
      "control_effort": 0.5628786165387399,
      "episode_duration": 20.666666666666668,
      "time_to_goal": null
    },
    {
      "episode_return": -87.74489574530776,
      "success": 0.0,
      "collision": 0.0,
      "min_obstacle_distance": 0.3928382098674774,
      "min_clearance": 0.04283820986747744,
      "path_length": 4.528925955994055,
      "start_to_goal_distance": 4.319121837615967,
      "steps": 620.0,
      "control_effort": 0.5570831715579956,
      "episode_duration": 20.666666666666668,
      "time_to_goal": null
    },
    {
      "episode_return": -23.503276718427507,
      "success": 0.0,
      "collision": 0.0,
      "min_obstacle_distance": 0.8664509654045105,
      "min_clearance": 0.5164509654045105,
      "path_length": 4.393499430501834,
      "start_to_goal_distance": 5.195745468139648,
      "steps": 620.0,
      "control_effort": 0.5445211656631962,
      "episode_duration": 20.666666666666668,
      "time_to_goal": null
    }
  ]
}