{
  "summary": {
    "train_episode": 1820,
    "stage_index": 7,
    "stage_name": "target_default_intro",
    "stage_episode": 1060,
    "stage_eval_index": 69,
    "stage_target_hit": 0.0,
    "stage_success_streak": 0,
    "stage_best_success_rate": 0.5,
    "stage_best_collision_rate": 0.0,
    "stage_best_avg_return": 73.55451202392578,
    "stage_bad_eval_streak": 53,
    "stage_regression_active": 1.0,
    "stage_regression_bad_eval": 1.0,
    "stage_regression_absolute_drop": 0.5,
    "stage_regression_relative_drop": 1.0,
    "stage_regression_detected": 1.0,
    "stage_rollback_applied": 0.0,
    "stage_plateau_recovery_applied": 0.0,
    "num_episodes": 6,
    "success_rate": 0.0,
    "collision_rate": 0.0,
    "avg_episode_return": -23.134231567382812,
    "avg_path_length": 4.396851539611816,
    "avg_episode_duration": 20.66666603088379,
    "avg_time_to_goal": 0.0,
    "avg_min_obstacle_distance": 0.7245705723762512,
    "avg_min_clearance": 0.3745706081390381,
    "avg_control_effort": 0.5422502160072327,
    "avg_path_efficiency": 0.0,
    "avg_steps": 620.0,
    "best_episode_return": -6.493978023529053,
    "deterministic": 1.0,
    "seed_offset": 100000
  },
  "episodes": [
    {
      "episode_return": -11.453526145643416,
      "success": 0.0,
      "collision": 0.0,
      "min_obstacle_distance": 0.551677405834198,
      "min_clearance": 0.20167740583419802,
      "path_length": 4.317945878021419,
      "start_to_goal_distance": 5.67656946182251,
      "steps": 620.0,
      "control_effort": 0.5565128380733152,
      "episode_duration": 20.666666666666668,
      "time_to_goal": null
    },
    {
      "episode_return": -16.450661789316104,
      "success": 0.0,
      "collision": 0.0,
      "min_obstacle_distance": 0.843689501285553,
      "min_clearance": 0.493689501285553,
      "path_length": 4.417680312821176,
      "start_to_goal_distance": 3.87174391746521,
      "steps": 620.0,
      "control_effort": 0.5196989973225902,
      "episode_duration": 20.666666666666668,
      "time_to_goal": null
    },
    {
      "episode_return": -20.847564522263415,
      "success": 0.0,
      "collision": 0.0,
      "min_obstacle_distance": 0.7895684242248535,
      "min_clearance": 0.43956842422485354,
      "path_length": 4.371077697491273,
      "start_to_goal_distance": 4.218926906585693,
      "steps": 620.0,
      "control_effort": 0.5565118069129605,
      "episode_duration": 20.666666666666668,
      "time_to_goal": null
    },
    {
      "episode_return": -6.493977943984721,
      "success": 0.0,
      "collision": 0.0,
      "min_obstacle_distance": 1.075202465057373,
      "min_clearance": 0.7252024650573731,
      "path_length": 4.509120307688136,
      "start_to_goal_distance": 3.8663716316223145,
      "steps": 620.0,
      "control_effort": 0.5506089617648432,
      "episode_duration": 20.666666666666668,
      "time_to_goal": null
    },
    {
      "episode_return": -62.01675180498276,
      "success": 0.0,
      "collision": 0.0,
      "min_obstacle_distance": 0.44793298840522766,
      "min_clearance": 0.09793298840522768,
      "path_length": 4.41222926939372,
      "start_to_goal_distance": 4.319121837615967,
      "steps": 620.0,
      "control_effort": 0.5412980898253379,
      "episode_duration": 20.666666666666668,
      "time_to_goal": null
    },
    {
      "episode_return": -21.542903877841734,
      "success": 0.0,
      "collision": 0.0,
      "min_obstacle_distance": 0.6393529772758484,
      "min_clearance": 0.2893529772758484,
      "path_length": 4.353055645595305,
      "start_to_goal_distance": 5.195745468139648,
      "steps": 620.0,
      "control_effort": 0.5288706096429978,
      "episode_duration": 20.666666666666668,
      "time_to_goal": null
    }
  ]
}