{
  "episode_return": 74.39611777835285,
  "success": 1.0,
  "collision": 0.0,
  "min_obstacle_distance": 3.220306634902954,
  "min_clearance": 2.870306634902954,
  "path_length": 0.46874393324469565,
  "start_to_goal_distance": 1.5598070621490479,
  "steps": 66.0,
  "control_effort": 0.6718757856975902,
  "episode_duration": 2.2,
  "time_to_goal": 2.2
}