{
  "summary": {
    "train_episode": 20,
    "stage_index": 0,
    "stage_name": "target_default_intro",
    "stage_episode": 20,
    "stage_eval_index": 3,
    "stage_target_hit": 0.0,
    "stage_success_streak": 0,
    "stage_best_success_rate": 0.0,
    "stage_best_collision_rate": 0.10000000149011612,
    "stage_best_avg_return": 5.603490352630615,
    "stage_bad_eval_streak": 0,
    "stage_regression_active": 0.0,
    "stage_regression_bad_eval": 0.0,
    "stage_regression_absolute_drop": 0.0,
    "stage_regression_relative_drop": 0.0,
    "stage_regression_detected": 0.0,
    "stage_rollback_applied": 0.0,
    "stage_plateau_recovery_applied": 0.0,
    "num_episodes": 10,
    "success_rate": 0.0,
    "collision_rate": 0.10000000149011612,
    "avg_episode_return": 5.603490352630615,
    "avg_path_length": 3.689110517501831,
    "avg_episode_duration": 18.503332138061523,
    "avg_time_to_goal": 0.0,
    "avg_min_obstacle_distance": 0.9462506175041199,
    "avg_min_clearance": 0.596250593662262,
    "avg_control_effort": 0.6532379984855652,
    "avg_path_efficiency": 0.0,
    "avg_steps": 555.0999755859375,
    "best_episode_return": 35.30276107788086,
    "deterministic": 1.0,
    "seed_offset": 100000
  },
  "episodes": [
    {
      "episode_return": -15.229667374811143,
      "success": 0.0,
      "collision": 0.0,
      "min_obstacle_distance": 1.519530177116394,
      "min_clearance": 1.169530177116394,
      "path_length": 3.23117826654925,
      "start_to_goal_distance": 5.67656946182251,
      "steps": 560.0,
      "control_effort": 0.6555316285363265,
      "episode_duration": 18.666666666666668,
      "time_to_goal": null
    },
    {
      "episode_return": 24.45556322043639,
      "success": 0.0,
      "collision": 0.0,
      "min_obstacle_distance": 0.5754466652870178,
      "min_clearance": 0.22544666528701784,
      "path_length": 3.838398130668793,
      "start_to_goal_distance": 3.87174391746521,
      "steps": 560.0,
      "control_effort": 0.6489770122936793,
      "episode_duration": 18.666666666666668,
      "time_to_goal": null
    },
    {
      "episode_return": 3.534774412515503,
      "success": 0.0,
      "collision": 0.0,
      "min_obstacle_distance": 1.3086751699447632,
      "min_clearance": 0.9586751699447632,
      "path_length": 3.9681018413975835,
      "start_to_goal_distance": 4.218926906585693,
      "steps": 560.0,
      "control_effort": 0.6545912251940795,
      "episode_duration": 18.666666666666668,
      "time_to_goal": null
    },
    {
      "episode_return": -2.0092612674252663,
      "success": 0.0,
      "collision": 1.0,
      "min_obstacle_distance": 0.3485129475593567,
      "min_clearance": -0.0014870524406432883,
      "path_length": 3.597875458188355,
      "start_to_goal_distance": 3.8663716316223145,
      "steps": 511.0,
      "control_effort": 0.6484759494283194,
      "episode_duration": 17.033333333333335,
      "time_to_goal": null
    },
    {
      "episode_return": -5.131168166942139,
      "success": 0.0,
      "collision": 0.0,
      "min_obstacle_distance": 0.9828996062278748,
      "min_clearance": 0.6328996062278748,
      "path_length": 3.770006257604109,
      "start_to_goal_distance": 4.319121837615967,
      "steps": 560.0,
      "control_effort": 0.6550246142915317,
      "episode_duration": 18.666666666666668,
      "time_to_goal": null
    },
    {
      "episode_return": 10.458842960751198,
      "success": 0.0,
      "collision": 0.0,
      "min_obstacle_distance": 1.3673546314239502,
      "min_clearance": 1.01735463142395,
      "path_length": 3.78833720376133,
      "start_to_goal_distance": 5.195745468139648,
      "steps": 560.0,
      "control_effort": 0.6582536875137261,
      "episode_duration": 18.666666666666668,
      "time_to_goal": null
    },
    {
      "episode_return": 35.30276074834397,
      "success": 0.0,
      "collision": 0.0,
      "min_obstacle_distance": 0.8913390636444092,
      "min_clearance": 0.5413390636444092,
      "path_length": 3.862781599833397,
      "start_to_goal_distance": 3.8741517066955566,
      "steps": 560.0,
      "control_effort": 0.6542658772851739,
      "episode_duration": 18.666666666666668,
      "time_to_goal": null
    },
    {
      "episode_return": 12.220723255044227,
      "success": 0.0,
      "collision": 0.0,
      "min_obstacle_distance": 0.5574957728385925,
      "min_clearance": 0.20749577283859255,
      "path_length": 3.955498014911427,
      "start_to_goal_distance": 4.822974681854248,
      "steps": 560.0,
      "control_effort": 0.6505275793373585,
      "episode_duration": 18.666666666666668,
      "time_to_goal": null
    },
    {
      "episode_return": 3.114151608169493,
      "success": 0.0,
      "collision": 0.0,
      "min_obstacle_distance": 0.8442931175231934,
      "min_clearance": 0.4942931175231934,
      "path_length": 3.871352430724073,
      "start_to_goal_distance": 5.504796504974365,
      "steps": 560.0,
      "control_effort": 0.6554007610040051,
      "episode_duration": 18.666666666666668,
      "time_to_goal": null
    },
    {
      "episode_return": -10.681817334931871,
      "success": 0.0,
      "collision": 0.0,
      "min_obstacle_distance": 1.0669585466384888,
      "min_clearance": 0.7169585466384888,
      "path_length": 3.0075756215373985,
      "start_to_goal_distance": 4.785189151763916,
      "steps": 560.0,
      "control_effort": 0.6513317332736084,
      "episode_duration": 18.666666666666668,
      "time_to_goal": null
    }
  ]
}