{
  "summary": {
    "train_episode": 30,
    "stage_index": 0,
    "stage_name": "target_default_intro",
    "stage_episode": 30,
    "stage_eval_index": 4,
    "stage_target_hit": 0.0,
    "stage_success_streak": 0,
    "stage_best_success_rate": 0.0,
    "stage_best_collision_rate": 0.10000000149011612,
    "stage_best_avg_return": 5.603490352630615,
    "stage_bad_eval_streak": 0,
    "stage_regression_active": 0.0,
    "stage_regression_bad_eval": 0.0,
    "stage_regression_absolute_drop": 0.0,
    "stage_regression_relative_drop": 0.0,
    "stage_regression_detected": 0.0,
    "stage_rollback_applied": 0.0,
    "stage_plateau_recovery_applied": 0.0,
    "num_episodes": 10,
    "success_rate": 0.0,
    "collision_rate": 0.10000000149011612,
    "avg_episode_return": -0.9379373788833618,
    "avg_path_length": 3.530148983001709,
    "avg_episode_duration": 18.48000144958496,
    "avg_time_to_goal": 0.0,
    "avg_min_obstacle_distance": 0.9534990191459656,
    "avg_min_clearance": 0.6034989356994629,
    "avg_control_effort": 0.6590414047241211,
    "avg_path_efficiency": 0.0,
    "avg_steps": 554.4000244140625,
    "best_episode_return": 37.59724426269531,
    "deterministic": 1.0,
    "seed_offset": 100000
  },
  "episodes": [
    {
      "episode_return": -39.66339655311212,
      "success": 0.0,
      "collision": 0.0,
      "min_obstacle_distance": 1.541360855102539,
      "min_clearance": 1.191360855102539,
      "path_length": 2.4036083793606196,
      "start_to_goal_distance": 5.67656946182251,
      "steps": 560.0,
      "control_effort": 0.6638097990836416,
      "episode_duration": 18.666666666666668,
      "time_to_goal": null
    },
    {
      "episode_return": 27.20890869972026,
      "success": 0.0,
      "collision": 0.0,
      "min_obstacle_distance": 0.5209808945655823,
      "min_clearance": 0.1709808945655823,
      "path_length": 3.969900509750005,
      "start_to_goal_distance": 3.87174391746521,
      "steps": 560.0,
      "control_effort": 0.6532309283103261,
      "episode_duration": 18.666666666666668,
      "time_to_goal": null
    },
    {
      "episode_return": -3.0979431812400122,
      "success": 0.0,
      "collision": 0.0,
      "min_obstacle_distance": 1.407963752746582,
      "min_clearance": 1.057963752746582,
      "path_length": 3.6734665428230073,
      "start_to_goal_distance": 4.218926906585693,
      "steps": 560.0,
      "control_effort": 0.6608380764722824,
      "episode_duration": 18.666666666666668,
      "time_to_goal": null
    },
    {
      "episode_return": 0.5790477174219788,
      "success": 0.0,
      "collision": 1.0,
      "min_obstacle_distance": 0.346781462430954,
      "min_clearance": -0.0032185375690459983,
      "path_length": 3.543815239419928,
      "start_to_goal_distance": 3.8663716316223145,
      "steps": 504.0,
      "control_effort": 0.6530938342450157,
      "episode_duration": 16.8,
      "time_to_goal": null
    },
    {
      "episode_return": -6.352881944785786,
      "success": 0.0,
      "collision": 0.0,
      "min_obstacle_distance": 0.9613480567932129,
      "min_clearance": 0.6113480567932129,
      "path_length": 3.801426342135528,
      "start_to_goal_distance": 4.319121837615967,
      "steps": 560.0,
      "control_effort": 0.6608661353588104,
      "episode_duration": 18.666666666666668,
      "time_to_goal": null
    },
    {
      "episode_return": 15.630125243528788,
      "success": 0.0,
      "collision": 0.0,
      "min_obstacle_distance": 1.2424744367599487,
      "min_clearance": 0.8924744367599488,
      "path_length": 3.9178419871605,
      "start_to_goal_distance": 5.195745468139648,
      "steps": 560.0,
      "control_effort": 0.6584671755986554,
      "episode_duration": 18.666666666666668,
      "time_to_goal": null
    },
    {
      "episode_return": 37.59724420118189,
      "success": 0.0,
      "collision": 0.0,
      "min_obstacle_distance": 0.8170148730278015,
      "min_clearance": 0.46701487302780154,
      "path_length": 4.068470553174848,
      "start_to_goal_distance": 3.8741517066955566,
      "steps": 560.0,
      "control_effort": 0.6584755592048168,
      "episode_duration": 18.666666666666668,
      "time_to_goal": null
    },
    {
      "episode_return": -8.195986189872698,
      "success": 0.0,
      "collision": 0.0,
      "min_obstacle_distance": 0.49075818061828613,
      "min_clearance": 0.14075818061828616,
      "path_length": 3.933804544067243,
      "start_to_goal_distance": 4.822974681854248,
      "steps": 560.0,
      "control_effort": 0.6589372404984065,
      "episode_duration": 18.666666666666668,
      "time_to_goal": null
    },
    {
      "episode_return": -7.377382098144743,
      "success": 0.0,
      "collision": 0.0,
      "min_obstacle_distance": 0.9704034328460693,
      "min_clearance": 0.6204034328460694,
      "path_length": 3.4971785919512968,
      "start_to_goal_distance": 5.504796504974365,
      "steps": 560.0,
      "control_effort": 0.6646117780889783,
      "episode_duration": 18.666666666666668,
      "time_to_goal": null
    },
    {
      "episode_return": -25.70711123157298,
      "success": 0.0,
      "collision": 0.0,
      "min_obstacle_distance": 1.2359036207199097,
      "min_clearance": 0.8859036207199097,
      "path_length": 2.491977719017676,
      "start_to_goal_distance": 4.785189151763916,
      "steps": 560.0,
      "control_effort": 0.6580833277532032,
      "episode_duration": 18.666666666666668,
      "time_to_goal": null
    }
  ]
}