{
  "episode_return": 13.31359678425202,
  "success": 0.0,
  "collision": 0.0,
  "min_obstacle_distance": 0.913329541683197,
  "min_clearance": 0.563329541683197,
  "path_length": 3.8666213454889657,
  "start_to_goal_distance": 3.8741517066955566,
  "steps": 560.0,
  "control_effort": 0.6512535430490971,
  "episode_duration": 18.666666666666668,
  "time_to_goal": null
}