{
  "episode_return": 13.092290324582429,
  "success": 0.0,
  "collision": 0.0,
  "min_obstacle_distance": 0.900312602519989,
  "min_clearance": 0.550312602519989,
  "path_length": 3.8441038584860507,
  "start_to_goal_distance": 3.8741517066955566,
  "steps": 560.0,
  "control_effort": 0.6565440654754638,
  "episode_duration": 18.666666666666668,
  "time_to_goal": null
}