{
  "episode_return": 15.522487108648981,
  "success": 0.0,
  "collision": 0.0,
  "min_obstacle_distance": 0.9282119274139404,
  "min_clearance": 0.5782119274139405,
  "path_length": 3.664248581044376,
  "start_to_goal_distance": 3.8741517066955566,
  "steps": 560.0,
  "control_effort": 0.6567310656820025,
  "episode_duration": 18.666666666666668,
  "time_to_goal": null
}