{
  "summary": {
    "train_episode": 50,
    "stage_index": 0,
    "stage_name": "target_default_intro",
    "stage_episode": 50,
    "stage_eval_index": 6,
    "stage_target_hit": 0.0,
    "stage_success_streak": 0,
    "stage_best_success_rate": 0.0,
    "stage_best_collision_rate": 0.10000000149011612,
    "stage_best_avg_return": 5.603490352630615,
    "stage_bad_eval_streak": 0,
    "stage_regression_active": 0.0,
    "stage_regression_bad_eval": 0.0,
    "stage_regression_absolute_drop": 0.0,
    "stage_regression_relative_drop": 0.0,
    "stage_regression_detected": 0.0,
    "stage_rollback_applied": 0.0,
    "stage_plateau_recovery_applied": 0.0,
    "num_episodes": 10,
    "success_rate": 0.0,
    "collision_rate": 0.10000000149011612,
    "avg_episode_return": -21.91783332824707,
    "avg_path_length": 3.475062131881714,
    "avg_episode_duration": 18.506668090820312,
    "avg_time_to_goal": 0.0,
    "avg_min_obstacle_distance": 0.9528523683547974,
    "avg_min_clearance": 0.6028523445129395,
    "avg_control_effort": 0.662800133228302,
    "avg_path_efficiency": 0.0,
    "avg_steps": 555.2000122070312,
    "best_episode_return": 17.050376892089844,
    "deterministic": 1.0,
    "seed_offset": 100000
  },
  "episodes": [
    {
      "episode_return": -44.22982099557212,
      "success": 0.0,
      "collision": 0.0,
      "min_obstacle_distance": 1.550012469291687,
      "min_clearance": 1.200012469291687,
      "path_length": 2.3952364108191126,
      "start_to_goal_distance": 5.67656946182251,
      "steps": 560.0,
      "control_effort": 0.6674388261778014,
      "episode_duration": 18.666666666666668,
      "time_to_goal": null
    },
    {
      "episode_return": -6.331593402860619,
      "success": 0.0,
      "collision": 0.0,
      "min_obstacle_distance": 0.513765275478363,
      "min_clearance": 0.16376527547836306,
      "path_length": 3.926986294129165,
      "start_to_goal_distance": 3.87174391746521,
      "steps": 560.0,
      "control_effort": 0.6576451626207147,
      "episode_duration": 18.666666666666668,
      "time_to_goal": null
    },
    {
      "episode_return": -16.88941114933015,
      "success": 0.0,
      "collision": 0.0,
      "min_obstacle_distance": 1.3913815021514893,
      "min_clearance": 1.0413815021514892,
      "path_length": 3.7008060291409492,
      "start_to_goal_distance": 4.218926906585693,
      "steps": 560.0,
      "control_effort": 0.6625989488192967,
      "episode_duration": 18.666666666666668,
      "time_to_goal": null
    },
    {
      "episode_return": -3.178375761547656,
      "success": 0.0,
      "collision": 1.0,
      "min_obstacle_distance": 0.34319159388542175,
      "min_clearance": -0.006808406114578225,
      "path_length": 3.5801916250784416,
      "start_to_goal_distance": 3.8663716316223145,
      "steps": 512.0,
      "control_effort": 0.6573539121309295,
      "episode_duration": 17.066666666666666,
      "time_to_goal": null
    },
    {
      "episode_return": -22.092823242547887,
      "success": 0.0,
      "collision": 0.0,
      "min_obstacle_distance": 0.924322247505188,
      "min_clearance": 0.574322247505188,
      "path_length": 3.305453781533288,
      "start_to_goal_distance": 4.319121837615967,
      "steps": 560.0,
      "control_effort": 0.6666489110461303,
      "episode_duration": 18.666666666666668,
      "time_to_goal": null
    },
    {
      "episode_return": 3.378734995637771,
      "success": 0.0,
      "collision": 0.0,
      "min_obstacle_distance": 1.1903917789459229,
      "min_clearance": 0.8403917789459229,
      "path_length": 3.9425952541350853,
      "start_to_goal_distance": 5.195745468139648,
      "steps": 560.0,
      "control_effort": 0.6574191541544029,
      "episode_duration": 18.666666666666668,
      "time_to_goal": null
    },
    {
      "episode_return": 17.050376471334367,
      "success": 0.0,
      "collision": 0.0,
      "min_obstacle_distance": 0.8828615546226501,
      "min_clearance": 0.5328615546226502,
      "path_length": 3.978925968069234,
      "start_to_goal_distance": 3.8741517066955566,
      "steps": 560.0,
      "control_effort": 0.6620946714920657,
      "episode_duration": 18.666666666666668,
      "time_to_goal": null
    },
    {
      "episode_return": -98.41305283042246,
      "success": 0.0,
      "collision": 0.0,
      "min_obstacle_distance": 0.3739674985408783,
      "min_clearance": 0.023967498540878318,
      "path_length": 3.941937506067916,
      "start_to_goal_distance": 4.822974681854248,
      "steps": 560.0,
      "control_effort": 0.6636910265045507,
      "episode_duration": 18.666666666666668,
      "time_to_goal": null
    },
    {
      "episode_return": -22.398733890005072,
      "success": 0.0,
      "collision": 0.0,
      "min_obstacle_distance": 1.0654033422470093,
      "min_clearance": 0.7154033422470093,
      "path_length": 3.268855416061186,
      "start_to_goal_distance": 5.504796504974365,
      "steps": 560.0,
      "control_effort": 0.6725208794432027,
      "episode_duration": 18.666666666666668,
      "time_to_goal": null
    },
    {
      "episode_return": -26.073635138116323,
      "success": 0.0,
      "collision": 0.0,
      "min_obstacle_distance": 1.2932260036468506,
      "min_clearance": 0.9432260036468506,
      "path_length": 2.7096316382597294,
      "start_to_goal_distance": 4.785189151763916,
      "steps": 560.0,
      "control_effort": 0.6605900802782604,
      "episode_duration": 18.666666666666668,
      "time_to_goal": null
    }
  ]
}