{
  "summary": {
    "train_episode": 100,
    "stage_index": 0,
    "stage_name": "target_default_intro",
    "stage_episode": 100,
    "stage_eval_index": 11,
    "stage_target_hit": 0.0,
    "stage_success_streak": 0,
    "stage_best_success_rate": 0.0,
    "stage_best_collision_rate": 0.0,
    "stage_best_avg_return": -26.982219696044922,
    "stage_bad_eval_streak": 0,
    "stage_regression_active": 0.0,
    "stage_regression_bad_eval": 0.0,
    "stage_regression_absolute_drop": 0.0,
    "stage_regression_relative_drop": 0.0,
    "stage_regression_detected": 0.0,
    "stage_rollback_applied": 0.0,
    "stage_plateau_recovery_applied": 0.0,
    "num_episodes": 10,
    "success_rate": 0.0,
    "collision_rate": 0.10000000149011612,
    "avg_episode_return": -30.008563995361328,
    "avg_path_length": 3.304391860961914,
    "avg_episode_duration": 18.55666732788086,
    "avg_time_to_goal": 0.0,
    "avg_min_obstacle_distance": 0.9664584398269653,
    "avg_min_clearance": 0.6164583563804626,
    "avg_control_effort": 0.6597042679786682,
    "avg_path_efficiency": 0.0,
    "avg_steps": 556.7000122070312,
    "best_episode_return": 11.933972358703613,
    "deterministic": 1.0,
    "seed_offset": 100000
  },
  "episodes": [
    {
      "episode_return": -55.468492133938156,
      "success": 0.0,
      "collision": 0.0,
      "min_obstacle_distance": 1.5708500146865845,
      "min_clearance": 1.2208500146865844,
      "path_length": 2.1823772118762435,
      "start_to_goal_distance": 5.67656946182251,
      "steps": 560.0,
      "control_effort": 0.6667961539966719,
      "episode_duration": 18.666666666666668,
      "time_to_goal": null
    },
    {
      "episode_return": -13.77151927953172,
      "success": 0.0,
      "collision": 0.0,
      "min_obstacle_distance": 0.5194563865661621,
      "min_clearance": 0.16945638656616213,
      "path_length": 4.01745622526505,
      "start_to_goal_distance": 3.87174391746521,
      "steps": 560.0,
      "control_effort": 0.6519107483327389,
      "episode_duration": 18.666666666666668,
      "time_to_goal": null
    },
    {
      "episode_return": -19.636886344973313,
      "success": 0.0,
      "collision": 0.0,
      "min_obstacle_distance": 1.3922368288040161,
      "min_clearance": 1.042236828804016,
      "path_length": 3.416065039811656,
      "start_to_goal_distance": 4.218926906585693,
      "steps": 560.0,
      "control_effort": 0.6606838010251522,
      "episode_duration": 18.666666666666668,
      "time_to_goal": null
    },
    {
      "episode_return": -21.48284432525604,
      "success": 0.0,
      "collision": 1.0,
      "min_obstacle_distance": 0.3494754731655121,
      "min_clearance": -0.0005245268344878928,
      "path_length": 3.627575391350547,
      "start_to_goal_distance": 3.8663716316223145,
      "steps": 527.0,
      "control_effort": 0.6538328003611917,
      "episode_duration": 17.566666666666666,
      "time_to_goal": null
    },
    {
      "episode_return": -32.9620059343624,
      "success": 0.0,
      "collision": 0.0,
      "min_obstacle_distance": 0.9075331687927246,
      "min_clearance": 0.5575331687927246,
      "path_length": 2.4564017994650023,
      "start_to_goal_distance": 4.319121837615967,
      "steps": 560.0,
      "control_effort": 0.6638700470328331,
      "episode_duration": 18.666666666666668,
      "time_to_goal": null
    },
    {
      "episode_return": -10.055111978486437,
      "success": 0.0,
      "collision": 0.0,
      "min_obstacle_distance": 1.1987849473953247,
      "min_clearance": 0.8487849473953247,
      "path_length": 3.9350857839162927,
      "start_to_goal_distance": 5.195745468139648,
      "steps": 560.0,
      "control_effort": 0.6598593805517469,
      "episode_duration": 18.666666666666668,
      "time_to_goal": null
    },
    {
      "episode_return": 11.9339725999926,
      "success": 0.0,
      "collision": 0.0,
      "min_obstacle_distance": 0.8144254684448242,
      "min_clearance": 0.46442546844482424,
      "path_length": 3.8918139726738445,
      "start_to_goal_distance": 3.8741517066955566,
      "steps": 560.0,
      "control_effort": 0.6552107718374048,
      "episode_duration": 18.666666666666668,
      "time_to_goal": null
    },
    {
      "episode_return": -93.88444042733059,
      "success": 0.0,
      "collision": 0.0,
      "min_obstacle_distance": 0.38832148909568787,
      "min_clearance": 0.03832148909568789,
      "path_length": 3.9105307082936633,
      "start_to_goal_distance": 4.822974681854248,
      "steps": 560.0,
      "control_effort": 0.6565867256905351,
      "episode_duration": 18.666666666666668,
      "time_to_goal": null
    },
    {
      "episode_return": -36.59697369789805,
      "success": 0.0,
      "collision": 0.0,
      "min_obstacle_distance": 1.1612001657485962,
      "min_clearance": 0.8112001657485962,
      "path_length": 2.947879299665942,
      "start_to_goal_distance": 5.504796504974365,
      "steps": 560.0,
      "control_effort": 0.6677196556968349,
      "episode_duration": 18.666666666666668,
      "time_to_goal": null
    },
    {
      "episode_return": -28.161355431004353,
      "success": 0.0,
      "collision": 0.0,
      "min_obstacle_distance": 1.362299919128418,
      "min_clearance": 1.0122999191284179,
      "path_length": 2.6587329500973453,
      "start_to_goal_distance": 4.785189151763916,
      "steps": 560.0,
      "control_effort": 0.6605723336338997,
      "episode_duration": 18.666666666666668,
      "time_to_goal": null
    }
  ]
}