{
  "summary": {
    "train_episode": 150,
    "stage_index": 0,
    "stage_name": "target_default_intro",
    "stage_episode": 150,
    "stage_eval_index": 16,
    "stage_target_hit": 0.0,
    "stage_success_streak": 0,
    "stage_best_success_rate": 0.0,
    "stage_best_collision_rate": 0.0,
    "stage_best_avg_return": -26.982219696044922,
    "stage_bad_eval_streak": 0,
    "stage_regression_active": 0.0,
    "stage_regression_bad_eval": 0.0,
    "stage_regression_absolute_drop": 0.0,
    "stage_regression_relative_drop": 0.0,
    "stage_regression_detected": 0.0,
    "stage_rollback_applied": 0.0,
    "stage_plateau_recovery_applied": 0.0,
    "num_episodes": 10,
    "success_rate": 0.0,
    "collision_rate": 0.10000000149011612,
    "avg_episode_return": -24.191253662109375,
    "avg_path_length": 3.1606948375701904,
    "avg_episode_duration": 18.48666763305664,
    "avg_time_to_goal": 0.0,
    "avg_min_obstacle_distance": 0.9820216298103333,
    "avg_min_clearance": 0.6320215463638306,
    "avg_control_effort": 0.6592434644699097,
    "avg_path_efficiency": 0.0,
    "avg_steps": 554.5999755859375,
    "best_episode_return": 17.65589714050293,
    "deterministic": 1.0,
    "seed_offset": 100000
  },
  "episodes": [
    {
      "episode_return": -60.151310037940306,
      "success": 0.0,
      "collision": 0.0,
      "min_obstacle_distance": 1.603651762008667,
      "min_clearance": 1.253651762008667,
      "path_length": 2.2250809314886624,
      "start_to_goal_distance": 5.67656946182251,
      "steps": 560.0,
      "control_effort": 0.6663556478917598,
      "episode_duration": 18.666666666666668,
      "time_to_goal": null
    },
    {
      "episode_return": -3.0298816345284365,
      "success": 0.0,
      "collision": 0.0,
      "min_obstacle_distance": 0.5242074728012085,
      "min_clearance": 0.17420747280120852,
      "path_length": 3.6203115937969415,
      "start_to_goal_distance": 3.87174391746521,
      "steps": 560.0,
      "control_effort": 0.6504908394600664,
      "episode_duration": 18.666666666666668,
      "time_to_goal": null
    },
    {
      "episode_return": -18.702511219204716,
      "success": 0.0,
      "collision": 0.0,
      "min_obstacle_distance": 1.457101821899414,
      "min_clearance": 1.107101821899414,
      "path_length": 3.0210733626998802,
      "start_to_goal_distance": 4.218926906585693,
      "steps": 560.0,
      "control_effort": 0.6581446581653186,
      "episode_duration": 18.666666666666668,
      "time_to_goal": null
    },
    {
      "episode_return": 1.1714897945511211,
      "success": 0.0,
      "collision": 1.0,
      "min_obstacle_distance": 0.34792038798332214,
      "min_clearance": -0.0020796120166778342,
      "path_length": 3.508155128976796,
      "start_to_goal_distance": 3.8663716316223145,
      "steps": 506.0,
      "control_effort": 0.6550197075949356,
      "episode_duration": 16.866666666666667,
      "time_to_goal": null
    },
    {
      "episode_return": -40.87716427658765,
      "success": 0.0,
      "collision": 0.0,
      "min_obstacle_distance": 0.9393004179000854,
      "min_clearance": 0.5893004179000855,
      "path_length": 2.2551706443299793,
      "start_to_goal_distance": 4.319121837615967,
      "steps": 560.0,
      "control_effort": 0.6622552175607,
      "episode_duration": 18.666666666666668,
      "time_to_goal": null
    },
    {
      "episode_return": -12.591756987006285,
      "success": 0.0,
      "collision": 0.0,
      "min_obstacle_distance": 1.1790828704833984,
      "min_clearance": 0.8290828704833985,
      "path_length": 4.034909751557279,
      "start_to_goal_distance": 5.195745468139648,
      "steps": 560.0,
      "control_effort": 0.658745767389025,
      "episode_duration": 18.666666666666668,
      "time_to_goal": null
    },
    {
      "episode_return": 17.65589791895627,
      "success": 0.0,
      "collision": 0.0,
      "min_obstacle_distance": 0.8700770735740662,
      "min_clearance": 0.5200770735740662,
      "path_length": 3.7824499161943095,
      "start_to_goal_distance": 3.8741517066955566,
      "steps": 560.0,
      "control_effort": 0.6566837617329189,
      "episode_duration": 18.666666666666668,
      "time_to_goal": null
    },
    {
      "episode_return": -55.473030859049345,
      "success": 0.0,
      "collision": 0.0,
      "min_obstacle_distance": 0.4218204617500305,
      "min_clearance": 0.07182046175003054,
      "path_length": 3.7632336494425545,
      "start_to_goal_distance": 4.822974681854248,
      "steps": 560.0,
      "control_effort": 0.6584245676440852,
      "episode_duration": 18.666666666666668,
      "time_to_goal": null
    },
    {
      "episode_return": -42.21252148086024,
      "success": 0.0,
      "collision": 0.0,
      "min_obstacle_distance": 1.0786110162734985,
      "min_clearance": 0.7286110162734986,
      "path_length": 2.8507224493264687,
      "start_to_goal_distance": 5.504796504974365,
      "steps": 560.0,
      "control_effort": 0.6655505228255476,
      "episode_duration": 18.666666666666668,
      "time_to_goal": null
    },
    {
      "episode_return": -27.701743314502266,
      "success": 0.0,
      "collision": 0.0,
      "min_obstacle_distance": 1.3984421491622925,
      "min_clearance": 1.0484421491622924,
      "path_length": 2.5458420587837622,
      "start_to_goal_distance": 4.785189151763916,
      "steps": 560.0,
      "control_effort": 0.6607637553342751,
      "episode_duration": 18.666666666666668,
      "time_to_goal": null
    }
  ]
}