{
  "episode_return": 11.389307795957485,
  "success": 0.0,
  "collision": 0.0,
  "min_obstacle_distance": 0.9141752123832703,
  "min_clearance": 0.5641752123832703,
  "path_length": 3.9724008763878373,
  "start_to_goal_distance": 3.8741517066955566,
  "steps": 560.0,
  "control_effort": 0.6554889111646585,
  "episode_duration": 18.666666666666668,
  "time_to_goal": null
}