{
  "summary": {
    "train_episode": 120,
    "stage_index": 0,
    "stage_name": "target_default_intro",
    "stage_episode": 120,
    "stage_eval_index": 13,
    "stage_target_hit": 0.0,
    "stage_success_streak": 0,
    "stage_best_success_rate": 0.0,
    "stage_best_collision_rate": 0.0,
    "stage_best_avg_return": -26.982219696044922,
    "stage_bad_eval_streak": 0,
    "stage_regression_active": 0.0,
    "stage_regression_bad_eval": 0.0,
    "stage_regression_absolute_drop": 0.0,
    "stage_regression_relative_drop": 0.0,
    "stage_regression_detected": 0.0,
    "stage_rollback_applied": 0.0,
    "stage_plateau_recovery_applied": 0.0,
    "num_episodes": 10,
    "success_rate": 0.0,
    "collision_rate": 0.10000000149011612,
    "avg_episode_return": -31.526254653930664,
    "avg_path_length": 3.190948009490967,
    "avg_episode_duration": 18.476665496826172,
    "avg_time_to_goal": 0.0,
    "avg_min_obstacle_distance": 0.9783377647399902,
    "avg_min_clearance": 0.6283377408981323,
    "avg_control_effort": 0.6600411534309387,
    "avg_path_efficiency": 0.0,
    "avg_steps": 554.2999877929688,
    "best_episode_return": 11.389307975769043,
    "deterministic": 1.0,
    "seed_offset": 100000
  },
  "episodes": [
    {
      "episode_return": -54.99587206835888,
      "success": 0.0,
      "collision": 0.0,
      "min_obstacle_distance": 1.5741151571273804,
      "min_clearance": 1.2241151571273803,
      "path_length": 2.2263658815070926,
      "start_to_goal_distance": 5.67656946182251,
      "steps": 560.0,
      "control_effort": 0.6664397175822939,
      "episode_duration": 18.666666666666668,
      "time_to_goal": null
    },
    {
      "episode_return": -8.404653035966945,
      "success": 0.0,
      "collision": 0.0,
      "min_obstacle_distance": 0.5155689120292664,
      "min_clearance": 0.16556891202926638,
      "path_length": 3.7195632227538624,
      "start_to_goal_distance": 3.87174391746521,
      "steps": 560.0,
      "control_effort": 0.6512127020529338,
      "episode_duration": 18.666666666666668,
      "time_to_goal": null
    },
    {
      "episode_return": -16.604737801270826,
      "success": 0.0,
      "collision": 0.0,
      "min_obstacle_distance": 1.4368271827697754,
      "min_clearance": 1.0868271827697753,
      "path_length": 2.9430622634549373,
      "start_to_goal_distance": 4.218926906585693,
      "steps": 560.0,
      "control_effort": 0.6623613476753235,
      "episode_duration": 18.666666666666668,
      "time_to_goal": null
    },
    {
      "episode_return": 2.735385224574067,
      "success": 0.0,
      "collision": 1.0,
      "min_obstacle_distance": 0.3470860421657562,
      "min_clearance": -0.002913957834243752,
      "path_length": 3.5117339849239215,
      "start_to_goal_distance": 3.8663716316223145,
      "steps": 503.0,
      "control_effort": 0.6566390319325578,
      "episode_duration": 16.766666666666666,
      "time_to_goal": null
    },
    {
      "episode_return": -41.29595846738158,
      "success": 0.0,
      "collision": 0.0,
      "min_obstacle_distance": 0.8828240036964417,
      "min_clearance": 0.5328240036964417,
      "path_length": 2.279192476916677,
      "start_to_goal_distance": 4.319121837615967,
      "steps": 560.0,
      "control_effort": 0.6627128426517759,
      "episode_duration": 18.666666666666668,
      "time_to_goal": null
    },
    {
      "episode_return": -20.6519329545409,
      "success": 0.0,
      "collision": 0.0,
      "min_obstacle_distance": 1.2395695447921753,
      "min_clearance": 0.8895695447921753,
      "path_length": 3.898122640501242,
      "start_to_goal_distance": 5.195745468139648,
      "steps": 560.0,
      "control_effort": 0.6611166155764034,
      "episode_duration": 18.666666666666668,
      "time_to_goal": null
    },
    {
      "episode_return": 11.389307795957485,
      "success": 0.0,
      "collision": 0.0,
      "min_obstacle_distance": 0.9141752123832703,
      "min_clearance": 0.5641752123832703,
      "path_length": 3.9724008763878373,
      "start_to_goal_distance": 3.8741517066955566,
      "steps": 560.0,
      "control_effort": 0.6554889111646585,
      "episode_duration": 18.666666666666668,
      "time_to_goal": null
    },
    {
      "episode_return": -115.14834325957202,
      "success": 0.0,
      "collision": 0.0,
      "min_obstacle_distance": 0.3752266466617584,
      "min_clearance": 0.025226646661758445,
      "path_length": 4.022552713038749,
      "start_to_goal_distance": 4.822974681854248,
      "steps": 560.0,
      "control_effort": 0.6567360614027296,
      "episode_duration": 18.666666666666668,
      "time_to_goal": null
    },
    {
      "episode_return": -38.551719337889544,
      "success": 0.0,
      "collision": 0.0,
      "min_obstacle_distance": 1.1346356868743896,
      "min_clearance": 0.7846356868743897,
      "path_length": 2.895773739327847,
      "start_to_goal_distance": 5.504796504974365,
      "steps": 560.0,
      "control_effort": 0.6663943982550076,
      "episode_duration": 18.666666666666668,
      "time_to_goal": null
    },
    {
      "episode_return": -33.73399863064241,
      "success": 0.0,
      "collision": 0.0,
      "min_obstacle_distance": 1.3633489608764648,
      "min_clearance": 1.0133489608764648,
      "path_length": 2.440713344423095,
      "start_to_goal_distance": 4.785189151763916,
      "steps": 560.0,
      "control_effort": 0.661309599769967,
      "episode_duration": 18.666666666666668,
      "time_to_goal": null
    }
  ]
}