{
  "summary": {
    "train_episode": 80,
    "stage_index": 0,
    "stage_name": "target_default_intro",
    "stage_episode": 80,
    "stage_eval_index": 9,
    "stage_target_hit": 0.0,
    "stage_success_streak": 0,
    "stage_best_success_rate": 0.0,
    "stage_best_collision_rate": 0.0,
    "stage_best_avg_return": -26.982219696044922,
    "stage_bad_eval_streak": 0,
    "stage_regression_active": 0.0,
    "stage_regression_bad_eval": 0.0,
    "stage_regression_absolute_drop": 0.0,
    "stage_regression_relative_drop": 0.0,
    "stage_regression_detected": 0.0,
    "stage_rollback_applied": 0.0,
    "stage_plateau_recovery_applied": 0.0,
    "num_episodes": 10,
    "success_rate": 0.0,
    "collision_rate": 0.20000000298023224,
    "avg_episode_return": -26.914926528930664,
    "avg_path_length": 2.9670469760894775,
    "avg_episode_duration": 17.6200008392334,
    "avg_time_to_goal": 0.0,
    "avg_min_obstacle_distance": 0.9877171516418457,
    "avg_min_clearance": 0.6377171277999878,
    "avg_control_effort": 0.6633012890815735,
    "avg_path_efficiency": 0.0,
    "avg_steps": 528.5999755859375,
    "best_episode_return": 6.188882350921631,
    "deterministic": 1.0,
    "seed_offset": 100000
  },
  "episodes": [
    {
      "episode_return": -57.411096781557724,
      "success": 0.0,
      "collision": 0.0,
      "min_obstacle_distance": 1.569380283355713,
      "min_clearance": 1.2193802833557128,
      "path_length": 2.09125578495852,
      "start_to_goal_distance": 5.67656946182251,
      "steps": 560.0,
      "control_effort": 0.6701990269124508,
      "episode_duration": 18.666666666666668,
      "time_to_goal": null
    },
    {
      "episode_return": -13.462804562891606,
      "success": 0.0,
      "collision": 0.0,
      "min_obstacle_distance": 0.5458720326423645,
      "min_clearance": 0.19587203264236452,
      "path_length": 4.011133710999275,
      "start_to_goal_distance": 3.87174391746521,
      "steps": 560.0,
      "control_effort": 0.6531408846378326,
      "episode_duration": 18.666666666666668,
      "time_to_goal": null
    },
    {
      "episode_return": -22.30633788925477,
      "success": 0.0,
      "collision": 0.0,
      "min_obstacle_distance": 1.4253607988357544,
      "min_clearance": 1.0753607988357543,
      "path_length": 2.9477779903999632,
      "start_to_goal_distance": 4.218926906585693,
      "steps": 560.0,
      "control_effort": 0.6621340304613114,
      "episode_duration": 18.666666666666668,
      "time_to_goal": null
    },
    {
      "episode_return": -22.283764264974252,
      "success": 0.0,
      "collision": 1.0,
      "min_obstacle_distance": 0.34884190559387207,
      "min_clearance": -0.0011580944061279075,
      "path_length": 3.5855151993455365,
      "start_to_goal_distance": 3.8663716316223145,
      "steps": 534.0,
      "control_effort": 0.6567097408941176,
      "episode_duration": 17.8,
      "time_to_goal": null
    },
    {
      "episode_return": -43.56351164074697,
      "success": 0.0,
      "collision": 0.0,
      "min_obstacle_distance": 0.9262503385543823,
      "min_clearance": 0.5762503385543823,
      "path_length": 2.1989171722814866,
      "start_to_goal_distance": 4.319121837615967,
      "steps": 560.0,
      "control_effort": 0.6676349056618555,
      "episode_duration": 18.666666666666668,
      "time_to_goal": null
    },
    {
      "episode_return": -7.993058409409883,
      "success": 0.0,
      "collision": 0.0,
      "min_obstacle_distance": 1.2590620517730713,
      "min_clearance": 0.9090620517730713,
      "path_length": 3.8170968454214744,
      "start_to_goal_distance": 5.195745468139648,
      "steps": 560.0,
      "control_effort": 0.6630005633192403,
      "episode_duration": 18.666666666666668,
      "time_to_goal": null
    },
    {
      "episode_return": 6.188882506434233,
      "success": 0.0,
      "collision": 0.0,
      "min_obstacle_distance": 0.883672297000885,
      "min_clearance": 0.533672297000885,
      "path_length": 3.9408917540567927,
      "start_to_goal_distance": 3.8741517066955566,
      "steps": 560.0,
      "control_effort": 0.6586306331413133,
      "episode_duration": 18.666666666666668,
      "time_to_goal": null
    },
    {
      "episode_return": -26.814261768914605,
      "success": 0.0,
      "collision": 1.0,
      "min_obstacle_distance": 0.34931522607803345,
      "min_clearance": -0.0006847739219665305,
      "path_length": 1.9248322057683254,
      "start_to_goal_distance": 4.822974681854248,
      "steps": 272.0,
      "control_effort": 0.6667726085904766,
      "episode_duration": 9.066666666666666,
      "time_to_goal": null
    },
    {
      "episode_return": -41.14768384375756,
      "success": 0.0,
      "collision": 0.0,
      "min_obstacle_distance": 1.0730751752853394,
      "min_clearance": 0.7230751752853394,
      "path_length": 2.8164916723608613,
      "start_to_goal_distance": 5.504796504974365,
      "steps": 560.0,
      "control_effort": 0.671137098222971,
      "episode_duration": 18.666666666666668,
      "time_to_goal": null
    },
    {
      "episode_return": -40.35561090472824,
      "success": 0.0,
      "collision": 0.0,
      "min_obstacle_distance": 1.496341586112976,
      "min_clearance": 1.146341586112976,
      "path_length": 2.336556148714294,
      "start_to_goal_distance": 4.785189151763916,
      "steps": 560.0,
      "control_effort": 0.6636534138449601,
      "episode_duration": 18.666666666666668,
      "time_to_goal": null
    }
  ]
}