{
  "summary": {
    "train_episode": 140,
    "stage_index": 0,
    "stage_name": "target_default_intro",
    "stage_episode": 140,
    "stage_eval_index": 15,
    "stage_target_hit": 0.0,
    "stage_success_streak": 0,
    "stage_best_success_rate": 0.0,
    "stage_best_collision_rate": 0.0,
    "stage_best_avg_return": -26.982219696044922,
    "stage_bad_eval_streak": 0,
    "stage_regression_active": 0.0,
    "stage_regression_bad_eval": 0.0,
    "stage_regression_absolute_drop": 0.0,
    "stage_regression_relative_drop": 0.0,
    "stage_regression_detected": 0.0,
    "stage_rollback_applied": 0.0,
    "stage_plateau_recovery_applied": 0.0,
    "num_episodes": 10,
    "success_rate": 0.0,
    "collision_rate": 0.10000000149011612,
    "avg_episode_return": -23.996868133544922,
    "avg_path_length": 3.2661712169647217,
    "avg_episode_duration": 18.546667098999023,
    "avg_time_to_goal": 0.0,
    "avg_min_obstacle_distance": 0.986456573009491,
    "avg_min_clearance": 0.6364566087722778,
    "avg_control_effort": 0.6581664085388184,
    "avg_path_efficiency": 0.0,
    "avg_steps": 556.4000244140625,
    "best_episode_return": 12.83408260345459,
    "deterministic": 1.0,
    "seed_offset": 100000
  },
  "episodes": [
    {
      "episode_return": -53.68140515779284,
      "success": 0.0,
      "collision": 0.0,
      "min_obstacle_distance": 1.577303409576416,
      "min_clearance": 1.227303409576416,
      "path_length": 2.287046037397978,
      "start_to_goal_distance": 5.67656946182251,
      "steps": 560.0,
      "control_effort": 0.6657376952469349,
      "episode_duration": 18.666666666666668,
      "time_to_goal": null
    },
    {
      "episode_return": -1.3418945032656282,
      "success": 0.0,
      "collision": 0.0,
      "min_obstacle_distance": 0.5512794852256775,
      "min_clearance": 0.2012794852256775,
      "path_length": 3.8417000910219485,
      "start_to_goal_distance": 3.87174391746521,
      "steps": 560.0,
      "control_effort": 0.6497396458472524,
      "episode_duration": 18.666666666666668,
      "time_to_goal": null
    },
    {
      "episode_return": -17.203590950536583,
      "success": 0.0,
      "collision": 0.0,
      "min_obstacle_distance": 1.4422866106033325,
      "min_clearance": 1.0922866106033324,
      "path_length": 3.3424600433867226,
      "start_to_goal_distance": 4.218926906585693,
      "steps": 560.0,
      "control_effort": 0.6548968892012323,
      "episode_duration": 18.666666666666668,
      "time_to_goal": null
    },
    {
      "episode_return": -4.35619087421864,
      "success": 0.0,
      "collision": 1.0,
      "min_obstacle_distance": 0.34819135069847107,
      "min_clearance": -0.0018086493015289085,
      "path_length": 3.558328452229034,
      "start_to_goal_distance": 3.8663716316223145,
      "steps": 524.0,
      "control_effort": 0.6549917228576791,
      "episode_duration": 17.466666666666665,
      "time_to_goal": null
    },
    {
      "episode_return": -33.27455749624134,
      "success": 0.0,
      "collision": 0.0,
      "min_obstacle_distance": 0.9156095385551453,
      "min_clearance": 0.5656095385551453,
      "path_length": 2.4544036451079965,
      "start_to_goal_distance": 4.319121837615967,
      "steps": 560.0,
      "control_effort": 0.6608402792896543,
      "episode_duration": 18.666666666666668,
      "time_to_goal": null
    },
    {
      "episode_return": -12.607168946558637,
      "success": 0.0,
      "collision": 0.0,
      "min_obstacle_distance": 1.1606358289718628,
      "min_clearance": 0.8106358289718628,
      "path_length": 3.8918295623152517,
      "start_to_goal_distance": 5.195745468139648,
      "steps": 560.0,
      "control_effort": 0.6590215818158218,
      "episode_duration": 18.666666666666668,
      "time_to_goal": null
    },
    {
      "episode_return": 12.83408244082947,
      "success": 0.0,
      "collision": 0.0,
      "min_obstacle_distance": 0.9292398691177368,
      "min_clearance": 0.5792398691177368,
      "path_length": 3.9375655742042,
      "start_to_goal_distance": 3.8741517066955566,
      "steps": 560.0,
      "control_effort": 0.65451066291758,
      "episode_duration": 18.666666666666668,
      "time_to_goal": null
    },
    {
      "episode_return": -59.454975466416094,
      "success": 0.0,
      "collision": 0.0,
      "min_obstacle_distance": 0.4430399239063263,
      "min_clearance": 0.09303992390632632,
      "path_length": 3.874063564755488,
      "start_to_goal_distance": 4.822974681854248,
      "steps": 560.0,
      "control_effort": 0.6564325152763298,
      "episode_duration": 18.666666666666668,
      "time_to_goal": null
    },
    {
      "episode_return": -38.60933471810508,
      "success": 0.0,
      "collision": 0.0,
      "min_obstacle_distance": 1.11739182472229,
      "min_clearance": 0.7673918247222901,
      "path_length": 2.9382026085297532,
      "start_to_goal_distance": 5.504796504974365,
      "steps": 560.0,
      "control_effort": 0.6651142525885786,
      "episode_duration": 18.666666666666668,
      "time_to_goal": null
    },
    {
      "episode_return": -32.27363720412106,
      "success": 0.0,
      "collision": 0.0,
      "min_obstacle_distance": 1.379588007926941,
      "min_clearance": 1.0295880079269408,
      "path_length": 2.5361137177765016,
      "start_to_goal_distance": 4.785189151763916,
      "steps": 560.0,
      "control_effort": 0.6603786960244179,
      "episode_duration": 18.666666666666668,
      "time_to_goal": null
    }
  ]
}