{
  "episode_return": 15.051217721045113,
  "success": 0.0,
  "collision": 0.0,
  "min_obstacle_distance": 1.2051945924758911,
  "min_clearance": 0.8551945924758911,
  "path_length": 3.8268232060654555,
  "start_to_goal_distance": 5.195745468139648,
  "steps": 560.0,
  "control_effort": 0.657681327100311,
  "episode_duration": 18.666666666666668,
  "time_to_goal": null
}