{
  "summary": {
    "train_episode": 170,
    "stage_index": 0,
    "stage_name": "target_default_intro",
    "stage_episode": 170,
    "stage_eval_index": 18,
    "stage_target_hit": 0.0,
    "stage_success_streak": 0,
    "stage_best_success_rate": 0.0,
    "stage_best_collision_rate": 0.0,
    "stage_best_avg_return": -26.982219696044922,
    "stage_bad_eval_streak": 0,
    "stage_regression_active": 0.0,
    "stage_regression_bad_eval": 0.0,
    "stage_regression_absolute_drop": 0.0,
    "stage_regression_relative_drop": 0.0,
    "stage_regression_detected": 0.0,
    "stage_rollback_applied": 0.0,
    "stage_plateau_recovery_applied": 0.0,
    "num_episodes": 10,
    "success_rate": 0.0,
    "collision_rate": 0.20000000298023224,
    "avg_episode_return": -22.22368812561035,
    "avg_path_length": 3.0182712078094482,
    "avg_episode_duration": 17.566667556762695,
    "avg_time_to_goal": 0.0,
    "avg_min_obstacle_distance": 0.9742088317871094,
    "avg_min_clearance": 0.6242087483406067,
    "avg_control_effort": 0.6571293473243713,
    "avg_path_efficiency": 0.0,
    "avg_steps": 527.0,
    "best_episode_return": 8.622913360595703,
    "deterministic": 1.0,
    "seed_offset": 100000
  },
  "episodes": [
    {
      "episode_return": -56.848259128104644,
      "success": 0.0,
      "collision": 0.0,
      "min_obstacle_distance": 1.5932390689849854,
      "min_clearance": 1.2432390689849853,
      "path_length": 2.2652933397064743,
      "start_to_goal_distance": 5.67656946182251,
      "steps": 560.0,
      "control_effort": 0.6661888042730945,
      "episode_duration": 18.666666666666668,
      "time_to_goal": null
    },
    {
      "episode_return": 6.8426278283174256,
      "success": 0.0,
      "collision": 0.0,
      "min_obstacle_distance": 0.5839089155197144,
      "min_clearance": 0.23390891551971438,
      "path_length": 3.5839101298297464,
      "start_to_goal_distance": 3.87174391746521,
      "steps": 560.0,
      "control_effort": 0.6518938955451761,
      "episode_duration": 18.666666666666668,
      "time_to_goal": null
    },
    {
      "episode_return": -18.506848132851992,
      "success": 0.0,
      "collision": 0.0,
      "min_obstacle_distance": 1.4325488805770874,
      "min_clearance": 1.0825488805770873,
      "path_length": 3.2233975816902714,
      "start_to_goal_distance": 4.218926906585693,
      "steps": 560.0,
      "control_effort": 0.6520729215017387,
      "episode_duration": 18.666666666666668,
      "time_to_goal": null
    },
    {
      "episode_return": -18.125726982788883,
      "success": 0.0,
      "collision": 1.0,
      "min_obstacle_distance": 0.3474305272102356,
      "min_clearance": -0.002569472789764382,
      "path_length": 3.607963928152458,
      "start_to_goal_distance": 3.8663716316223145,
      "steps": 518.0,
      "control_effort": 0.6501405065354233,
      "episode_duration": 17.266666666666666,
      "time_to_goal": null
    },
    {
      "episode_return": -39.984490618689605,
      "success": 0.0,
      "collision": 0.0,
      "min_obstacle_distance": 0.8870266675949097,
      "min_clearance": 0.5370266675949097,
      "path_length": 2.2943321215298056,
      "start_to_goal_distance": 4.319121837615967,
      "steps": 560.0,
      "control_effort": 0.6613356045314244,
      "episode_duration": 18.666666666666668,
      "time_to_goal": null
    },
    {
      "episode_return": -6.847204543542638,
      "success": 0.0,
      "collision": 0.0,
      "min_obstacle_distance": 1.1208534240722656,
      "min_clearance": 0.7708534240722656,
      "path_length": 3.994697489804821,
      "start_to_goal_distance": 5.195745468139648,
      "steps": 560.0,
      "control_effort": 0.6566896109708718,
      "episode_duration": 18.666666666666668,
      "time_to_goal": null
    },
    {
      "episode_return": 8.622913681768672,
      "success": 0.0,
      "collision": 0.0,
      "min_obstacle_distance": 0.8767971396446228,
      "min_clearance": 0.5267971396446228,
      "path_length": 3.8889384381145646,
      "start_to_goal_distance": 3.8741517066955566,
      "steps": 560.0,
      "control_effort": 0.6500005700758525,
      "episode_duration": 18.666666666666668,
      "time_to_goal": null
    },
    {
      "episode_return": -26.353835248952038,
      "success": 0.0,
      "collision": 1.0,
      "min_obstacle_distance": 0.34489884972572327,
      "min_clearance": -0.005101150274276711,
      "path_length": 1.9252584159039543,
      "start_to_goal_distance": 4.822974681854248,
      "steps": 272.0,
      "control_effort": 0.6580049978459582,
      "episode_duration": 9.066666666666666,
      "time_to_goal": null
    },
    {
      "episode_return": -37.87901258032814,
      "success": 0.0,
      "collision": 0.0,
      "min_obstacle_distance": 1.1334539651870728,
      "min_clearance": 0.7834539651870728,
      "path_length": 2.855752896394055,
      "start_to_goal_distance": 5.504796504974365,
      "steps": 560.0,
      "control_effort": 0.6659011080861091,
      "episode_duration": 18.666666666666668,
      "time_to_goal": null
    },
    {
      "episode_return": -33.15702551461821,
      "success": 0.0,
      "collision": 0.0,
      "min_obstacle_distance": 1.421929955482483,
      "min_clearance": 1.0719299554824828,
      "path_length": 2.5431699137405985,
      "start_to_goal_distance": 4.785189151763916,
      "steps": 560.0,
      "control_effort": 0.6590655624866486,
      "episode_duration": 18.666666666666668,
      "time_to_goal": null
    }
  ]
}