{
  "episode_return": 35.30276074834397,
  "success": 0.0,
  "collision": 0.0,
  "min_obstacle_distance": 0.8913390636444092,
  "min_clearance": 0.5413390636444092,
  "path_length": 3.862781599833397,
  "start_to_goal_distance": 3.8741517066955566,
  "steps": 560.0,
  "control_effort": 0.6542658772851739,
  "episode_duration": 18.666666666666668,
  "time_to_goal": null
}