{
  "episode_return": 37.59724420118189,
  "success": 0.0,
  "collision": 0.0,
  "min_obstacle_distance": 0.8170148730278015,
  "min_clearance": 0.46701487302780154,
  "path_length": 4.068470553174848,
  "start_to_goal_distance": 3.8741517066955566,
  "steps": 560.0,
  "control_effort": 0.6584755592048168,
  "episode_duration": 18.666666666666668,
  "time_to_goal": null
}