{
  "summary": {
    "train_episode": 10,
    "stage_index": 0,
    "stage_name": "target_default_intro",
    "stage_episode": 10,
    "stage_eval_index": 2,
    "stage_target_hit": 0.0,
    "stage_success_streak": 0,
    "stage_best_success_rate": 0.0,
    "stage_best_collision_rate": 0.10000000149011612,
    "stage_best_avg_return": -13.593876838684082,
    "stage_bad_eval_streak": 0,
    "stage_regression_active": 0.0,
    "stage_regression_bad_eval": 0.0,
    "stage_regression_absolute_drop": 0.0,
    "stage_regression_relative_drop": 0.0,
    "stage_regression_detected": 0.0,
    "stage_rollback_applied": 0.0,
    "stage_plateau_recovery_applied": 0.0,
    "num_episodes": 10,
    "success_rate": 0.0,
    "collision_rate": 0.10000000149011612,
    "avg_episode_return": -13.593876838684082,
    "avg_path_length": 3.1220133304595947,
    "avg_episode_duration": 17.689998626708984,
    "avg_time_to_goal": 0.0,
    "avg_min_obstacle_distance": 1.0224494934082031,
    "avg_min_clearance": 0.6724494695663452,
    "avg_control_effort": 0.6478798985481262,
    "avg_path_efficiency": 0.0,
    "avg_steps": 530.7000122070312,
    "best_episode_return": 21.861841201782227,
    "deterministic": 1.0,
    "seed_offset": 100000
  },
  "episodes": [
    {
      "episode_return": -35.96353612507664,
      "success": 0.0,
      "collision": 0.0,
      "min_obstacle_distance": 1.8850750923156738,
      "min_clearance": 1.5350750923156737,
      "path_length": 2.587205702846404,
      "start_to_goal_distance": 5.67656946182251,
      "steps": 560.0,
      "control_effort": 0.6473351964993136,
      "episode_duration": 18.666666666666668,
      "time_to_goal": null
    },
    {
      "episode_return": 19.546968769721303,
      "success": 0.0,
      "collision": 0.0,
      "min_obstacle_distance": 0.6320785880088806,
      "min_clearance": 0.28207858800888064,
      "path_length": 3.853949168464169,
      "start_to_goal_distance": 3.87174391746521,
      "steps": 560.0,
      "control_effort": 0.6485629203064102,
      "episode_duration": 18.666666666666668,
      "time_to_goal": null
    },
    {
      "episode_return": -28.747184602003458,
      "success": 0.0,
      "collision": 0.0,
      "min_obstacle_distance": 1.2260401248931885,
      "min_clearance": 0.8760401248931885,
      "path_length": 2.6271066815670565,
      "start_to_goal_distance": 4.218926906585693,
      "steps": 560.0,
      "control_effort": 0.6491920754313469,
      "episode_duration": 18.666666666666668,
      "time_to_goal": null
    },
    {
      "episode_return": 3.0315642929454185,
      "success": 0.0,
      "collision": 0.0,
      "min_obstacle_distance": 0.45202669501304626,
      "min_clearance": 0.10202669501304629,
      "path_length": 3.954250075024902,
      "start_to_goal_distance": 3.8663716316223145,
      "steps": 560.0,
      "control_effort": 0.6475991939859731,
      "episode_duration": 18.666666666666668,
      "time_to_goal": null
    },
    {
      "episode_return": -28.601396927565595,
      "success": 0.0,
      "collision": 0.0,
      "min_obstacle_distance": 1.021718978881836,
      "min_clearance": 0.671718978881836,
      "path_length": 2.8368417364836205,
      "start_to_goal_distance": 4.319121837615967,
      "steps": 560.0,
      "control_effort": 0.6447945760829108,
      "episode_duration": 18.666666666666668,
      "time_to_goal": null
    },
    {
      "episode_return": 21.861841091889637,
      "success": 0.0,
      "collision": 0.0,
      "min_obstacle_distance": 1.6850465536117554,
      "min_clearance": 1.3350465536117553,
      "path_length": 4.11515976706869,
      "start_to_goal_distance": 5.195745468139648,
      "steps": 560.0,
      "control_effort": 0.6587533575083528,
      "episode_duration": 18.666666666666668,
      "time_to_goal": null
    },
    {
      "episode_return": 6.412498718471028,
      "success": 0.0,
      "collision": 0.0,
      "min_obstacle_distance": 0.8343400359153748,
      "min_clearance": 0.4843400359153748,
      "path_length": 3.374344161027153,
      "start_to_goal_distance": 3.8741517066955566,
      "steps": 560.0,
      "control_effort": 0.6522807876978601,
      "episode_duration": 18.666666666666668,
      "time_to_goal": null
    },
    {
      "episode_return": -60.06178409763459,
      "success": 0.0,
      "collision": 1.0,
      "min_obstacle_distance": 0.34111884236335754,
      "min_clearance": -0.008881157636642434,
      "path_length": 1.9115069760518963,
      "start_to_goal_distance": 4.822974681854248,
      "steps": 267.0,
      "control_effort": 0.6384727970491187,
      "episode_duration": 8.9,
      "time_to_goal": null
    },
    {
      "episode_return": -15.328249473676046,
      "success": 0.0,
      "collision": 0.0,
      "min_obstacle_distance": 1.1562700271606445,
      "min_clearance": 0.8062700271606446,
      "path_length": 3.1120757148310076,
      "start_to_goal_distance": 5.504796504974365,
      "steps": 560.0,
      "control_effort": 0.6449633645159858,
      "episode_duration": 18.666666666666668,
      "time_to_goal": null
    },
    {
      "episode_return": -18.089497810742703,
      "success": 0.0,
      "collision": 0.0,
      "min_obstacle_distance": 0.9907801747322083,
      "min_clearance": 0.6407801747322083,
      "path_length": 2.8476926560833817,
      "start_to_goal_distance": 4.785189151763916,
      "steps": 560.0,
      "control_effort": 0.6468451173177787,
      "episode_duration": 18.666666666666668,
      "time_to_goal": null
    }
  ]
}