{
  "summary": {
    "train_episode": 60,
    "stage_index": 0,
    "stage_name": "target_default_intro",
    "stage_episode": 60,
    "stage_eval_index": 7,
    "stage_target_hit": 0.0,
    "stage_success_streak": 0,
    "stage_best_success_rate": 0.0,
    "stage_best_collision_rate": 0.10000000149011612,
    "stage_best_avg_return": 5.603490352630615,
    "stage_bad_eval_streak": 0,
    "stage_regression_active": 0.0,
    "stage_regression_bad_eval": 0.0,
    "stage_regression_absolute_drop": 0.0,
    "stage_regression_relative_drop": 0.0,
    "stage_regression_detected": 0.0,
    "stage_rollback_applied": 0.0,
    "stage_plateau_recovery_applied": 0.0,
    "num_episodes": 10,
    "success_rate": 0.0,
    "collision_rate": 0.20000000298023224,
    "avg_episode_return": -19.42718505859375,
    "avg_path_length": 3.1523823738098145,
    "avg_episode_duration": 17.630001068115234,
    "avg_time_to_goal": 0.0,
    "avg_min_obstacle_distance": 0.9831700325012207,
    "avg_min_clearance": 0.6331700086593628,
    "avg_control_effort": 0.6632657051086426,
    "avg_path_efficiency": 0.0,
    "avg_steps": 528.9000244140625,
    "best_episode_return": 8.282431602478027,
    "deterministic": 1.0,
    "seed_offset": 100000
  },
  "episodes": [
    {
      "episode_return": -50.01990390866746,
      "success": 0.0,
      "collision": 0.0,
      "min_obstacle_distance": 1.5569252967834473,
      "min_clearance": 1.2069252967834472,
      "path_length": 2.2460609863256735,
      "start_to_goal_distance": 5.67656946182251,
      "steps": 560.0,
      "control_effort": 0.6685465839292322,
      "episode_duration": 18.666666666666668,
      "time_to_goal": null
    },
    {
      "episode_return": 6.383005649117791,
      "success": 0.0,
      "collision": 0.0,
      "min_obstacle_distance": 0.5865642428398132,
      "min_clearance": 0.23656424283981325,
      "path_length": 3.941091698652599,
      "start_to_goal_distance": 3.87174391746521,
      "steps": 560.0,
      "control_effort": 0.6573592475482396,
      "episode_duration": 18.666666666666668,
      "time_to_goal": null
    },
    {
      "episode_return": -14.047066248966928,
      "success": 0.0,
      "collision": 0.0,
      "min_obstacle_distance": 1.418378472328186,
      "min_clearance": 1.068378472328186,
      "path_length": 3.618847157311393,
      "start_to_goal_distance": 4.218926906585693,
      "steps": 560.0,
      "control_effort": 0.663756401943309,
      "episode_duration": 18.666666666666668,
      "time_to_goal": null
    },
    {
      "episode_return": -3.8575216463833826,
      "success": 0.0,
      "collision": 1.0,
      "min_obstacle_distance": 0.34049469232559204,
      "min_clearance": -0.009505307674407937,
      "path_length": 3.6061267152545042,
      "start_to_goal_distance": 3.8663716316223145,
      "steps": 508.0,
      "control_effort": 0.6576973337122775,
      "episode_duration": 16.933333333333334,
      "time_to_goal": null
    },
    {
      "episode_return": -31.934072830739673,
      "success": 0.0,
      "collision": 0.0,
      "min_obstacle_distance": 0.9483888149261475,
      "min_clearance": 0.5983888149261475,
      "path_length": 2.4901566647638447,
      "start_to_goal_distance": 4.319121837615967,
      "steps": 560.0,
      "control_effort": 0.664753285156829,
      "episode_duration": 18.666666666666668,
      "time_to_goal": null
    },
    {
      "episode_return": -0.47323054180453283,
      "success": 0.0,
      "collision": 0.0,
      "min_obstacle_distance": 1.203272819519043,
      "min_clearance": 0.853272819519043,
      "path_length": 3.8732786968757864,
      "start_to_goal_distance": 5.195745468139648,
      "steps": 560.0,
      "control_effort": 0.6593723286475454,
      "episode_duration": 18.666666666666668,
      "time_to_goal": null
    },
    {
      "episode_return": 8.28243116710199,
      "success": 0.0,
      "collision": 0.0,
      "min_obstacle_distance": 0.9240023493766785,
      "min_clearance": 0.5740023493766785,
      "path_length": 4.07128514526994,
      "start_to_goal_distance": 3.8741517066955566,
      "steps": 560.0,
      "control_effort": 0.6610433260244982,
      "episode_duration": 18.666666666666668,
      "time_to_goal": null
    },
    {
      "episode_return": -47.7281200643594,
      "success": 0.0,
      "collision": 1.0,
      "min_obstacle_distance": 0.349945992231369,
      "min_clearance": -5.400776863095924e-05,
      "path_length": 2.0584246847429313,
      "start_to_goal_distance": 4.822974681854248,
      "steps": 301.0,
      "control_effort": 0.6677064622359419,
      "episode_duration": 10.033333333333333,
      "time_to_goal": null
    },
    {
      "episode_return": -31.64947782313783,
      "success": 0.0,
      "collision": 0.0,
      "min_obstacle_distance": 1.1379083395004272,
      "min_clearance": 0.7879083395004273,
      "path_length": 3.085080958022502,
      "start_to_goal_distance": 5.504796504974365,
      "steps": 560.0,
      "control_effort": 0.670770199490445,
      "episode_duration": 18.666666666666668,
      "time_to_goal": null
    },
    {
      "episode_return": -29.227901010999815,
      "success": 0.0,
      "collision": 0.0,
      "min_obstacle_distance": 1.3658193349838257,
      "min_clearance": 1.0158193349838256,
      "path_length": 2.533472188126005,
      "start_to_goal_distance": 4.785189151763916,
      "steps": 560.0,
      "control_effort": 0.6616521354232515,
      "episode_duration": 18.666666666666668,
      "time_to_goal": null
    }
  ]
}