{
  "summary": {
    "train_episode": 40,
    "stage_index": 0,
    "stage_name": "target_default_intro",
    "stage_episode": 40,
    "stage_eval_index": 5,
    "stage_target_hit": 0.0,
    "stage_success_streak": 0,
    "stage_best_success_rate": 0.0,
    "stage_best_collision_rate": 0.10000000149011612,
    "stage_best_avg_return": 5.603490352630615,
    "stage_bad_eval_streak": 0,
    "stage_regression_active": 0.0,
    "stage_regression_bad_eval": 0.0,
    "stage_regression_absolute_drop": 0.0,
    "stage_regression_relative_drop": 0.0,
    "stage_regression_detected": 0.0,
    "stage_rollback_applied": 0.0,
    "stage_plateau_recovery_applied": 0.0,
    "num_episodes": 10,
    "success_rate": 0.0,
    "collision_rate": 0.10000000149011612,
    "avg_episode_return": -12.037040710449219,
    "avg_path_length": 3.3402206897735596,
    "avg_episode_duration": 18.48666763305664,
    "avg_time_to_goal": 0.0,
    "avg_min_obstacle_distance": 0.9595492482185364,
    "avg_min_clearance": 0.6095492243766785,
    "avg_control_effort": 0.6614611744880676,
    "avg_path_efficiency": 0.0,
    "avg_steps": 554.5999755859375,
    "best_episode_return": 15.051218032836914,
    "deterministic": 1.0,
    "seed_offset": 100000
  },
  "episodes": [
    {
      "episode_return": -41.90575783423203,
      "success": 0.0,
      "collision": 0.0,
      "min_obstacle_distance": 1.5418944358825684,
      "min_clearance": 1.1918944358825683,
      "path_length": 2.4073814688646777,
      "start_to_goal_distance": 5.67656946182251,
      "steps": 560.0,
      "control_effort": 0.6680421892021383,
      "episode_duration": 18.666666666666668,
      "time_to_goal": null
    },
    {
      "episode_return": -5.227652355877964,
      "success": 0.0,
      "collision": 0.0,
      "min_obstacle_distance": 0.5059264898300171,
      "min_clearance": 0.1559264898300171,
      "path_length": 4.090163603512337,
      "start_to_goal_distance": 3.87174391746521,
      "steps": 560.0,
      "control_effort": 0.654889091955764,
      "episode_duration": 18.666666666666668,
      "time_to_goal": null
    },
    {
      "episode_return": -11.992858006758453,
      "success": 0.0,
      "collision": 0.0,
      "min_obstacle_distance": 1.4309896230697632,
      "min_clearance": 1.080989623069763,
      "path_length": 3.2385777648230487,
      "start_to_goal_distance": 4.218926906585693,
      "steps": 560.0,
      "control_effort": 0.6636026376060077,
      "episode_duration": 18.666666666666668,
      "time_to_goal": null
    },
    {
      "episode_return": -5.301397131373413,
      "success": 0.0,
      "collision": 1.0,
      "min_obstacle_distance": 0.34624069929122925,
      "min_clearance": -0.0037593007087707297,
      "path_length": 3.549478688277304,
      "start_to_goal_distance": 3.8663716316223145,
      "steps": 506.0,
      "control_effort": 0.65503325222038,
      "episode_duration": 16.866666666666667,
      "time_to_goal": null
    },
    {
      "episode_return": -24.50494115349213,
      "success": 0.0,
      "collision": 0.0,
      "min_obstacle_distance": 0.9448113441467285,
      "min_clearance": 0.5948113441467285,
      "path_length": 2.827894551830383,
      "start_to_goal_distance": 4.319121837615967,
      "steps": 560.0,
      "control_effort": 0.6656746179929801,
      "episode_duration": 18.666666666666668,
      "time_to_goal": null
    },
    {
      "episode_return": 15.051217721045113,
      "success": 0.0,
      "collision": 0.0,
      "min_obstacle_distance": 1.2051945924758911,
      "min_clearance": 0.8551945924758911,
      "path_length": 3.8268232060654555,
      "start_to_goal_distance": 5.195745468139648,
      "steps": 560.0,
      "control_effort": 0.657681327100311,
      "episode_duration": 18.666666666666668,
      "time_to_goal": null
    },
    {
      "episode_return": 10.95848631394147,
      "success": 0.0,
      "collision": 0.0,
      "min_obstacle_distance": 0.730388879776001,
      "min_clearance": 0.380388879776001,
      "path_length": 3.931844042846933,
      "start_to_goal_distance": 3.8741517066955566,
      "steps": 560.0,
      "control_effort": 0.6586085798484939,
      "episode_duration": 18.666666666666668,
      "time_to_goal": null
    },
    {
      "episode_return": -9.565340927663186,
      "success": 0.0,
      "collision": 0.0,
      "min_obstacle_distance": 0.5436961650848389,
      "min_clearance": 0.1936961650848389,
      "path_length": 3.8897776882513426,
      "start_to_goal_distance": 4.822974681854248,
      "steps": 560.0,
      "control_effort": 0.6626860376979623,
      "episode_duration": 18.666666666666668,
      "time_to_goal": null
    },
    {
      "episode_return": -21.27307692848378,
      "success": 0.0,
      "collision": 0.0,
      "min_obstacle_distance": 1.074428677558899,
      "min_clearance": 0.724428677558899,
      "path_length": 3.1327774929345082,
      "start_to_goal_distance": 5.504796504974365,
      "steps": 560.0,
      "control_effort": 0.6684669778815338,
      "episode_duration": 18.666666666666668,
      "time_to_goal": null
    },
    {
      "episode_return": -26.609081926137797,
      "success": 0.0,
      "collision": 0.0,
      "min_obstacle_distance": 1.2719213962554932,
      "min_clearance": 0.9219213962554932,
      "path_length": 2.5074878617034244,
      "start_to_goal_distance": 4.785189151763916,
      "steps": 560.0,
      "control_effort": 0.6599267032529627,
      "episode_duration": 18.666666666666668,
      "time_to_goal": null
    }
  ]
}