{
  "episode_return": 11.9339725999926,
  "success": 0.0,
  "collision": 0.0,
  "min_obstacle_distance": 0.8144254684448242,
  "min_clearance": 0.46442546844482424,
  "path_length": 3.8918139726738445,
  "start_to_goal_distance": 3.8741517066955566,
  "steps": 560.0,
  "control_effort": 0.6552107718374048,
  "episode_duration": 18.666666666666668,
  "time_to_goal": null
}