{
  "summary": {
    "train_episode": 70,
    "stage_index": 0,
    "stage_name": "target_default_intro",
    "stage_episode": 70,
    "stage_eval_index": 8,
    "stage_target_hit": 0.0,
    "stage_success_streak": 0,
    "stage_best_success_rate": 0.0,
    "stage_best_collision_rate": 0.0,
    "stage_best_avg_return": -26.982219696044922,
    "stage_bad_eval_streak": 0,
    "stage_regression_active": 0.0,
    "stage_regression_bad_eval": 0.0,
    "stage_regression_absolute_drop": 0.0,
    "stage_regression_relative_drop": 0.0,
    "stage_regression_detected": 0.0,
    "stage_rollback_applied": 0.0,
    "stage_plateau_recovery_applied": 0.0,
    "num_episodes": 10,
    "success_rate": 0.0,
    "collision_rate": 0.0,
    "avg_episode_return": -26.982219696044922,
    "avg_path_length": 3.3454089164733887,
    "avg_episode_duration": 18.666667938232422,
    "avg_time_to_goal": 0.0,
    "avg_min_obstacle_distance": 0.9877856969833374,
    "avg_min_clearance": 0.637785792350769,
    "avg_control_effort": 0.6614640951156616,
    "avg_path_efficiency": 0.0,
    "avg_steps": 560.0,
    "best_episode_return": 7.07719087600708,
    "deterministic": 1.0,
    "seed_offset": 100000
  },
  "episodes": [
    {
      "episode_return": -56.22065085137866,
      "success": 0.0,
      "collision": 0.0,
      "min_obstacle_distance": 1.578353762626648,
      "min_clearance": 1.2283537626266479,
      "path_length": 2.217042608047251,
      "start_to_goal_distance": 5.67656946182251,
      "steps": 560.0,
      "control_effort": 0.6678864327924592,
      "episode_duration": 18.666666666666668,
      "time_to_goal": null
    },
    {
      "episode_return": 1.7865042953246828,
      "success": 0.0,
      "collision": 0.0,
      "min_obstacle_distance": 0.5201708674430847,
      "min_clearance": 0.17017086744308474,
      "path_length": 3.839479493792169,
      "start_to_goal_distance": 3.87174391746521,
      "steps": 560.0,
      "control_effort": 0.6560101339859622,
      "episode_duration": 18.666666666666668,
      "time_to_goal": null
    },
    {
      "episode_return": -21.67067872430332,
      "success": 0.0,
      "collision": 0.0,
      "min_obstacle_distance": 1.3998793363571167,
      "min_clearance": 1.0498793363571166,
      "path_length": 3.642356314434437,
      "start_to_goal_distance": 4.218926906585693,
      "steps": 560.0,
      "control_effort": 0.661110446602106,
      "episode_duration": 18.666666666666668,
      "time_to_goal": null
    },
    {
      "episode_return": -54.87108619226023,
      "success": 0.0,
      "collision": 0.0,
      "min_obstacle_distance": 0.3721475601196289,
      "min_clearance": 0.02214756011962893,
      "path_length": 3.8560443571477663,
      "start_to_goal_distance": 3.8663716316223145,
      "steps": 560.0,
      "control_effort": 0.6542032514299665,
      "episode_duration": 18.666666666666668,
      "time_to_goal": null
    },
    {
      "episode_return": -32.76921071406419,
      "success": 0.0,
      "collision": 0.0,
      "min_obstacle_distance": 0.9058938026428223,
      "min_clearance": 0.5558938026428223,
      "path_length": 2.4682218907179347,
      "start_to_goal_distance": 4.319121837615967,
      "steps": 560.0,
      "control_effort": 0.6637498737445899,
      "episode_duration": 18.666666666666668,
      "time_to_goal": null
    },
    {
      "episode_return": 7.077190780476677,
      "success": 0.0,
      "collision": 0.0,
      "min_obstacle_distance": 1.195061206817627,
      "min_clearance": 0.845061206817627,
      "path_length": 3.959284130949527,
      "start_to_goal_distance": 5.195745468139648,
      "steps": 560.0,
      "control_effort": 0.6586930736899376,
      "episode_duration": 18.666666666666668,
      "time_to_goal": null
    },
    {
      "episode_return": 4.2857926302071405,
      "success": 0.0,
      "collision": 0.0,
      "min_obstacle_distance": 0.8446420431137085,
      "min_clearance": 0.4946420431137085,
      "path_length": 3.9697450160456356,
      "start_to_goal_distance": 3.8741517066955566,
      "steps": 560.0,
      "control_effort": 0.6576519678745951,
      "episode_duration": 18.666666666666668,
      "time_to_goal": null
    },
    {
      "episode_return": -48.11657111731658,
      "success": 0.0,
      "collision": 0.0,
      "min_obstacle_distance": 0.472523957490921,
      "min_clearance": 0.12252395749092104,
      "path_length": 3.9245803908561356,
      "start_to_goal_distance": 4.822974681854248,
      "steps": 560.0,
      "control_effort": 0.6623839622097356,
      "episode_duration": 18.666666666666668,
      "time_to_goal": null
    },
    {
      "episode_return": -35.88862917684749,
      "success": 0.0,
      "collision": 0.0,
      "min_obstacle_distance": 1.108394980430603,
      "min_clearance": 0.758394980430603,
      "path_length": 3.0467592943344783,
      "start_to_goal_distance": 5.504796504974365,
      "steps": 560.0,
      "control_effort": 0.6705313613372189,
      "episode_duration": 18.666666666666668,
      "time_to_goal": null
    },
    {
      "episode_return": -33.43487406185788,
      "success": 0.0,
      "collision": 0.0,
      "min_obstacle_distance": 1.480790376663208,
      "min_clearance": 1.130790376663208,
      "path_length": 2.5305749860750737,
      "start_to_goal_distance": 4.785189151763916,
      "steps": 560.0,
      "control_effort": 0.6624207176268101,
      "episode_duration": 18.666666666666668,
      "time_to_goal": null
    }
  ]
}