{
  "summary": {
    "train_episode": 90,
    "stage_index": 0,
    "stage_name": "target_default_intro",
    "stage_episode": 90,
    "stage_eval_index": 10,
    "stage_target_hit": 0.0,
    "stage_success_streak": 0,
    "stage_best_success_rate": 0.0,
    "stage_best_collision_rate": 0.0,
    "stage_best_avg_return": -26.982219696044922,
    "stage_bad_eval_streak": 0,
    "stage_regression_active": 0.0,
    "stage_regression_bad_eval": 0.0,
    "stage_regression_absolute_drop": 0.0,
    "stage_regression_relative_drop": 0.0,
    "stage_regression_detected": 0.0,
    "stage_rollback_applied": 0.0,
    "stage_plateau_recovery_applied": 0.0,
    "num_episodes": 10,
    "success_rate": 0.0,
    "collision_rate": 0.0,
    "avg_episode_return": -34.15678024291992,
    "avg_path_length": 3.221956253051758,
    "avg_episode_duration": 18.666667938232422,
    "avg_time_to_goal": 0.0,
    "avg_min_obstacle_distance": 0.9824731945991516,
    "avg_min_clearance": 0.6324732303619385,
    "avg_control_effort": 0.6607126593589783,
    "avg_path_efficiency": 0.0,
    "avg_steps": 560.0,
    "best_episode_return": 0.31339892745018005,
    "deterministic": 1.0,
    "seed_offset": 100000
  },
  "episodes": [
    {
      "episode_return": -58.448673790555006,
      "success": 0.0,
      "collision": 0.0,
      "min_obstacle_distance": 1.5746492147445679,
      "min_clearance": 1.2246492147445678,
      "path_length": 2.0013489037919356,
      "start_to_goal_distance": 5.67656946182251,
      "steps": 560.0,
      "control_effort": 0.6700137476835932,
      "episode_duration": 18.666666666666668,
      "time_to_goal": null
    },
    {
      "episode_return": -9.307632505316313,
      "success": 0.0,
      "collision": 0.0,
      "min_obstacle_distance": 0.553989589214325,
      "min_clearance": 0.20398958921432497,
      "path_length": 3.948766530607827,
      "start_to_goal_distance": 3.87174391746521,
      "steps": 560.0,
      "control_effort": 0.6519329422286578,
      "episode_duration": 18.666666666666668,
      "time_to_goal": null
    },
    {
      "episode_return": -17.42699347162651,
      "success": 0.0,
      "collision": 0.0,
      "min_obstacle_distance": 1.4670273065567017,
      "min_clearance": 1.1170273065567016,
      "path_length": 3.04184466295294,
      "start_to_goal_distance": 4.218926906585693,
      "steps": 560.0,
      "control_effort": 0.6614800906607083,
      "episode_duration": 18.666666666666668,
      "time_to_goal": null
    },
    {
      "episode_return": -58.994392843236014,
      "success": 0.0,
      "collision": 0.0,
      "min_obstacle_distance": 0.38060620427131653,
      "min_clearance": 0.03060620427131655,
      "path_length": 3.8996420599869452,
      "start_to_goal_distance": 3.8663716316223145,
      "steps": 560.0,
      "control_effort": 0.6511542890753065,
      "episode_duration": 18.666666666666668,
      "time_to_goal": null
    },
    {
      "episode_return": -39.85992548181726,
      "success": 0.0,
      "collision": 0.0,
      "min_obstacle_distance": 0.8940513134002686,
      "min_clearance": 0.5440513134002686,
      "path_length": 2.322712859152091,
      "start_to_goal_distance": 4.319121837615967,
      "steps": 560.0,
      "control_effort": 0.6661952730800424,
      "episode_duration": 18.666666666666668,
      "time_to_goal": null
    },
    {
      "episode_return": -5.243715891201155,
      "success": 0.0,
      "collision": 0.0,
      "min_obstacle_distance": 1.2056759595870972,
      "min_clearance": 0.8556759595870972,
      "path_length": 3.88956859629252,
      "start_to_goal_distance": 5.195745468139648,
      "steps": 560.0,
      "control_effort": 0.6610005994992597,
      "episode_duration": 18.666666666666668,
      "time_to_goal": null
    },
    {
      "episode_return": 0.3133989280651832,
      "success": 0.0,
      "collision": 0.0,
      "min_obstacle_distance": 0.8407710194587708,
      "min_clearance": 0.4907710194587708,
      "path_length": 3.8857841980207013,
      "start_to_goal_distance": 3.8741517066955566,
      "steps": 560.0,
      "control_effort": 0.6532605302120958,
      "episode_duration": 18.666666666666668,
      "time_to_goal": null
    },
    {
      "episode_return": -74.66598010955974,
      "success": 0.0,
      "collision": 0.0,
      "min_obstacle_distance": 0.42918750643730164,
      "min_clearance": 0.07918750643730166,
      "path_length": 3.9779580477043055,
      "start_to_goal_distance": 4.822974681854248,
      "steps": 560.0,
      "control_effort": 0.6596879853733948,
      "episode_duration": 18.666666666666668,
      "time_to_goal": null
    },
    {
      "episode_return": -43.070187035988255,
      "success": 0.0,
      "collision": 0.0,
      "min_obstacle_distance": 1.145060420036316,
      "min_clearance": 0.7950604200363159,
      "path_length": 2.8462042792139073,
      "start_to_goal_distance": 5.504796504974365,
      "steps": 560.0,
      "control_effort": 0.6693678188536848,
      "episode_duration": 18.666666666666668,
      "time_to_goal": null
    },
    {
      "episode_return": -34.86370662329009,
      "success": 0.0,
      "collision": 0.0,
      "min_obstacle_distance": 1.3337135314941406,
      "min_clearance": 0.9837135314941406,
      "path_length": 2.405733121156331,
      "start_to_goal_distance": 4.785189151763916,
      "steps": 560.0,
      "control_effort": 0.6630332975515297,
      "episode_duration": 18.666666666666668,
      "time_to_goal": null
    }
  ]
}