{
  "summary": {
    "train_episode": 160,
    "stage_index": 0,
    "stage_name": "target_default_intro",
    "stage_episode": 160,
    "stage_eval_index": 17,
    "stage_target_hit": 0.0,
    "stage_success_streak": 0,
    "stage_best_success_rate": 0.0,
    "stage_best_collision_rate": 0.0,
    "stage_best_avg_return": -26.982219696044922,
    "stage_bad_eval_streak": 0,
    "stage_regression_active": 0.0,
    "stage_regression_bad_eval": 0.0,
    "stage_regression_absolute_drop": 0.0,
    "stage_regression_relative_drop": 0.0,
    "stage_regression_detected": 0.0,
    "stage_rollback_applied": 0.0,
    "stage_plateau_recovery_applied": 0.0,
    "num_episodes": 10,
    "success_rate": 0.0,
    "collision_rate": 0.10000000149011612,
    "avg_episode_return": -24.543991088867188,
    "avg_path_length": 3.2542014122009277,
    "avg_episode_duration": 18.51333236694336,
    "avg_time_to_goal": 0.0,
    "avg_min_obstacle_distance": 0.9695032835006714,
    "avg_min_clearance": 0.6195032000541687,
    "avg_control_effort": 0.6563732028007507,
    "avg_path_efficiency": 0.0,
    "avg_steps": 555.4000244140625,
    "best_episode_return": 13.313596725463867,
    "deterministic": 1.0,
    "seed_offset": 100000
  },
  "episodes": [
    {
      "episode_return": -54.800835071692475,
      "success": 0.0,
      "collision": 0.0,
      "min_obstacle_distance": 1.5715237855911255,
      "min_clearance": 1.2215237855911254,
      "path_length": 2.2276270876611903,
      "start_to_goal_distance": 5.67656946182251,
      "steps": 560.0,
      "control_effort": 0.665150243469647,
      "episode_duration": 18.666666666666668,
      "time_to_goal": null
    },
    {
      "episode_return": 0.26226297582780234,
      "success": 0.0,
      "collision": 0.0,
      "min_obstacle_distance": 0.5604748129844666,
      "min_clearance": 0.21047481298446657,
      "path_length": 3.804823957529152,
      "start_to_goal_distance": 3.87174391746521,
      "steps": 560.0,
      "control_effort": 0.6484905987977981,
      "episode_duration": 18.666666666666668,
      "time_to_goal": null
    },
    {
      "episode_return": -17.937523289242158,
      "success": 0.0,
      "collision": 0.0,
      "min_obstacle_distance": 1.3656448125839233,
      "min_clearance": 1.0156448125839233,
      "path_length": 3.241568633574147,
      "start_to_goal_distance": 4.218926906585693,
      "steps": 560.0,
      "control_effort": 0.6543442767645632,
      "episode_duration": 18.666666666666668,
      "time_to_goal": null
    },
    {
      "episode_return": -14.241606820800058,
      "success": 0.0,
      "collision": 1.0,
      "min_obstacle_distance": 0.34797441959381104,
      "min_clearance": -0.0020255804061889426,
      "path_length": 3.648417621778208,
      "start_to_goal_distance": 3.8663716316223145,
      "steps": 514.0,
      "control_effort": 0.6507675123585801,
      "episode_duration": 17.133333333333333,
      "time_to_goal": null
    },
    {
      "episode_return": -40.33191638205454,
      "success": 0.0,
      "collision": 0.0,
      "min_obstacle_distance": 0.9058324694633484,
      "min_clearance": 0.5558324694633484,
      "path_length": 2.3089419446994235,
      "start_to_goal_distance": 4.319121837615967,
      "steps": 560.0,
      "control_effort": 0.6610712610185147,
      "episode_duration": 18.666666666666668,
      "time_to_goal": null
    },
    {
      "episode_return": -18.706013733831977,
      "success": 0.0,
      "collision": 0.0,
      "min_obstacle_distance": 1.132668375968933,
      "min_clearance": 0.7826683759689331,
      "path_length": 3.844103063995135,
      "start_to_goal_distance": 5.195745468139648,
      "steps": 560.0,
      "control_effort": 0.6570806816220284,
      "episode_duration": 18.666666666666668,
      "time_to_goal": null
    },
    {
      "episode_return": 13.31359678425202,
      "success": 0.0,
      "collision": 0.0,
      "min_obstacle_distance": 0.913329541683197,
      "min_clearance": 0.563329541683197,
      "path_length": 3.8666213454889657,
      "start_to_goal_distance": 3.8741517066955566,
      "steps": 560.0,
      "control_effort": 0.6512535430490971,
      "episode_duration": 18.666666666666668,
      "time_to_goal": null
    },
    {
      "episode_return": -49.07009352366475,
      "success": 0.0,
      "collision": 0.0,
      "min_obstacle_distance": 0.4526270627975464,
      "min_clearance": 0.10262706279754641,
      "path_length": 3.8519658080022054,
      "start_to_goal_distance": 4.822974681854248,
      "steps": 560.0,
      "control_effort": 0.6537303133734635,
      "episode_duration": 18.666666666666668,
      "time_to_goal": null
    },
    {
      "episode_return": -42.07626693671763,
      "success": 0.0,
      "collision": 0.0,
      "min_obstacle_distance": 1.1383780241012573,
      "min_clearance": 0.7883780241012573,
      "path_length": 2.9728063779704996,
      "start_to_goal_distance": 5.504796504974365,
      "steps": 560.0,
      "control_effort": 0.6634524578494685,
      "episode_duration": 18.666666666666668,
      "time_to_goal": null
    },
    {
      "episode_return": -21.85151323834696,
      "success": 0.0,
      "collision": 0.0,
      "min_obstacle_distance": 1.3065792322158813,
      "min_clearance": 0.9565792322158814,
      "path_length": 2.775141298807995,
      "start_to_goal_distance": 4.785189151763916,
      "steps": 560.0,
      "control_effort": 0.6583916060626507,
      "episode_duration": 18.666666666666668,
      "time_to_goal": null
    }
  ]
}