{
  "episode_return": 21.861841091889637,
  "success": 0.0,
  "collision": 0.0,
  "min_obstacle_distance": 1.6850465536117554,
  "min_clearance": 1.3350465536117553,
  "path_length": 4.11515976706869,
  "start_to_goal_distance": 5.195745468139648,
  "steps": 560.0,
  "control_effort": 0.6587533575083528,
  "episode_duration": 18.666666666666668,
  "time_to_goal": null
}