{
  "episode_return": 17.65589791895627,
  "success": 0.0,
  "collision": 0.0,
  "min_obstacle_distance": 0.8700770735740662,
  "min_clearance": 0.5200770735740662,
  "path_length": 3.7824499161943095,
  "start_to_goal_distance": 3.8741517066955566,
  "steps": 560.0,
  "control_effort": 0.6566837617329189,
  "episode_duration": 18.666666666666668,
  "time_to_goal": null
}