{
  "episode_return": 8.28243116710199,
  "success": 0.0,
  "collision": 0.0,
  "min_obstacle_distance": 0.9240023493766785,
  "min_clearance": 0.5740023493766785,
  "path_length": 4.07128514526994,
  "start_to_goal_distance": 3.8741517066955566,
  "steps": 560.0,
  "control_effort": 0.6610433260244982,
  "episode_duration": 18.666666666666668,
  "time_to_goal": null
}