{
  "episode_return": 7.077190780476677,
  "success": 0.0,
  "collision": 0.0,
  "min_obstacle_distance": 1.195061206817627,
  "min_clearance": 0.845061206817627,
  "path_length": 3.959284130949527,
  "start_to_goal_distance": 5.195745468139648,
  "steps": 560.0,
  "control_effort": 0.6586930736899376,
  "episode_duration": 18.666666666666668,
  "time_to_goal": null
}