{
  "summary": {
    "train_episode": 110,
    "stage_index": 0,
    "stage_name": "target_default_intro",
    "stage_episode": 110,
    "stage_eval_index": 12,
    "stage_target_hit": 0.0,
    "stage_success_streak": 0,
    "stage_best_success_rate": 0.0,
    "stage_best_collision_rate": 0.0,
    "stage_best_avg_return": -26.982219696044922,
    "stage_bad_eval_streak": 0,
    "stage_regression_active": 0.0,
    "stage_regression_bad_eval": 0.0,
    "stage_regression_absolute_drop": 0.0,
    "stage_regression_relative_drop": 0.0,
    "stage_regression_detected": 0.0,
    "stage_rollback_applied": 0.0,
    "stage_plateau_recovery_applied": 0.0,
    "num_episodes": 10,
    "success_rate": 0.0,
    "collision_rate": 0.10000000149011612,
    "avg_episode_return": -28.298160552978516,
    "avg_path_length": 3.2144782543182373,
    "avg_episode_duration": 18.470001220703125,
    "avg_time_to_goal": 0.0,
    "avg_min_obstacle_distance": 0.9726009368896484,
    "avg_min_clearance": 0.6226008534431458,
    "avg_control_effort": 0.6598502397537231,
    "avg_path_efficiency": 0.0,
    "avg_steps": 554.0999755859375,
    "best_episode_return": 13.092289924621582,
    "deterministic": 1.0,
    "seed_offset": 100000
  },
  "episodes": [
    {
      "episode_return": -51.15924182269877,
      "success": 0.0,
      "collision": 0.0,
      "min_obstacle_distance": 1.5682182312011719,
      "min_clearance": 1.2182182312011718,
      "path_length": 2.3060577563023372,
      "start_to_goal_distance": 5.67656946182251,
      "steps": 560.0,
      "control_effort": 0.66629782723529,
      "episode_duration": 18.666666666666668,
      "time_to_goal": null
    },
    {
      "episode_return": -12.742477358995089,
      "success": 0.0,
      "collision": 0.0,
      "min_obstacle_distance": 0.5058297514915466,
      "min_clearance": 0.15582975149154665,
      "path_length": 3.9547770056233276,
      "start_to_goal_distance": 3.87174391746521,
      "steps": 560.0,
      "control_effort": 0.6517203447009836,
      "episode_duration": 18.666666666666668,
      "time_to_goal": null
    },
    {
      "episode_return": -19.962698406232693,
      "success": 0.0,
      "collision": 0.0,
      "min_obstacle_distance": 1.4596918821334839,
      "min_clearance": 1.1096918821334838,
      "path_length": 2.949795788794056,
      "start_to_goal_distance": 4.218926906585693,
      "steps": 560.0,
      "control_effort": 0.6605606161057949,
      "episode_duration": 18.666666666666668,
      "time_to_goal": null
    },
    {
      "episode_return": 2.6941628862177254,
      "success": 0.0,
      "collision": 1.0,
      "min_obstacle_distance": 0.3451891541481018,
      "min_clearance": -0.004810845851898171,
      "path_length": 3.554556483621127,
      "start_to_goal_distance": 3.8663716316223145,
      "steps": 501.0,
      "control_effort": 0.6561934160377213,
      "episode_duration": 16.7,
      "time_to_goal": null
    },
    {
      "episode_return": -42.555249521186965,
      "success": 0.0,
      "collision": 0.0,
      "min_obstacle_distance": 0.9320260882377625,
      "min_clearance": 0.5820260882377625,
      "path_length": 2.2240851256648924,
      "start_to_goal_distance": 4.319121837615967,
      "steps": 560.0,
      "control_effort": 0.6621149982724871,
      "episode_duration": 18.666666666666668,
      "time_to_goal": null
    },
    {
      "episode_return": -16.578656459798818,
      "success": 0.0,
      "collision": 0.0,
      "min_obstacle_distance": 1.2121018171310425,
      "min_clearance": 0.8621018171310425,
      "path_length": 3.9331160844303668,
      "start_to_goal_distance": 5.195745468139648,
      "steps": 560.0,
      "control_effort": 0.6591352895966598,
      "episode_duration": 18.666666666666668,
      "time_to_goal": null
    },
    {
      "episode_return": 13.092290324582429,
      "success": 0.0,
      "collision": 0.0,
      "min_obstacle_distance": 0.900312602519989,
      "min_clearance": 0.550312602519989,
      "path_length": 3.8441038584860507,
      "start_to_goal_distance": 3.8741517066955566,
      "steps": 560.0,
      "control_effort": 0.6565440654754638,
      "episode_duration": 18.666666666666668,
      "time_to_goal": null
    },
    {
      "episode_return": -97.15728360152171,
      "success": 0.0,
      "collision": 0.0,
      "min_obstacle_distance": 0.3936702311038971,
      "min_clearance": 0.04367023110389712,
      "path_length": 3.8586071729951072,
      "start_to_goal_distance": 4.822974681854248,
      "steps": 560.0,
      "control_effort": 0.6576303817331791,
      "episode_duration": 18.666666666666668,
      "time_to_goal": null
    },
    {
      "episode_return": -31.068794174620177,
      "success": 0.0,
      "collision": 0.0,
      "min_obstacle_distance": 1.1092637777328491,
      "min_clearance": 0.7592637777328491,
      "path_length": 2.9974295029314817,
      "start_to_goal_distance": 5.504796504974365,
      "steps": 560.0,
      "control_effort": 0.6681833394936153,
      "episode_duration": 18.666666666666668,
      "time_to_goal": null
    },
    {
      "episode_return": -27.54367988847989,
      "success": 0.0,
      "collision": 0.0,
      "min_obstacle_distance": 1.2997053861618042,
      "min_clearance": 0.9497053861618042,
      "path_length": 2.5222535315741172,
      "start_to_goal_distance": 4.785189151763916,
      "steps": 560.0,
      "control_effort": 0.6601222071264471,
      "episode_duration": 18.666666666666668,
      "time_to_goal": null
    }
  ]
}