{
  "episode_return": 6.188882506434233,
  "success": 0.0,
  "collision": 0.0,
  "min_obstacle_distance": 0.883672297000885,
  "min_clearance": 0.533672297000885,
  "path_length": 3.9408917540567927,
  "start_to_goal_distance": 3.8741517066955566,
  "steps": 560.0,
  "control_effort": 0.6586306331413133,
  "episode_duration": 18.666666666666668,
  "time_to_goal": null
}