{
  "summary": {
    "train_episode": 130,
    "stage_index": 0,
    "stage_name": "target_default_intro",
    "stage_episode": 130,
    "stage_eval_index": 14,
    "stage_target_hit": 0.0,
    "stage_success_streak": 0,
    "stage_best_success_rate": 0.0,
    "stage_best_collision_rate": 0.0,
    "stage_best_avg_return": -26.982219696044922,
    "stage_bad_eval_streak": 0,
    "stage_regression_active": 0.0,
    "stage_regression_bad_eval": 0.0,
    "stage_regression_absolute_drop": 0.0,
    "stage_regression_relative_drop": 0.0,
    "stage_regression_detected": 0.0,
    "stage_rollback_applied": 0.0,
    "stage_plateau_recovery_applied": 0.0,
    "num_episodes": 10,
    "success_rate": 0.0,
    "collision_rate": 0.10000000149011612,
    "avg_episode_return": -29.301931381225586,
    "avg_path_length": 3.1769747734069824,
    "avg_episode_duration": 18.48000144958496,
    "avg_time_to_goal": 0.0,
    "avg_min_obstacle_distance": 0.9599540829658508,
    "avg_min_clearance": 0.6099541783332825,
    "avg_control_effort": 0.6589072346687317,
    "avg_path_efficiency": 0.0,
    "avg_steps": 554.4000244140625,
    "best_episode_return": 15.522486686706543,
    "deterministic": 1.0,
    "seed_offset": 100000
  },
  "episodes": [
    {
      "episode_return": -53.45076157621657,
      "success": 0.0,
      "collision": 0.0,
      "min_obstacle_distance": 1.5783908367156982,
      "min_clearance": 1.2283908367156982,
      "path_length": 2.2794597173165307,
      "start_to_goal_distance": 5.67656946182251,
      "steps": 560.0,
      "control_effort": 0.6658700186227049,
      "episode_duration": 18.666666666666668,
      "time_to_goal": null
    },
    {
      "episode_return": -5.183478603087881,
      "success": 0.0,
      "collision": 0.0,
      "min_obstacle_distance": 0.4882547855377197,
      "min_clearance": 0.13825478553771975,
      "path_length": 3.6349544027055884,
      "start_to_goal_distance": 3.87174391746521,
      "steps": 560.0,
      "control_effort": 0.6503836461475917,
      "episode_duration": 18.666666666666668,
      "time_to_goal": null
    },
    {
      "episode_return": -14.61651555831661,
      "success": 0.0,
      "collision": 0.0,
      "min_obstacle_distance": 1.3594181537628174,
      "min_clearance": 1.0094181537628173,
      "path_length": 3.184128529686049,
      "start_to_goal_distance": 4.218926906585693,
      "steps": 560.0,
      "control_effort": 0.6567982242575714,
      "episode_duration": 18.666666666666668,
      "time_to_goal": null
    },
    {
      "episode_return": -1.3822023485499457,
      "success": 0.0,
      "collision": 1.0,
      "min_obstacle_distance": 0.3410901427268982,
      "min_clearance": -0.008909857273101784,
      "path_length": 3.5598467655072454,
      "start_to_goal_distance": 3.8663716316223145,
      "steps": 504.0,
      "control_effort": 0.6547720331757788,
      "episode_duration": 16.8,
      "time_to_goal": null
    },
    {
      "episode_return": -39.27351601735348,
      "success": 0.0,
      "collision": 0.0,
      "min_obstacle_distance": 0.9431874752044678,
      "min_clearance": 0.5931874752044678,
      "path_length": 2.3384832268466553,
      "start_to_goal_distance": 4.319121837615967,
      "steps": 560.0,
      "control_effort": 0.6618389170084681,
      "episode_duration": 18.666666666666668,
      "time_to_goal": null
    },
    {
      "episode_return": -21.580937602933826,
      "success": 0.0,
      "collision": 0.0,
      "min_obstacle_distance": 1.2200729846954346,
      "min_clearance": 0.8700729846954346,
      "path_length": 3.8205790533393156,
      "start_to_goal_distance": 5.195745468139648,
      "steps": 560.0,
      "control_effort": 0.6598647482693195,
      "episode_duration": 18.666666666666668,
      "time_to_goal": null
    },
    {
      "episode_return": 15.522487108648981,
      "success": 0.0,
      "collision": 0.0,
      "min_obstacle_distance": 0.9282119274139404,
      "min_clearance": 0.5782119274139405,
      "path_length": 3.664248581044376,
      "start_to_goal_distance": 3.8741517066955566,
      "steps": 560.0,
      "control_effort": 0.6567310656820025,
      "episode_duration": 18.666666666666668,
      "time_to_goal": null
    },
    {
      "episode_return": -103.72611172283095,
      "success": 0.0,
      "collision": 0.0,
      "min_obstacle_distance": 0.3766629695892334,
      "min_clearance": 0.02666296958923342,
      "path_length": 3.903544184315251,
      "start_to_goal_distance": 4.822974681854248,
      "steps": 560.0,
      "control_effort": 0.6566074859883104,
      "episode_duration": 18.666666666666668,
      "time_to_goal": null
    },
    {
      "episode_return": -40.42947191965399,
      "success": 0.0,
      "collision": 0.0,
      "min_obstacle_distance": 1.0579246282577515,
      "min_clearance": 0.7079246282577515,
      "path_length": 2.8676924561915484,
      "start_to_goal_distance": 5.504796504974365,
      "steps": 560.0,
      "control_effort": 0.6654123547886099,
      "episode_duration": 18.666666666666668,
      "time_to_goal": null
    },
    {
      "episode_return": -28.898797024171667,
      "success": 0.0,
      "collision": 0.0,
      "min_obstacle_distance": 1.306327223777771,
      "min_clearance": 0.956327223777771,
      "path_length": 2.5168090165448547,
      "start_to_goal_distance": 4.785189151763916,
      "steps": 560.0,
      "control_effort": 0.6607939357204097,
      "episode_duration": 18.666666666666668,
      "time_to_goal": null
    }
  ]
}