{
  "summary": {
    "train_episode": 0,
    "stage_index": 0,
    "stage_name": "target_default_intro",
    "stage_episode": 0,
    "stage_eval_index": 1,
    "stage_target_hit": 0.0,
    "stage_success_streak": 0,
    "stage_best_success_rate": 0.0,
    "stage_best_collision_rate": 0.10000000149011612,
    "stage_best_avg_return": -21.778301239013672,
    "stage_bad_eval_streak": 0,
    "stage_regression_active": 0.0,
    "stage_regression_bad_eval": 0.0,
    "stage_regression_absolute_drop": 0.0,
    "stage_regression_relative_drop": 0.0,
    "stage_regression_detected": 0.0,
    "stage_rollback_applied": 0.0,
    "stage_plateau_recovery_applied": 0.0,
    "pretrain_eval": 1.0,
    "num_episodes": 10,
    "success_rate": 0.0,
    "collision_rate": 0.10000000149011612,
    "avg_episode_return": -21.778301239013672,
    "avg_path_length": 3.7431435585021973,
    "avg_episode_duration": 17.823333740234375,
    "avg_time_to_goal": 0.0,
    "avg_min_obstacle_distance": 1.139272689819336,
    "avg_min_clearance": 0.789272665977478,
    "avg_control_effort": 0.6428645849227905,
    "avg_path_efficiency": 0.0,
    "avg_steps": 534.7000122070312,
    "best_episode_return": 15.520012855529785,
    "deterministic": 1.0,
    "seed_offset": 100000
  },
  "episodes": [
    {
      "episode_return": -7.183459192078949,
      "success": 0.0,
      "collision": 0.0,
      "min_obstacle_distance": 1.6575180292129517,
      "min_clearance": 1.3075180292129516,
      "path_length": 3.54760544950841,
      "start_to_goal_distance": 5.67656946182251,
      "steps": 560.0,
      "control_effort": 0.6431488791746752,
      "episode_duration": 18.666666666666668,
      "time_to_goal": null
    },
    {
      "episode_return": -15.67938664487383,
      "success": 0.0,
      "collision": 1.0,
      "min_obstacle_distance": 0.34188035130500793,
      "min_clearance": -0.008119648694992043,
      "path_length": 2.1302107711380813,
      "start_to_goal_distance": 3.87174391746521,
      "steps": 307.0,
      "control_effort": 0.6373990059675534,
      "episode_duration": 10.233333333333333,
      "time_to_goal": null
    },
    {
      "episode_return": -22.183099150823008,
      "success": 0.0,
      "collision": 0.0,
      "min_obstacle_distance": 0.9695598483085632,
      "min_clearance": 0.6195598483085633,
      "path_length": 3.988572219517664,
      "start_to_goal_distance": 4.218926906585693,
      "steps": 560.0,
      "control_effort": 0.6392452353877681,
      "episode_duration": 18.666666666666668,
      "time_to_goal": null
    },
    {
      "episode_return": -109.27736317003493,
      "success": 0.0,
      "collision": 0.0,
      "min_obstacle_distance": 1.466323971748352,
      "min_clearance": 1.116323971748352,
      "path_length": 4.033981257482083,
      "start_to_goal_distance": 3.8663716316223145,
      "steps": 560.0,
      "control_effort": 0.6461711389677866,
      "episode_duration": 18.666666666666668,
      "time_to_goal": null
    },
    {
      "episode_return": 6.033701683780912,
      "success": 0.0,
      "collision": 0.0,
      "min_obstacle_distance": 1.0236676931381226,
      "min_clearance": 0.6736676931381226,
      "path_length": 3.872287416670588,
      "start_to_goal_distance": 4.319121837615967,
      "steps": 560.0,
      "control_effort": 0.6346198250140462,
      "episode_duration": 18.666666666666668,
      "time_to_goal": null
    },
    {
      "episode_return": -0.4657134156739673,
      "success": 0.0,
      "collision": 0.0,
      "min_obstacle_distance": 1.558882474899292,
      "min_clearance": 1.208882474899292,
      "path_length": 3.9677223610779038,
      "start_to_goal_distance": 5.195745468139648,
      "steps": 560.0,
      "control_effort": 0.6481026276946068,
      "episode_duration": 18.666666666666668,
      "time_to_goal": null
    },
    {
      "episode_return": -0.15278699584531807,
      "success": 0.0,
      "collision": 0.0,
      "min_obstacle_distance": 0.7852523326873779,
      "min_clearance": 0.43525233268737795,
      "path_length": 3.9827031967579387,
      "start_to_goal_distance": 3.8741517066955566,
      "steps": 560.0,
      "control_effort": 0.6443718670734337,
      "episode_duration": 18.666666666666668,
      "time_to_goal": null
    },
    {
      "episode_return": -87.56244512398698,
      "success": 0.0,
      "collision": 0.0,
      "min_obstacle_distance": 1.6975350379943848,
      "min_clearance": 1.3475350379943847,
      "path_length": 4.146887206341489,
      "start_to_goal_distance": 4.822974681854248,
      "steps": 560.0,
      "control_effort": 0.6457912568535124,
      "episode_duration": 18.666666666666668,
      "time_to_goal": null
    },
    {
      "episode_return": 3.1675140295063215,
      "success": 0.0,
      "collision": 0.0,
      "min_obstacle_distance": 0.7090620398521423,
      "min_clearance": 0.35906203985214236,
      "path_length": 3.8591625283261237,
      "start_to_goal_distance": 5.504796504974365,
      "steps": 560.0,
      "control_effort": 0.6403774516923088,
      "episode_duration": 18.666666666666668,
      "time_to_goal": null
    },
    {
      "episode_return": 15.52001265981567,
      "success": 0.0,
      "collision": 0.0,
      "min_obstacle_distance": 1.1830451488494873,
      "min_clearance": 0.8330451488494873,
      "path_length": 3.9023022620749543,
      "start_to_goal_distance": 4.785189151763916,
      "steps": 560.0,
      "control_effort": 0.6494187014443534,
      "episode_duration": 18.666666666666668,
      "time_to_goal": null
    }
  ]
}