{
  "stage_index": 2,
  "stage_name": "bridge_entry",
  "train_episode": 160,
  "stage_episode": 80,
  "eval_index": 4,
  "num_episodes": 12,
  "success_rate": 1.0,
  "collision_rate": 0.0,
  "avg_episode_return": 103.76696014404297,
  "avg_path_length": 1.2184337377548218,
  "avg_episode_duration": 4.980555534362793,
  "avg_time_to_goal": 4.980555534362793,
  "avg_distance_to_goal": 0.9957232475280762,
  "avg_route_line_lateral_error": 0.23027253150939941,
  "avg_min_obstacle_distance": 2.5641674995422363,
  "avg_min_clearance": 2.214167356491089,
  "avg_control_effort": 0.7116260528564453,
  "avg_path_efficiency": 1.0,
  "avg_steps": 149.4166717529297,
  "best_distance_to_goal": 0.9923936724662781,
  "best_route_line_lateral_error": 0.09052936732769012,
  "best_episode_return": 108.97692108154297,
  "deterministic": 1.0,
  "seed_offset": 100000
}