{
  "stage_index": 3,
  "stage_name": "bridge_crossing_easy",
  "train_episode": 200,
  "stage_episode": 40,
  "eval_index": 2,
  "num_episodes": 6,
  "success_rate": 1.0,
  "collision_rate": 0.0,
  "avg_episode_return": 98.8727798461914,
  "avg_path_length": 1.3604745864868164,
  "avg_episode_duration": 5.772222518920898,
  "avg_time_to_goal": 5.772222518920898,
  "avg_min_obstacle_distance": 2.400709390640259,
  "avg_min_clearance": 2.0507090091705322,
  "avg_control_effort": 0.6963537335395813,
  "avg_path_efficiency": 1.0,
  "avg_steps": 173.1666717529297,
  "best_episode_return": 100.49186706542969,
  "deterministic": 1.0,
  "seed_offset": 100000
}