{
  "stage_index": 3,
  "stage_name": "bridge_crossing_easy",
  "train_episode": 180,
  "stage_episode": 20,
  "eval_index": 1,
  "num_episodes": 12,
  "success_rate": 1.0,
  "collision_rate": 0.0,
  "avg_episode_return": 99.56147003173828,
  "avg_path_length": 1.4834022521972656,
  "avg_episode_duration": 6.058332920074463,
  "avg_time_to_goal": 6.058332920074463,
  "avg_distance_to_goal": 0.9764925837516785,
  "avg_route_line_lateral_error": 0.24335569143295288,
  "avg_min_obstacle_distance": 2.3785135746002197,
  "avg_min_clearance": 2.0285136699676514,
  "avg_control_effort": 0.7113456130027771,
  "avg_path_efficiency": 1.0,
  "avg_steps": 181.75,
  "best_distance_to_goal": 0.9717367887496948,
  "best_route_line_lateral_error": 0.14404591917991638,
  "best_episode_return": 104.49556732177734,
  "deterministic": 1.0,
  "seed_offset": 100000
}