{
  "summary": {
    "train_episode": 1300,
    "stage_index": 8,
    "stage_name": "target_bypass_commit_v2",
    "stage_episode": 320,
    "stage_eval_index": 26,
    "stage_target_hit": 0.0,
    "stage_success_streak": 0,
    "stage_best_success_rate": 0.4166666567325592,
    "stage_best_collision_rate": 0.1666666716337204,
    "stage_best_avg_return": 10.393216133117676,
    "stage_bad_eval_streak": 16,
    "stage_regression_active": 1.0,
    "stage_regression_bad_eval": 1.0,
    "stage_regression_absolute_drop": 0.4166666567325592,
    "stage_regression_relative_drop": 1.0,
    "stage_regression_detected": 1.0,
    "stage_rollback_applied": 0.0,
    "stage_plateau_recovery_applied": 0.0,
    "num_episodes": 12,
    "success_rate": 0.0,
    "collision_rate": 0.0,
    "avg_episode_return": -148.70840454101562,
    "avg_path_length": 4.565021991729736,
    "avg_episode_duration": 24.0,
    "avg_time_to_goal": 0.0,
    "avg_distance_to_goal": 3.1589224338531494,
    "avg_route_line_lateral_error": 2.92441725730896,
    "avg_min_obstacle_distance": 0.8035886883735657,
    "avg_min_clearance": 0.453588604927063,
    "avg_control_effort": 0.8159725666046143,
    "avg_path_efficiency": 0.0,
    "avg_steps": 720.0,
    "best_distance_to_goal": 2.1365880966186523,
    "best_route_line_lateral_error": 1.7260892391204834,
    "best_episode_return": -76.09877014160156,
    "deterministic": 1.0,
    "seed_offset": 100000
  },
  "episodes": [
    {
      "episode_return": -168.91899875120146,
      "success": 0.0,
      "collision": 0.0,
      "distance_to_goal": 2.5073366165161133,
      "route_line_lateral_error": 2.2022438049316406,
      "route_progress_ratio": 0.6865307487506234,
      "min_obstacle_distance": 0.39681950211524963,
      "min_clearance": 0.046819502115249656,
      "path_length": 3.4963879269975777,
      "start_to_goal_distance": 3.8239474296569824,
      "steps": 720.0,
      "control_effort": 0.8043194731904401,
      "episode_duration": 24.0,
      "time_to_goal": null
    },
    {
      "episode_return": -152.12829626886816,
      "success": 0.0,
      "collision": 0.0,
      "distance_to_goal": 2.993326187133789,
      "route_line_lateral_error": 2.932591199874878,
      "route_progress_ratio": 0.8262542381389593,
      "min_obstacle_distance": 0.8768214583396912,
      "min_clearance": 0.5268214583396912,
      "path_length": 4.171619630339592,
      "start_to_goal_distance": 3.4528915882110596,
      "steps": 720.0,
      "control_effort": 0.8373403945730792,
      "episode_duration": 24.0,
      "time_to_goal": null
    },
    {
      "episode_return": -126.17809679298234,
      "success": 0.0,
      "collision": 0.0,
      "distance_to_goal": 2.784015655517578,
      "route_line_lateral_error": 2.4097721576690674,
      "route_progress_ratio": 0.6162091602445212,
      "min_obstacle_distance": 0.6754334568977356,
      "min_clearance": 0.3254334568977356,
      "path_length": 3.3671718029273734,
      "start_to_goal_distance": 3.632657766342163,
      "steps": 720.0,
      "control_effort": 0.8475815960102611,
      "episode_duration": 24.0,
      "time_to_goal": null
    },
    {
      "episode_return": -171.18845533155113,
      "success": 0.0,
      "collision": 0.0,
      "distance_to_goal": 3.3230695724487305,
      "route_line_lateral_error": 3.3230695724487305,
      "route_progress_ratio": 1.0,
      "min_obstacle_distance": 0.8648187518119812,
      "min_clearance": 0.5148187518119812,
      "path_length": 5.672265416913433,
      "start_to_goal_distance": 3.4196953773498535,
      "steps": 720.0,
      "control_effort": 0.7782095717887084,
      "episode_duration": 24.0,
      "time_to_goal": null
    },
    {
      "episode_return": -111.8563297898531,
      "success": 0.0,
      "collision": 0.0,
      "distance_to_goal": 2.7292399406433105,
      "route_line_lateral_error": 1.902960181236267,
      "route_progress_ratio": 0.482463177102596,
      "min_obstacle_distance": 1.0303577184677124,
      "min_clearance": 0.6803577184677124,
      "path_length": 2.6634208816109464,
      "start_to_goal_distance": 3.780210494995117,
      "steps": 720.0,
      "control_effort": 0.8483466462128693,
      "episode_duration": 24.0,
      "time_to_goal": null
    },
    {
      "episode_return": -177.5704490575494,
      "success": 0.0,
      "collision": 0.0,
      "distance_to_goal": 3.7221386432647705,
      "route_line_lateral_error": 3.7221386432647705,
      "route_progress_ratio": 1.0,
      "min_obstacle_distance": 1.0881986618041992,
      "min_clearance": 0.7381986618041992,
      "path_length": 5.522871251014294,
      "start_to_goal_distance": 3.8173413276672363,
      "steps": 720.0,
      "control_effort": 0.8235226709809568,
      "episode_duration": 24.0,
      "time_to_goal": null
    },
    {
      "episode_return": -180.13675095792496,
      "success": 0.0,
      "collision": 0.0,
      "distance_to_goal": 3.465819835662842,
      "route_line_lateral_error": 3.465819835662842,
      "route_progress_ratio": 1.0,
      "min_obstacle_distance": 0.6215969920158386,
      "min_clearance": 0.27159699201583865,
      "path_length": 5.057676596045795,
      "start_to_goal_distance": 3.4340314865112305,
      "steps": 720.0,
      "control_effort": 0.8208178304963641,
      "episode_duration": 24.0,
      "time_to_goal": null
    },
    {
      "episode_return": -171.37040941219712,
      "success": 0.0,
      "collision": 0.0,
      "distance_to_goal": 3.483543634414673,
      "route_line_lateral_error": 3.483543634414673,
      "route_progress_ratio": 1.0,
      "min_obstacle_distance": 0.6286083459854126,
      "min_clearance": 0.2786083459854126,
      "path_length": 5.714935875948868,
      "start_to_goal_distance": 3.6986794471740723,
      "steps": 720.0,
      "control_effort": 0.7823932481308778,
      "episode_duration": 24.0,
      "time_to_goal": null
    },
    {
      "episode_return": -76.09876732546448,
      "success": 0.0,
      "collision": 0.0,
      "distance_to_goal": 2.1365880966186523,
      "route_line_lateral_error": 1.7260892391204834,
      "route_progress_ratio": 0.6782308449163978,
      "min_obstacle_distance": 0.9097435474395752,
      "min_clearance": 0.5597435474395752,
      "path_length": 4.855906345517724,
      "start_to_goal_distance": 3.913414478302002,
      "steps": 720.0,
      "control_effort": 0.7254351670543353,
      "episode_duration": 24.0,
      "time_to_goal": null
    },
    {
      "episode_return": -106.19897552529443,
      "success": 0.0,
      "collision": 0.0,
      "distance_to_goal": 2.7030375003814697,
      "route_line_lateral_error": 1.9001137018203735,
      "route_progress_ratio": 0.5042279929513059,
      "min_obstacle_distance": 0.72025465965271,
      "min_clearance": 0.37025465965271,
      "path_length": 2.783991741705158,
      "start_to_goal_distance": 3.8777763843536377,
      "steps": 720.0,
      "control_effort": 0.8512757609287898,
      "episode_duration": 24.0,
      "time_to_goal": null
    },
    {
      "episode_return": -176.05220294507916,
      "success": 0.0,
      "collision": 0.0,
      "distance_to_goal": 4.027925968170166,
      "route_line_lateral_error": 4.027925968170166,
      "route_progress_ratio": 1.0,
      "min_obstacle_distance": 0.8430925011634827,
      "min_clearance": 0.4930925011634827,
      "path_length": 5.868918565218337,
      "start_to_goal_distance": 3.7541279792785645,
      "steps": 720.0,
      "control_effort": 0.8174910376469294,
      "episode_duration": 24.0,
      "time_to_goal": null
    },
    {
      "episode_return": -166.80297807437466,
      "success": 0.0,
      "collision": 0.0,
      "distance_to_goal": 4.031025409698486,
      "route_line_lateral_error": 3.996737003326416,
      "route_progress_ratio": 0.8788436804897923,
      "min_obstacle_distance": 0.9873182773590088,
      "min_clearance": 0.6373182773590088,
      "path_length": 5.605093821240629,