{
  "episode_return": 137.83901404514432,
  "success": 1.0,
  "collision": 0.0,
  "distance_to_goal": 0.8973228931427002,
  "route_line_lateral_error": 0.6484424471855164,
  "route_progress_ratio": 0.8175365811268276,
  "min_obstacle_distance": 0.8056945204734802,
  "min_clearance": 0.45569452047348025,
  "path_length": 3.064420277645695,
  "start_to_goal_distance": 3.399315357208252,
  "steps": 477.0,
  "control_effort": 0.6198774385002425,
  "episode_duration": 15.9,
  "time_to_goal": 15.9
}