{
  "summary": {
    "train_episode": 460,
    "stage_index": 6,
    "stage_name": "medium_crossing",
    "stage_episode": 80,
    "stage_eval_index": 4,
    "stage_target_hit": 1.0,
    "stage_success_streak": 1,
    "stage_best_success_rate": 1.0,
    "stage_best_collision_rate": 0.0,
    "stage_best_avg_return": 130.2810516357422,
    "stage_bad_eval_streak": 0,
    "stage_regression_active": 1.0,
    "stage_regression_bad_eval": 0.0,
    "stage_regression_absolute_drop": 0.08333331346511841,
    "stage_regression_relative_drop": 0.08333331346511841,
    "stage_regression_detected": 0.0,
    "stage_rollback_applied": 0.0,
    "stage_plateau_recovery_applied": 0.0,
    "num_episodes": 12,
    "success_rate": 0.9166666865348816,
    "collision_rate": 0.0833333358168602,
    "avg_episode_return": 119.72484588623047,
    "avg_path_length": 2.4878764152526855,
    "avg_episode_duration": 10.26111125946045,
    "avg_time_to_goal": 10.36060619354248,
    "avg_distance_to_goal": 0.9127447009086609,
    "avg_route_line_lateral_error": 0.2203155755996704,
    "avg_min_obstacle_distance": 1.2825106382369995,
    "avg_min_clearance": 0.9325107932090759,
    "avg_control_effort": 0.6940169930458069,
    "avg_path_efficiency": 0.9166666865348816,
    "avg_steps": 307.8333435058594,
    "best_distance_to_goal": 0.8335267901420593,
    "best_route_line_lateral_error": 0.08869177848100662,
    "best_episode_return": 132.61949157714844,
    "deterministic": 1.0,
    "seed_offset": 100000
  },
  "episodes": [
    {
      "episode_return": 131.35207942382368,
      "success": 1.0,
      "collision": 0.0,
      "distance_to_goal": 0.8341764211654663,
      "route_line_lateral_error": 0.1792077124118805,
      "route_progress_ratio": 0.7598154603415527,
      "min_obstacle_distance": 1.0258569717407227,
      "min_clearance": 0.6758569717407227,
      "path_length": 2.6174484431103338,
      "start_to_goal_distance": 3.3919737339019775,
      "steps": 328.0,
      "control_effort": 0.6869350773532216,
      "episode_duration": 10.933333333333334,
      "time_to_goal": 10.933333333333334
    },
    {
      "episode_return": 127.435004105084,
      "success": 1.0,
      "collision": 0.0,
      "distance_to_goal": 0.8398603200912476,
      "route_line_lateral_error": 0.20741768181324005,
      "route_progress_ratio": 0.7300282783130133,
      "min_obstacle_distance": 1.4840192794799805,
      "min_clearance": 1.1340192794799804,
      "path_length": 2.2332825453340774,
      "start_to_goal_distance": 3.0145561695098877,
      "steps": 288.0,
      "control_effort": 0.69658138230443,
      "episode_duration": 9.6,
      "time_to_goal": 9.6
    },
    {
      "episode_return": 129.12553021118435,
      "success": 1.0,
      "collision": 0.0,
      "distance_to_goal": 0.8354162573814392,
      "route_line_lateral_error": 0.2547362148761749,
      "route_progress_ratio": 0.7493578515533199,
      "min_obstacle_distance": 1.8275301456451416,
      "min_clearance": 1.4775301456451415,
      "path_length": 2.4323474261327647,
      "start_to_goal_distance": 3.1743738651275635,
      "steps": 306.0,
      "control_effort": 0.6884567310997084,
      "episode_duration": 10.2,
      "time_to_goal": 10.2
    },
    {
      "episode_return": 127.57889371603495,
      "success": 1.0,
      "collision": 0.0,
      "distance_to_goal": 0.8335267901420593,
      "route_line_lateral_error": 0.19725804030895233,
      "route_progress_ratio": 0.7293823666841541,
      "min_obstacle_distance": 1.349898338317871,
      "min_clearance": 0.9998983383178711,
      "path_length": 2.22749809200468,
      "start_to_goal_distance": 2.992597818374634,
      "steps": 272.0,
      "control_effort": 0.7039784789085388,
      "episode_duration": 9.066666666666666,
      "time_to_goal": 9.066666666666666
    },
    {
      "episode_return": 130.5332397844976,
      "success": 1.0,
      "collision": 0.0,
      "distance_to_goal": 0.8373480439186096,
      "route_line_lateral_error": 0.2413046509027481,
      "route_progress_ratio": 0.7571273934398017,
      "min_obstacle_distance": 1.613808512687683,
      "min_clearance": 1.263808512687683,
      "path_length": 2.547528648399748,
      "start_to_goal_distance": 3.3014233112335205,
      "steps": 313.0,
      "control_effort": 0.6688575293309391,
      "episode_duration": 10.433333333333334,
      "time_to_goal": 10.433333333333334
    },
    {
      "episode_return": 131.08090003488522,
      "success": 1.0,
      "collision": 0.0,
      "distance_to_goal": 0.8362745642662048,
      "route_line_lateral_error": 0.3924551010131836,
      "route_progress_ratio": 0.7813198741078178,
      "min_obstacle_distance": 1.1653547286987305,
      "min_clearance": 0.8153547286987305,
      "path_length": 2.7179932415747317,
      "start_to_goal_distance": 3.3769288063049316,
      "steps": 330.0,
      "control_effort": 0.6985678625829292,
      "episode_duration": 11.0,
      "time_to_goal": 11.0
    },
    {
      "episode_return": 127.70803111316867,
      "success": 1.0,
      "collision": 0.0,
      "distance_to_goal": 0.8341476917266846,
      "route_line_lateral_error": 0.11129993945360184,
      "route_progress_ratio": 0.7243579037156663,
      "min_obstacle_distance": 1.5251544713974,
      "min_clearance": 1.1751544713973998,
      "path_length": 2.2162111442303285,
      "start_to_goal_distance": 2.9991400241851807,
      "steps": 269.0,
      "control_effort": 0.7028704192558629,
      "episode_duration": 8.966666666666667,
      "time_to_goal": 8.966666666666667
    },
    {
      "episode_return": 130.11728687757352,
      "success": 1.0,
      "collision": 0.0,
      "distance_to_goal": 0.83598393201828,
      "route_line_lateral_error": 0.08869177848100662,
      "route_progress_ratio": 0.7460480117984234,
      "min_obstacle_distance": 1.4239410161972046,
      "min_clearance": 1.0739410161972045,
      "path_length": 2.4733043650194304,
      "start_to_goal_distance": 3.273318290710449,
      "steps": 316.0,
      "control_effort": 0.6993846148252487,
      "episode_duration": 10.533333333333333,
      "time_to_goal": 10.533333333333333
    },
    {
      "episode_return": 132.61948699616744,
      "success": 1.0,
      "collision": 0.0,
      "distance_to_goal": 0.8361250162124634,
      "route_line_lateral_error": 0.17491008341312408,
      "route_progress_ratio": 0.7673594928997691,
      "min_obstacle_distance": 0.8797926902770996,
      "min_clearance": 0.5297926902770996,
      "path_length": 2.7432615085999714,
      "start_to_goal_distance": 3.51454496383667,
      "steps": 336.0,
      "control_effort": 0.6917080854376157,
      "episode_duration": 11.2,
      "time_to_goal": 11.2
    },
    {
      "episode_return": 132.05040373094596,
      "success": 1.0,
      "collision": 0.0,
      "distance_to_goal": 0.8343867063522339,
      "route_line_lateral_error": 0.2253337949514389,
      "route_progress_ratio": 0.7686924157284089,
      "min_obstacle_distance": 1.099096417427063,
      "min_clearance": 0.749096417427063,
      "path_length": 2.717670774567523,
      "start_to_goal_distance": 3.47322940826416,
      "steps": 342.0,
      "control_effort": 0.6878092860617833,
      "episode_duration": 11.4,
      "time_to_goal": 11.4
    },
    {
      "episode_return": 130.70129717785096,
      "success": 1.0,
      "collision": 0.0,
      "distance_to_goal": 0.8379236459732056,
      "route_line_lateral_error": 0.3911423981189728,
      "route_progress_ratio": 0.7774841301410053,
      "min_obstacle_distance": 1.6463595628738403,
      "min_clearance": 1.2963595628738402,
      "path_length": 2.6681770892973873,
      "start_to_goal_distance": 3.330227851867676,
      "steps": 319.0,
      "control_effort": 0.7028351596156631,
      "episode_duration": 10.633333333333333,
      "time_to_goal": 10.633333333333333
    },
    {
      "episode_return": 6.395980846074998,
      "success": 0.0,
      "collision": 1.0,