{
  "episode_return": -100.25740769683247,
  "success": 0.0,
  "collision": 0.0,
  "distance_to_goal": 2.5031325817108154,
  "route_line_lateral_error": 2.0193755626678467,
  "route_progress_ratio": 0.6060018338679257,
  "min_obstacle_distance": 0.713232159614563,
  "min_clearance": 0.363232159614563,
  "path_length": 3.8481749333841435,
  "start_to_goal_distance": 3.7541279792785645,
  "steps": 720.0,
  "control_effort": 0.49752847937246164,
  "episode_duration": 24.0,
  "time_to_goal": null
}