{
  "summary": {
    "train_episode": 880,
    "stage_index": 8,
    "stage_name": "target_bypass_commit_v2",
    "stage_episode": 20,
    "stage_eval_index": 5,
    "stage_target_hit": 0.0,
    "stage_success_streak": 0,
    "stage_best_success_rate": 0.4166666567325592,
    "stage_best_collision_rate": 0.1666666716337204,
    "stage_best_avg_return": 10.393216133117676,
    "stage_bad_eval_streak": 0,
    "stage_regression_active": 1.0,
    "stage_regression_bad_eval": 1.0,
    "stage_regression_absolute_drop": 0.333333320915699,
    "stage_regression_relative_drop": 0.7999999892711637,
    "stage_regression_detected": 1.0,
    "stage_rollback_applied": 1.0,
    "stage_plateau_recovery_applied": 0.0,
    "num_episodes": 12,
    "success_rate": 0.0833333358168602,
    "collision_rate": 0.3333333432674408,
    "avg_episode_return": -44.94822311401367,
    "avg_path_length": 3.0774013996124268,
    "avg_episode_duration": 18.475000381469727,
    "avg_time_to_goal": 22.200000762939453,
    "avg_distance_to_goal": 1.5010261535644531,
    "avg_route_line_lateral_error": 0.7876401543617249,
    "avg_min_obstacle_distance": 0.4648984670639038,
    "avg_min_clearance": 0.11489848047494888,
    "avg_control_effort": 0.6070824265480042,
    "avg_path_efficiency": 0.0833333358168602,
    "avg_steps": 554.25,
    "best_distance_to_goal": 0.7394273281097412,
    "best_route_line_lateral_error": 0.2541007101535797,
    "best_episode_return": 123.9078369140625,
    "deterministic": 1.0,
    "seed_offset": 100000
  },
  "episodes": [
    {
      "episode_return": 123.90784049346976,
      "success": 1.0,
      "collision": 0.0,
      "distance_to_goal": 0.7394273281097412,
      "route_line_lateral_error": 0.5093496441841125,
      "route_progress_ratio": 0.8598259670082509,
      "min_obstacle_distance": 0.5372496247291565,
      "min_clearance": 0.18724962472915652,
      "path_length": 3.4744917832031206,
      "start_to_goal_distance": 3.8239474296569824,
      "steps": 666.0,
      "control_effort": 0.5950127931328507,
      "episode_duration": 22.2,
      "time_to_goal": 22.2
    },
    {
      "episode_return": -162.6377336332223,
      "success": 0.0,
      "collision": 0.0,
      "distance_to_goal": 1.028678297996521,
      "route_line_lateral_error": 1.028678297996521,
      "route_progress_ratio": 1.0,
      "min_obstacle_distance": 0.38032767176628113,
      "min_clearance": 0.03032767176628115,
      "path_length": 3.966891963384114,
      "start_to_goal_distance": 3.4528915882110596,
      "steps": 720.0,
      "control_effort": 0.6006853174832132,
      "episode_duration": 24.0,
      "time_to_goal": null
    },
    {
      "episode_return": -40.65894604079182,
      "success": 0.0,
      "collision": 1.0,
      "distance_to_goal": 2.5280568599700928,
      "route_line_lateral_error": 0.37193673849105835,
      "route_progress_ratio": 0.31164815002109086,
      "min_obstacle_distance": 0.34477004408836365,
      "min_clearance": -0.00522995591163633,
      "path_length": 1.2451476115820697,
      "start_to_goal_distance": 3.632657766342163,
      "steps": 201.0,
      "control_effort": 0.6172668797459768,
      "episode_duration": 6.7,
      "time_to_goal": null
    },
    {
      "episode_return": -35.5008657604479,
      "success": 0.0,
      "collision": 0.0,
      "distance_to_goal": 1.093293309211731,
      "route_line_lateral_error": 1.0901591777801514,
      "route_progress_ratio": 0.9758096530756436,
      "min_obstacle_distance": 0.8316258192062378,
      "min_clearance": 0.4816258192062378,
      "path_length": 3.7217735137674026,
      "start_to_goal_distance": 3.4196953773498535,
      "steps": 720.0,
      "control_effort": 0.5985494463808007,
      "episode_duration": 24.0,
      "time_to_goal": null
    },
    {
      "episode_return": -38.31886670076128,
      "success": 0.0,
      "collision": 1.0,
      "distance_to_goal": 2.7904908657073975,
      "route_line_lateral_error": 0.34324800968170166,
      "route_progress_ratio": 0.26742181441320256,
      "min_obstacle_distance": 0.34694331884384155,
      "min_clearance": -0.003056681156158425,
      "path_length": 1.1152650423609884,
      "start_to_goal_distance": 3.780210494995117,
      "steps": 186.0,
      "control_effort": 0.6213815176999697,
      "episode_duration": 6.2,
      "time_to_goal": null
    },
    {
      "episode_return": -128.61569581837264,
      "success": 0.0,
      "collision": 0.0,
      "distance_to_goal": 1.2078033685684204,
      "route_line_lateral_error": 1.1589713096618652,
      "route_progress_ratio": 0.9109424155382301,
      "min_obstacle_distance": 0.4077366590499878,
      "min_clearance": 0.057736659049987815,
      "path_length": 3.943643174279714,
      "start_to_goal_distance": 3.8173413276672363,
      "steps": 720.0,
      "control_effort": 0.6071260015169779,
      "episode_duration": 24.0,
      "time_to_goal": null
    },
    {
      "episode_return": -55.88738347877502,
      "success": 0.0,
      "collision": 1.0,
      "distance_to_goal": 1.78313148021698,
      "route_line_lateral_error": 0.8533011078834534,
      "route_progress_ratio": 0.5440618002506635,
      "min_obstacle_distance": 0.34564393758773804,
      "min_clearance": -0.004356062412261941,
      "path_length": 2.2702496716519818,
      "start_to_goal_distance": 3.4340314865112305,
      "steps": 359.0,
      "control_effort": 0.6131470102121571,
      "episode_duration": 11.966666666666667,
      "time_to_goal": null
    },
    {
      "episode_return": -12.178820407987729,
      "success": 0.0,
      "collision": 0.0,
      "distance_to_goal": 0.755744457244873,
      "route_line_lateral_error": 0.7502295970916748,
      "route_progress_ratio": 0.9753605047924419,
      "min_obstacle_distance": 0.5858911275863647,
      "min_clearance": 0.23589112758636477,
      "path_length": 3.921753217931837,
      "start_to_goal_distance": 3.6986794471740723,
      "steps": 720.0,
      "control_effort": 0.5892593564258681,
      "episode_duration": 24.0,
      "time_to_goal": null
    },
    {
      "episode_return": -43.237980155961544,
      "success": 0.0,
      "collision": 1.0,
      "distance_to_goal": 2.835529088973999,
      "route_line_lateral_error": 0.2541007101535797,
      "route_progress_ratio": 0.2783487012650747,
      "min_obstacle_distance": 0.3478293716907501,
      "min_clearance": -0.0021706283092498557,
      "path_length": 1.1467148165247636,
      "start_to_goal_distance": 3.913414478302002,
      "steps": 199.0,
      "control_effort": 0.6204857670482079,
      "episode_duration": 6.633333333333334,
      "time_to_goal": null
    },
    {
      "episode_return": -70.07436440503204,
      "success": 0.0,
      "collision": 0.0,
      "distance_to_goal": 0.7471127510070801,
      "route_line_lateral_error": 0.7072730660438538,
      "route_progress_ratio": 0.9379252686191024,
      "min_obstacle_distance": 0.4225400984287262,
      "min_clearance": 0.07254009842872622,
      "path_length": 3.882213336080895,
      "start_to_goal_distance": 3.8777763843536377,
      "steps": 720.0,
      "control_effort": 0.6016124709612793,
      "episode_duration": 24.0,
      "time_to_goal": null
    },
    {
      "episode_return": -55.16672111634617,
      "success": 0.0,
      "collision": 0.0,
      "distance_to_goal": 1.149380087852478,
      "route_line_lateral_error": 1.1275975704193115,
      "route_progress_ratio": 0.9406768240273025,
      "min_obstacle_distance": 0.4765690863132477,
      "min_clearance": 0.1265690863132477,
      "path_length": 3.9792527016688837,
      "start_to_goal_distance": 3.7541279792785645,
      "steps": 720.0,
      "control_effort": 0.6049398185478316,
      "episode_duration": 24.0,
      "time_to_goal": null
    },
    {
      "episode_return": -21.009102574611358,
      "success": 0.0,
      "collision": 0.0,
      "distance_to_goal": 1.3536661863327026,
      "route_line_lateral_error": 1.256837010383606,