{
  "episode_return": 108.97691850543023,
  "success": 1.0,
  "collision": 0.0,
  "distance_to_goal": 0.9930647611618042,
  "route_line_lateral_error": 0.37908872961997986,
  "route_progress_ratio": 0.6538794192012845,
  "min_obstacle_distance": 2.245959758758545,
  "min_clearance": 1.8959597587585448,
  "path_length": 1.7918177880928852,
  "start_to_goal_distance": 2.6518542766571045,
  "steps": 216.0,
  "control_effort": 0.7116256301049833,
  "episode_duration": 7.2,
  "time_to_goal": 7.2
}