{
  "summary": {
    "train_episode": 720,
    "stage_index": 7,
    "stage_name": "target_bypass_intro_v2",
    "stage_episode": 80,
    "stage_eval_index": 13,
    "stage_target_hit": 0.0,
    "stage_success_streak": 0,
    "stage_best_success_rate": 0.9166666865348816,
    "stage_best_collision_rate": 0.0833333358168602,
    "stage_best_avg_return": 102.0121078491211,
    "stage_bad_eval_streak": 1,
    "stage_regression_active": 1.0,
    "stage_regression_bad_eval": 0.0,
    "stage_regression_absolute_drop": 0.08333337306976318,
    "stage_regression_relative_drop": 0.0909091322875211,
    "stage_regression_detected": 0.0,
    "stage_rollback_applied": 0.0,
    "stage_plateau_recovery_applied": 0.0,
    "num_episodes": 12,
    "success_rate": 0.8333333134651184,
    "collision_rate": 0.1666666716337204,
    "avg_episode_return": 93.88418579101562,
    "avg_path_length": 3.29170298576355,
    "avg_episode_duration": 16.466665267944336,
    "avg_time_to_goal": 17.30999755859375,
    "avg_distance_to_goal": 0.9999793171882629,
    "avg_route_line_lateral_error": 0.7914643287658691,
    "avg_min_obstacle_distance": 0.6267716288566589,
    "avg_min_clearance": 0.2767716348171234,
    "avg_control_effort": 0.6472854614257812,
    "avg_path_efficiency": 0.8007168769836426,
    "avg_steps": 494.0,
    "best_distance_to_goal": 0.897179365158081,
    "best_route_line_lateral_error": 0.5382588505744934,
    "best_episode_return": 139.74826049804688,
    "deterministic": 1.0,
    "seed_offset": 100000
  },
  "episodes": [
    {
      "episode_return": 136.1828654650002,
      "success": 1.0,
      "collision": 0.0,
      "distance_to_goal": 0.897179365158081,
      "route_line_lateral_error": 0.749334990978241,
      "route_progress_ratio": 0.8587575996853276,
      "min_obstacle_distance": 0.7047768235206604,
      "min_clearance": 0.3547768235206604,
      "path_length": 3.2783453194861067,
      "start_to_goal_distance": 3.4931728839874268,
      "steps": 480.0,
      "control_effort": 0.6440579255421957,
      "episode_duration": 16.0,
      "time_to_goal": 16.0
    },
    {
      "episode_return": -48.159350054564854,
      "success": 0.0,
      "collision": 1.0,
      "distance_to_goal": 1.4770277738571167,
      "route_line_lateral_error": 0.8477835059165955,
      "route_progress_ratio": 0.6235010034438672,
      "min_obstacle_distance": 0.3461628556251526,
      "min_clearance": -0.00383714437484739,
      "path_length": 2.226517827803036,
      "start_to_goal_distance": 3.212475061416626,
      "steps": 326.0,
      "control_effort": 0.6790996667431908,
      "episode_duration": 10.866666666666667,
      "time_to_goal": null
    },
    {
      "episode_return": 72.51605344467566,
      "success": 1.0,
      "collision": 0.0,
      "distance_to_goal": 0.8994146585464478,
      "route_line_lateral_error": 0.899414598941803,
      "route_progress_ratio": 1.0,
      "min_obstacle_distance": 0.45102205872535706,
      "min_clearance": 0.10102205872535708,
      "path_length": 3.953769184052362,
      "start_to_goal_distance": 3.332151174545288,
      "steps": 578.0,
      "control_effort": 0.6341988661916198,
      "episode_duration": 19.266666666666666,
      "time_to_goal": 19.266666666666666
    },
    {
      "episode_return": 130.98267406340213,
      "success": 1.0,
      "collision": 0.0,
      "distance_to_goal": 0.8995844125747681,
      "route_line_lateral_error": 0.8344340920448303,
      "route_progress_ratio": 0.8942311854817164,
      "min_obstacle_distance": 0.8344240188598633,
      "min_clearance": 0.4844240188598633,
      "path_length": 3.127530224264774,
      "start_to_goal_distance": 3.1778056621551514,
      "steps": 481.0,
      "control_effort": 0.6559817005343843,
      "episode_duration": 16.033333333333335,
      "time_to_goal": 16.033333333333335
    },
    {
      "episode_return": 126.08294982845264,
      "success": 1.0,
      "collision": 0.0,
      "distance_to_goal": 0.8986879587173462,
      "route_line_lateral_error": 0.8314042687416077,
      "route_progress_ratio": 0.9006655463164843,
      "min_obstacle_distance": 0.5367592573165894,
      "min_clearance": 0.18675925731658938,
      "path_length": 3.3764584675082006,
      "start_to_goal_distance": 3.4347081184387207,
      "steps": 502.0,
      "control_effort": 0.6441105414196789,
      "episode_duration": 16.733333333333334,
      "time_to_goal": 16.733333333333334
    },
    {
      "episode_return": 106.03422566063188,
      "success": 1.0,
      "collision": 0.0,
      "distance_to_goal": 0.8982657790184021,
      "route_line_lateral_error": 0.8982657194137573,
      "route_progress_ratio": 1.0,
      "min_obstacle_distance": 0.5827856063842773,
      "min_clearance": 0.23278560638427737,
      "path_length": 4.004689239474828,
      "start_to_goal_distance": 3.490565299987793,
      "steps": 611.0,
      "control_effort": 0.6476716326028352,
      "episode_duration": 20.366666666666667,
      "time_to_goal": 20.366666666666667
    },
    {
      "episode_return": 126.45541749248815,
      "success": 1.0,
      "collision": 0.0,
      "distance_to_goal": 0.897672176361084,
      "route_line_lateral_error": 0.8796147704124451,
      "route_progress_ratio": 0.9438221585290669,
      "min_obstacle_distance": 0.8442336320877075,
      "min_clearance": 0.49423363208770754,
      "path_length": 3.3282649503162247,
      "start_to_goal_distance": 3.1889052391052246,
      "steps": 504.0,
      "control_effort": 0.6437852523393102,
      "episode_duration": 16.8,
      "time_to_goal": 16.8
    },
    {
      "episode_return": 139.74826181739488,
      "success": 1.0,
      "collision": 0.0,
      "distance_to_goal": 0.8980743885040283,
      "route_line_lateral_error": 0.5382588505744934,
      "route_progress_ratio": 0.7885166690256157,
      "min_obstacle_distance": 0.7980443835258484,
      "min_clearance": 0.4480443835258484,
      "path_length": 2.94172245937807,
      "start_to_goal_distance": 3.399315357208252,
      "steps": 446.0,
      "control_effort": 0.6342420370856743,
      "episode_duration": 14.866666666666667,
      "time_to_goal": 14.866666666666667
    },
    {
      "episode_return": 109.07990621269165,
      "success": 1.0,
      "collision": 0.0,
      "distance_to_goal": 0.897655725479126,
      "route_line_lateral_error": 0.7109071016311646,
      "route_progress_ratio": 0.8476814434507501,
      "min_obstacle_distance": 0.4967604875564575,
      "min_clearance": 0.14676048755645754,
      "path_length": 3.2664553600698127,
      "start_to_goal_distance": 3.5982794761657715,
      "steps": 498.0,
      "control_effort": 0.6345108927014362,
      "episode_duration": 16.6,
      "time_to_goal": 16.6
    },
    {
      "episode_return": 125.80279685650703,
      "success": 1.0,
      "collision": 0.0,
      "distance_to_goal": 0.898266077041626,
      "route_line_lateral_error": 0.8874037265777588,
      "route_progress_ratio": 0.961162849359499,
      "min_obstacle_distance": 0.8097376823425293,
      "min_clearance": 0.4597376823425293,
      "path_length": 3.8309138604963664,
      "start_to_goal_distance": 3.5860257148742676,
      "steps": 601.0,
      "control_effort": 0.6349660324772661,
      "episode_duration": 20.033333333333335,
      "time_to_goal": 20.033333333333335
    },
    {
      "episode_return": 135.22396385257318,
      "success": 1.0,
      "collision": 0.0,
      "distance_to_goal": 0.8983516097068787,
      "route_line_lateral_error": 0.6911093592643738,
      "route_progress_ratio": 0.8345488099385616,
      "min_obstacle_distance": 0.7673143148422241,
      "min_clearance": 0.41731431484222414,
      "path_length": 3.265967467901646,
      "start_to_goal_distance": 3.468921422958374,
      "steps": 492.0,
      "control_effort": 0.6470064037456745,
      "episode_duration": 16.4,
      "time_to_goal": 16.4
    },
    {
      "episode_return": -33.339612421368905,
      "success": 0.0,
      "collision": 1.0,