{
  "summary": {
    "train_episode": 220,
    "stage_index": 3,
    "stage_name": "bridge_crossing_easy",
    "stage_episode": 60,
    "stage_eval_index": 3,
    "stage_target_hit": 1.0,
    "stage_success_streak": 1,
    "stage_best_success_rate": 1.0,
    "stage_best_collision_rate": 0.0,
    "stage_best_avg_return": 99.56147003173828,
    "stage_bad_eval_streak": 0,
    "stage_regression_active": 1.0,
    "stage_regression_bad_eval": 0.0,
    "stage_regression_absolute_drop": 0.0,
    "stage_regression_relative_drop": 0.0,
    "stage_regression_detected": 0.0,
    "stage_rollback_applied": 0.0,
    "stage_plateau_recovery_applied": 0.0,
    "num_episodes": 12,
    "success_rate": 1.0,
    "collision_rate": 0.0,
    "avg_episode_return": 99.60932159423828,
    "avg_path_length": 1.4627760648727417,
    "avg_episode_duration": 5.93055534362793,
    "avg_time_to_goal": 5.93055534362793,
    "avg_distance_to_goal": 0.9773316383361816,
    "avg_route_line_lateral_error": 0.2009764313697815,
    "avg_min_obstacle_distance": 2.3691461086273193,
    "avg_min_clearance": 2.019146203994751,
    "avg_control_effort": 0.7094311714172363,
    "avg_path_efficiency": 1.0,
    "avg_steps": 177.9166717529297,
    "best_distance_to_goal": 0.9725080728530884,
    "best_route_line_lateral_error": 0.12291231006383896,
    "best_episode_return": 104.53244018554688,
    "deterministic": 1.0,
    "seed_offset": 100000
  },
  "episodes": [
    {
      "episode_return": 100.69928344368935,
      "success": 1.0,
      "collision": 0.0,
      "distance_to_goal": 0.9740678668022156,
      "route_line_lateral_error": 0.200870081782341,
      "route_progress_ratio": 0.616644478516459,
      "min_obstacle_distance": 2.407524347305298,
      "min_clearance": 2.0575243473052978,
      "path_length": 1.5652595899009611,
      "start_to_goal_distance": 2.486285924911499,
      "steps": 185.0,
      "control_effort": 0.7094315941269334,
      "episode_duration": 6.166666666666667,
      "time_to_goal": 6.166666666666667
    },
    {
      "episode_return": 96.8313212774396,
      "success": 1.0,
      "collision": 0.0,
      "distance_to_goal": 0.9774309396743774,
      "route_line_lateral_error": 0.12291231006383896,
      "route_progress_ratio": 0.5368952843161893,
      "min_obstacle_distance": 2.240621566772461,
      "min_clearance": 1.8906215667724608,
      "path_length": 1.145647786266636,
      "start_to_goal_distance": 2.09385085105896,
      "steps": 138.0,
      "control_effort": 0.7094314543233402,
      "episode_duration": 4.6,
      "time_to_goal": 4.6
    },
    {
      "episode_return": 98.66643485981227,
      "success": 1.0,
      "collision": 0.0,
      "distance_to_goal": 0.9791377782821655,
      "route_line_lateral_error": 0.19740882515907288,
      "route_progress_ratio": 0.5826927914987958,
      "min_obstacle_distance": 2.06978440284729,
      "min_clearance": 1.71978440284729,
      "path_length": 1.3801061036647297,
      "start_to_goal_distance": 2.2981417179107666,
      "steps": 172.0,
      "control_effort": 0.7094307510658752,
      "episode_duration": 5.733333333333333,
      "time_to_goal": 5.733333333333333
    },
    {
      "episode_return": 96.59659942817689,
      "success": 1.0,
      "collision": 0.0,
      "distance_to_goal": 0.9784616827964783,
      "route_line_lateral_error": 0.1509099155664444,
      "route_progress_ratio": 0.5339755535077616,
      "min_obstacle_distance": 2.4504435062408447,
      "min_clearance": 2.1004435062408446,
      "path_length": 1.1339111681154463,
      "start_to_goal_distance": 2.0744709968566895,
      "steps": 138.0,
      "control_effort": 0.7094314253848532,
      "episode_duration": 4.6,
      "time_to_goal": 4.6
    },
    {
      "episode_return": 100.40118120920658,
      "success": 1.0,
      "collision": 0.0,
      "distance_to_goal": 0.9759959578514099,
      "route_line_lateral_error": 0.21718992292881012,
      "route_progress_ratio": 0.6131644500963944,
      "min_obstacle_distance": 2.2535505294799805,
      "min_clearance": 1.9035505294799804,
      "path_length": 1.5385564081661869,
      "start_to_goal_distance": 2.4597620964050293,
      "steps": 183.0,
      "control_effort": 0.7094310209399364,
      "episode_duration": 6.1,
      "time_to_goal": 6.1
    },
    {
      "episode_return": 100.55466419607404,
      "success": 1.0,
      "collision": 0.0,
      "distance_to_goal": 0.976702094078064,
      "route_line_lateral_error": 0.2978990375995636,
      "route_progress_ratio": 0.6243807130419344,
      "min_obstacle_distance": 3.1258606910705566,
      "min_clearance": 2.7758606910705566,
      "path_length": 1.5877581005042884,
      "start_to_goal_distance": 2.476344585418701,
      "steps": 185.0,
      "control_effort": 0.7094318425333178,
      "episode_duration": 6.166666666666667,
      "time_to_goal": 6.166666666666667
    },
    {
      "episode_return": 96.70011373275516,
      "success": 1.0,
      "collision": 0.0,
      "distance_to_goal": 0.9776026606559753,
      "route_line_lateral_error": 0.12590152025222778,
      "route_progress_ratio": 0.53534441088649,
      "min_obstacle_distance": 2.6718194484710693,
      "min_clearance": 2.3218194484710692,
      "path_length": 1.1376155726320576,
      "start_to_goal_distance": 2.0864081382751465,
      "steps": 141.0,
      "control_effort": 0.7094315742769985,
      "episode_duration": 4.7,
      "time_to_goal": 4.7
    },
    {
      "episode_return": 99.37956001621488,
      "success": 1.0,
      "collision": 0.0,
      "distance_to_goal": 0.9798499345779419,
      "route_line_lateral_error": 0.18257789313793182,
      "route_progress_ratio": 0.5913543134767647,
      "min_obstacle_distance": 2.427133321762085,
      "min_clearance": 2.077133321762085,
      "path_length": 1.4268788741028402,
      "start_to_goal_distance": 2.355804920196533,
      "steps": 168.0,
      "control_effort": 0.7094313314273244,
      "episode_duration": 5.6,
      "time_to_goal": 5.6
    },
    {
      "episode_return": 100.99660402268174,
      "success": 1.0,
      "collision": 0.0,
      "distance_to_goal": 0.9795311093330383,
      "route_line_lateral_error": 0.2074589878320694,
      "route_progress_ratio": 0.623536547885344,
      "min_obstacle_distance": 2.353289842605591,
      "min_clearance": 2.0032898426055907,
      "path_length": 1.610354932694463,
      "start_to_goal_distance": 2.5429024696350098,
      "steps": 205.0,
      "control_effort": 0.7094308495521545,
      "episode_duration": 6.833333333333333,
      "time_to_goal": 6.833333333333333
    },
    {
      "episode_return": 100.49276342630384,
      "success": 1.0,
      "collision": 0.0,
      "distance_to_goal": 0.9774895906448364,
      "route_line_lateral_error": 0.22107180953025818,
      "route_progress_ratio": 0.6167434317067846,
      "min_obstacle_distance": 2.404902219772339,
      "min_clearance": 2.054902219772339,
      "path_length": 1.5681556198687758,
      "start_to_goal_distance": 2.4843990802764893,
      "steps": 195.0,
      "control_effort": 0.7094314917539939,
      "episode_duration": 6.5,
      "time_to_goal": 6.5
    },
    {
      "episode_return": 99.46098224657774,
      "success": 1.0,
      "collision": 0.0,
      "distance_to_goal": 0.9725080728530884,
      "route_line_lateral_error": 0.2578391432762146,
      "route_progress_ratio": 0.6059362535909406,
      "min_obstacle_distance": 2.1313676834106445,
      "min_clearance": 1.7813676834106444,
      "path_length": 1.4806160162261222,
      "start_to_goal_distance": 2.37957763671875,
      "steps": 187.0,
      "control_effort": 0.7094307356977207,
      "episode_duration": 6.233333333333333,
      "time_to_goal": 6.233333333333333
    },
    {
      "episode_return": 104.53243757587673,
      "success": 1.0,
      "collision": 0.0,
      "distance_to_goal": 0.9792024493217468,
      "route_line_lateral_error": 0.22967760264873505,
      "route_progress_ratio": 0.6708307874401301,