{
  "episode_return": 140.39534056835538,
  "success": 1.0,
  "collision": 0.0,
  "distance_to_goal": 0.7390103936195374,
  "route_line_lateral_error": 0.3770454525947571,
  "route_progress_ratio": 0.8281579533958608,
  "min_obstacle_distance": 0.9129067063331604,
  "min_clearance": 0.5629067063331604,
  "path_length": 3.636721097951522,
  "start_to_goal_distance": 3.6986794471740723,
  "steps": 606.0,
  "control_effort": 0.6270347769701048,
  "episode_duration": 20.2,
  "time_to_goal": 20.2
}