{
  "summary": {
    "train_episode": 1340,
    "stage_index": 8,
    "stage_name": "target_bypass_commit_v2",
    "stage_episode": 360,
    "stage_eval_index": 28,
    "stage_target_hit": 0.0,
    "stage_success_streak": 0,
    "stage_best_success_rate": 0.4166666567325592,
    "stage_best_collision_rate": 0.1666666716337204,
    "stage_best_avg_return": 10.393216133117676,
    "stage_bad_eval_streak": 18,
    "stage_regression_active": 1.0,
    "stage_regression_bad_eval": 1.0,
    "stage_regression_absolute_drop": 0.4166666567325592,
    "stage_regression_relative_drop": 1.0,
    "stage_regression_detected": 1.0,
    "stage_rollback_applied": 0.0,
    "stage_plateau_recovery_applied": 0.0,
    "num_episodes": 12,
    "success_rate": 0.0,
    "collision_rate": 0.0,
    "avg_episode_return": -125.54925537109375,
    "avg_path_length": 3.088440179824829,
    "avg_episode_duration": 24.0,
    "avg_time_to_goal": 0.0,
    "avg_distance_to_goal": 2.867920160293579,
    "avg_route_line_lateral_error": 2.138378858566284,
    "avg_min_obstacle_distance": 0.88372403383255,
    "avg_min_clearance": 0.5337241291999817,
    "avg_control_effort": 0.8514353632926941,
    "avg_path_efficiency": 0.0,
    "avg_steps": 720.0,
    "best_distance_to_goal": 2.3478574752807617,
    "best_route_line_lateral_error": 1.1959649324417114,
    "best_episode_return": -97.10968780517578,
    "deterministic": 1.0,
    "seed_offset": 100000
  },
  "episodes": [
    {
      "episode_return": -114.40453394407356,
      "success": 0.0,
      "collision": 0.0,
      "distance_to_goal": 2.8506903648376465,
      "route_line_lateral_error": 1.1959649324417114,
      "route_progress_ratio": 0.323295361659895,
      "min_obstacle_distance": 0.729327917098999,
      "min_clearance": 0.37932791709899905,
      "path_length": 1.7573309223189284,
      "start_to_goal_distance": 3.8239474296569824,
      "steps": 720.0,
      "control_effort": 0.8400752035280069,
      "episode_duration": 24.0,
      "time_to_goal": null
    },
    {
      "episode_return": -112.45665709184675,
      "success": 0.0,
      "collision": 0.0,
      "distance_to_goal": 2.4072177410125732,
      "route_line_lateral_error": 1.909485101699829,
      "route_progress_ratio": 0.5754867416671886,
      "min_obstacle_distance": 0.850557267665863,
      "min_clearance": 0.5005572676658631,
      "path_length": 2.811847623888738,
      "start_to_goal_distance": 3.4528915882110596,
      "steps": 720.0,
      "control_effort": 0.8585084444118871,
      "episode_duration": 24.0,
      "time_to_goal": null
    },
    {
      "episode_return": -110.6629431499201,
      "success": 0.0,
      "collision": 0.0,
      "distance_to_goal": 2.598550796508789,
      "route_line_lateral_error": 1.4720704555511475,
      "route_progress_ratio": 0.4105218984107278,
      "min_obstacle_distance": 1.0579193830490112,
      "min_clearance": 0.7079193830490113,
      "path_length": 2.133800551218627,
      "start_to_goal_distance": 3.632657766342163,
      "steps": 720.0,
      "control_effort": 0.85040467903018,
      "episode_duration": 24.0,
      "time_to_goal": null
    },
    {
      "episode_return": -159.08099319118998,
      "success": 0.0,
      "collision": 0.0,
      "distance_to_goal": 3.02083420753479,
      "route_line_lateral_error": 3.0020792484283447,
      "route_progress_ratio": 0.9017188024855189,
      "min_obstacle_distance": 0.8592204451560974,
      "min_clearance": 0.5092204451560974,
      "path_length": 4.417712165240843,
      "start_to_goal_distance": 3.4196953773498535,
      "steps": 720.0,
      "control_effort": 0.8269863401022223,
      "episode_duration": 24.0,
      "time_to_goal": null
    },
    {
      "episode_return": -113.35244499128063,
      "success": 0.0,
      "collision": 0.0,
      "distance_to_goal": 2.7511134147644043,
      "route_line_lateral_error": 1.3096038103103638,
      "route_progress_ratio": 0.35997901528770854,
      "min_obstacle_distance": 1.035205602645874,
      "min_clearance": 0.685205602645874,
      "path_length": 1.922946489916903,
      "start_to_goal_distance": 3.780210494995117,
      "steps": 720.0,
      "control_effort": 0.8714980813364188,
      "episode_duration": 24.0,
      "time_to_goal": null
    },
    {
      "episode_return": -133.79522546034127,
      "success": 0.0,
      "collision": 0.0,
      "distance_to_goal": 3.036109209060669,
      "route_line_lateral_error": 2.666351318359375,
      "route_progress_ratio": 0.6196100327960182,
      "min_obstacle_distance": 1.0710393190383911,
      "min_clearance": 0.7210393190383911,
      "path_length": 3.641773561993491,
      "start_to_goal_distance": 3.8173413276672363,
      "steps": 720.0,
      "control_effort": 0.8715723675158289,
      "episode_duration": 24.0,
      "time_to_goal": null
    },
    {
      "episode_return": -113.88938510691122,
      "success": 0.0,
      "collision": 0.0,
      "distance_to_goal": 2.3478574752807617,
      "route_line_lateral_error": 2.062967300415039,
      "route_progress_ratio": 0.6735666481432264,
      "min_obstacle_distance": 0.5895381569862366,
      "min_clearance": 0.2395381569862366,
      "path_length": 3.1662176980713213,
      "start_to_goal_distance": 3.4340314865112305,
      "steps": 720.0,
      "control_effort": 0.8424649684793419,
      "episode_duration": 24.0,
      "time_to_goal": null
    },
    {
      "episode_return": -155.90007044137008,
      "success": 0.0,
      "collision": 0.0,
      "distance_to_goal": 3.2250635623931885,
      "route_line_lateral_error": 3.1780893802642822,
      "route_progress_ratio": 0.8517209589189619,
      "min_obstacle_distance": 0.7463786602020264,
      "min_clearance": 0.3963786602020264,
      "path_length": 4.622848832870659,
      "start_to_goal_distance": 3.6986794471740723,
      "steps": 720.0,
      "control_effort": 0.8323262557387352,
      "episode_duration": 24.0,
      "time_to_goal": null
    },
    {
      "episode_return": -97.10968600938635,
      "success": 0.0,
      "collision": 0.0,
      "distance_to_goal": 2.5755562782287598,
      "route_line_lateral_error": 1.5891681909561157,
      "route_progress_ratio": 0.4820816922088089,
      "min_obstacle_distance": 0.908668041229248,
      "min_clearance": 0.5586680412292481,
      "path_length": 2.5114488031497295,
      "start_to_goal_distance": 3.913414478302002,
      "steps": 720.0,
      "control_effort": 0.8225965993271933,
      "episode_duration": 24.0,
      "time_to_goal": null
    },
    {
      "episode_return": -116.20957118262194,
      "success": 0.0,
      "collision": 0.0,
      "distance_to_goal": 2.9196689128875732,
      "route_line_lateral_error": 1.216081142425537,
      "route_progress_ratio": 0.3154950025432577,
      "min_obstacle_distance": 0.78623366355896,
      "min_clearance": 0.43623366355896,
      "path_length": 1.7588414901861142,
      "start_to_goal_distance": 3.8777763843536377,
      "steps": 720.0,
      "control_effort": 0.863251321348879,
      "episode_duration": 24.0,
      "time_to_goal": null
    },
    {
      "episode_return": -161.1559607543243,
      "success": 0.0,
      "collision": 0.0,
      "distance_to_goal": 3.4490702152252197,
      "route_line_lateral_error": 3.3243730068206787,
      "route_progress_ratio": 0.7551929848137496,
      "min_obstacle_distance": 1.0221052169799805,
      "min_clearance": 0.6721052169799805,
      "path_length": 4.461396505197413,
      "start_to_goal_distance": 3.7541279792785645,
      "steps": 720.0,
      "control_effort": 0.8757666481865777,
      "episode_duration": 24.0,
      "time_to_goal": null
    },
    {
      "episode_return": -118.57349448000825,
      "success": 0.0,
      "collision": 0.0,
      "distance_to_goal": 3.2333109378814697,
      "route_line_lateral_error": 2.734312057495117,
      "route_progress_ratio": 0.6015006496795648,
      "min_obstacle_distance": 0.9484953284263611,
      "min_clearance": 0.5984953284263611,