{
  "summary": {
    "train_episode": 240,
    "stage_index": 3,
    "stage_name": "bridge_crossing_easy",
    "stage_episode": 80,
    "stage_eval_index": 4,
    "stage_target_hit": 1.0,
    "stage_success_streak": 2,
    "stage_best_success_rate": 1.0,
    "stage_best_collision_rate": 0.0,
    "stage_best_avg_return": 99.56147003173828,
    "stage_bad_eval_streak": 0,
    "stage_regression_active": 1.0,
    "stage_regression_bad_eval": 0.0,
    "stage_regression_absolute_drop": 0.0,
    "stage_regression_relative_drop": 0.0,
    "stage_regression_detected": 0.0,
    "stage_rollback_applied": 0.0,
    "stage_plateau_recovery_applied": 0.0,
    "num_episodes": 12,
    "success_rate": 1.0,
    "collision_rate": 0.0,
    "avg_episode_return": 99.57351684570312,
    "avg_path_length": 1.449114441871643,
    "avg_episode_duration": 6.024999618530273,
    "avg_time_to_goal": 6.024999618530273,
    "avg_distance_to_goal": 0.976936399936676,
    "avg_route_line_lateral_error": 0.14400149881839752,
    "avg_min_obstacle_distance": 2.3743600845336914,
    "avg_min_clearance": 2.024360179901123,
    "avg_control_effort": 0.7084794640541077,
    "avg_path_efficiency": 1.0,
    "avg_steps": 180.75,
    "best_distance_to_goal": 0.9739549160003662,
    "best_route_line_lateral_error": 0.06408735364675522,
    "best_episode_return": 104.5281753540039,
    "deterministic": 1.0,
    "seed_offset": 100000
  },
  "episodes": [
    {
      "episode_return": 100.5304231821895,
      "success": 1.0,
      "collision": 0.0,
      "distance_to_goal": 0.9749178290367126,
      "route_line_lateral_error": 0.14299824833869934,
      "route_progress_ratio": 0.6121227658859756,
      "min_obstacle_distance": 2.36142897605896,
      "min_clearance": 2.01142897605896,
      "path_length": 1.553033023403259,
      "start_to_goal_distance": 2.486285924911499,
      "steps": 196.0,
      "control_effort": 0.7084795105822232,
      "episode_duration": 6.533333333333333,
      "time_to_goal": 6.533333333333333
    },
    {
      "episode_return": 96.77015559941533,
      "success": 1.0,
      "collision": 0.0,
      "distance_to_goal": 0.9739549160003662,
      "route_line_lateral_error": 0.1116335391998291,
      "route_progress_ratio": 0.5379154104866328,
      "min_obstacle_distance": 2.1928651332855225,
      "min_clearance": 1.8428651332855224,
      "path_length": 1.1420200468564872,
      "start_to_goal_distance": 2.09385085105896,
      "steps": 145.0,
      "control_effort": 0.7084795224255529,
      "episode_duration": 4.833333333333333,
      "time_to_goal": 4.833333333333333
    },
    {
      "episode_return": 98.73868876713517,
      "success": 1.0,
      "collision": 0.0,
      "distance_to_goal": 0.9792487621307373,
      "route_line_lateral_error": 0.11452774703502655,
      "route_progress_ratio": 0.5768195802411116,
      "min_obstacle_distance": 2.076979637145996,
      "min_clearance": 1.726979637145996,
      "path_length": 1.3589711973036174,
      "start_to_goal_distance": 2.2981417179107666,
      "steps": 167.0,
      "control_effort": 0.7084793105810702,
      "episode_duration": 5.566666666666666,
      "time_to_goal": 5.566666666666666
    },
    {
      "episode_return": 96.60081819653513,
      "success": 1.0,
      "collision": 0.0,
      "distance_to_goal": 0.975622832775116,
      "route_line_lateral_error": 0.10327856242656708,
      "route_progress_ratio": 0.5323429754089261,
      "min_obstacle_distance": 2.4488275051116943,
      "min_clearance": 2.0988275051116942,
      "path_length": 1.1201544518116862,
      "start_to_goal_distance": 2.0744709968566895,
      "steps": 140.0,
      "control_effort": 0.7084795577185494,
      "episode_duration": 4.666666666666667,
      "time_to_goal": 4.666666666666667
    },
    {
      "episode_return": 100.30233852887156,
      "success": 1.0,
      "collision": 0.0,
      "distance_to_goal": 0.9745502471923828,
      "route_line_lateral_error": 0.15498870611190796,
      "route_progress_ratio": 0.6088455547596732,
      "min_obstacle_distance": 2.2530908584594727,
      "min_clearance": 1.9030908584594726,
      "path_length": 1.5226095608086325,
      "start_to_goal_distance": 2.4597620964050293,
      "steps": 191.0,
      "control_effort": 0.7084793058365427,
      "episode_duration": 6.366666666666666,
      "time_to_goal": 6.366666666666666
    },
    {
      "episode_return": 100.2413982095122,
      "success": 1.0,
      "collision": 0.0,
      "distance_to_goal": 0.9761989712715149,
      "route_line_lateral_error": 0.34265270829200745,
      "route_progress_ratio": 0.6308728641351472,
      "min_obstacle_distance": 3.2387661933898926,
      "min_clearance": 2.8887661933898925,
      "path_length": 1.615759603184415,
      "start_to_goal_distance": 2.476344585418701,
      "steps": 207.0,
      "control_effort": 0.7084795682902497,
      "episode_duration": 6.9,
      "time_to_goal": 6.9
    },
    {
      "episode_return": 96.78231172972914,
      "success": 1.0,
      "collision": 0.0,
      "distance_to_goal": 0.9768361449241638,
      "route_line_lateral_error": 0.06408735364675522,
      "route_progress_ratio": 0.5328185367893836,
      "min_obstacle_distance": 2.712315082550049,
      "min_clearance": 2.3623150825500487,
      "path_length": 1.1303715046378784,
      "start_to_goal_distance": 2.0864081382751465,
      "steps": 136.0,
      "control_effort": 0.708479696775184,
      "episode_duration": 4.533333333333333,
      "time_to_goal": 4.533333333333333
    },
    {
      "episode_return": 99.34167862468964,
      "success": 1.0,
      "collision": 0.0,
      "distance_to_goal": 0.9794198274612427,
      "route_line_lateral_error": 0.11144886165857315,
      "route_progress_ratio": 0.5869530213758539,
      "min_obstacle_distance": 2.3957135677337646,
      "min_clearance": 2.0457135677337646,
      "path_length": 1.3961236801114865,
      "start_to_goal_distance": 2.355804920196533,
      "steps": 171.0,
      "control_effort": 0.7084794640541077,
      "episode_duration": 5.7,
      "time_to_goal": 5.7
    },
    {
      "episode_return": 101.10642875683314,
      "success": 1.0,
      "collision": 0.0,
      "distance_to_goal": 0.9789178371429443,
      "route_line_lateral_error": 0.11795049905776978,
      "route_progress_ratio": 0.6178437695544955,
      "min_obstacle_distance": 2.302485466003418,
      "min_clearance": 1.9524854660034179,
      "path_length": 1.5989770723099355,
      "start_to_goal_distance": 2.5429024696350098,
      "steps": 198.0,
      "control_effort": 0.7084793099249252,
      "episode_duration": 6.6,
      "time_to_goal": 6.6
    },
    {
      "episode_return": 100.473136577189,
      "success": 1.0,
      "collision": 0.0,
      "distance_to_goal": 0.9767478704452515,
      "route_line_lateral_error": 0.11861461400985718,
      "route_progress_ratio": 0.6097571812779352,
      "min_obstacle_distance": 2.4583349227905273,
      "min_clearance": 2.1083349227905273,
      "path_length": 1.5454261741251685,
      "start_to_goal_distance": 2.4843990802764893,
      "steps": 197.0,
      "control_effort": 0.7084795288023005,
      "episode_duration": 6.566666666666666,
      "time_to_goal": 6.566666666666666
    },
    {
      "episode_return": 99.4666531660557,
      "success": 1.0,
      "collision": 0.0,
      "distance_to_goal": 0.9796796441078186,
      "route_line_lateral_error": 0.17370016872882843,
      "route_progress_ratio": 0.5948196674532537,
      "min_obstacle_distance": 2.1326513290405273,
      "min_clearance": 1.7826513290405273,
      "path_length": 1.4434167846047785,
      "start_to_goal_distance": 2.37957763671875,
      "steps": 181.0,
      "control_effort": 0.7084792806298693,
      "episode_duration": 6.033333333333333,
      "time_to_goal": 6.033333333333333
    },
    {
      "episode_return": 104.52817558765415,
      "success": 1.0,
      "collision": 0.0,
      "distance_to_goal": 0.9771423935890198,