{
  "summary": {
    "train_episode": 1360,
    "stage_index": 8,
    "stage_name": "target_bypass_commit_v2",
    "stage_episode": 380,
    "stage_eval_index": 29,
    "stage_target_hit": 0.0,
    "stage_success_streak": 0,
    "stage_best_success_rate": 0.4166666567325592,
    "stage_best_collision_rate": 0.1666666716337204,
    "stage_best_avg_return": 10.393216133117676,
    "stage_bad_eval_streak": 19,
    "stage_regression_active": 1.0,
    "stage_regression_bad_eval": 1.0,
    "stage_regression_absolute_drop": 0.4166666567325592,
    "stage_regression_relative_drop": 1.0,
    "stage_regression_detected": 1.0,
    "stage_rollback_applied": 0.0,
    "stage_plateau_recovery_applied": 0.0,
    "num_episodes": 12,
    "success_rate": 0.0,
    "collision_rate": 0.0,
    "avg_episode_return": -115.50968170166016,
    "avg_path_length": 3.167271852493286,
    "avg_episode_duration": 24.0,
    "avg_time_to_goal": 0.0,
    "avg_distance_to_goal": 2.6573498249053955,
    "avg_route_line_lateral_error": 2.0270888805389404,
    "avg_min_obstacle_distance": 0.8334982991218567,
    "avg_min_clearance": 0.48349833488464355,
    "avg_control_effort": 0.8029138445854187,
    "avg_path_efficiency": 0.0,
    "avg_steps": 720.0,
    "best_distance_to_goal": 2.226630926132202,
    "best_route_line_lateral_error": 1.1802583932876587,
    "best_episode_return": -92.6270523071289,
    "deterministic": 1.0,
    "seed_offset": 100000
  },
  "episodes": [
    {
      "episode_return": -100.24781392177269,
      "success": 0.0,
      "collision": 0.0,
      "distance_to_goal": 2.5561280250549316,
      "route_line_lateral_error": 1.1802583932876587,
      "route_progress_ratio": 0.4070711533370518,
      "min_obstacle_distance": 0.6017685532569885,
      "min_clearance": 0.25176855325698855,
      "path_length": 1.9922640801252172,
      "start_to_goal_distance": 3.8239474296569824,
      "steps": 720.0,
      "control_effort": 0.7981135798825159,
      "episode_duration": 24.0,
      "time_to_goal": null
    },
    {
      "episode_return": -103.43358199371916,
      "success": 0.0,
      "collision": 0.0,
      "distance_to_goal": 2.226630926132202,
      "route_line_lateral_error": 1.8284991979599,
      "route_progress_ratio": 0.6320126039212767,
      "min_obstacle_distance": 0.7726671099662781,
      "min_clearance": 0.4226671099662781,
      "path_length": 2.9102613083125277,
      "start_to_goal_distance": 3.4528915882110596,
      "steps": 720.0,
      "control_effort": 0.8046029767228497,
      "episode_duration": 24.0,
      "time_to_goal": null
    },
    {
      "episode_return": -100.76017250870399,
      "success": 0.0,
      "collision": 0.0,
      "distance_to_goal": 2.403491497039795,
      "route_line_lateral_error": 1.4250853061676025,
      "route_progress_ratio": 0.46721288020040863,
      "min_obstacle_distance": 1.0553230047225952,
      "min_clearance": 0.7053230047225952,
      "path_length": 2.290004489905357,
      "start_to_goal_distance": 3.632657766342163,
      "steps": 720.0,
      "control_effort": 0.8023098949756887,
      "episode_duration": 24.0,
      "time_to_goal": null
    },
    {
      "episode_return": -138.25368435337776,
      "success": 0.0,
      "collision": 0.0,
      "distance_to_goal": 2.6703617572784424,
      "route_line_lateral_error": 2.6539831161499023,
      "route_progress_ratio": 0.9136453948138085,
      "min_obstacle_distance": 0.8754711747169495,
      "min_clearance": 0.5254711747169495,
      "path_length": 4.288933519448619,
      "start_to_goal_distance": 3.4196953773498535,
      "steps": 720.0,
      "control_effort": 0.7737371510929532,
      "episode_duration": 24.0,
      "time_to_goal": null
    },
    {
      "episode_return": -111.29377017325042,
      "success": 0.0,
      "collision": 0.0,
      "distance_to_goal": 2.7117509841918945,
      "route_line_lateral_error": 1.3204928636550903,
      "route_progress_ratio": 0.3734420087299229,
      "min_obstacle_distance": 0.940075159072876,
      "min_clearance": 0.590075159072876,
      "path_length": 1.967883383533227,
      "start_to_goal_distance": 3.780210494995117,
      "steps": 720.0,
      "control_effort": 0.8314800664782525,
      "episode_duration": 24.0,
      "time_to_goal": null
    },
    {
      "episode_return": -120.83421737175482,
      "success": 0.0,
      "collision": 0.0,
      "distance_to_goal": 2.7284398078918457,
      "route_line_lateral_error": 2.485962390899658,
      "route_progress_ratio": 0.7054377934294292,
      "min_obstacle_distance": 1.0096017122268677,
      "min_clearance": 0.6596017122268677,
      "path_length": 3.7541975864746107,
      "start_to_goal_distance": 3.8173413276672363,
      "steps": 720.0,
      "control_effort": 0.8205356188118458,
      "episode_duration": 24.0,
      "time_to_goal": null
    },
    {
      "episode_return": -113.66724226915846,
      "success": 0.0,
      "collision": 0.0,
      "distance_to_goal": 2.2611210346221924,
      "route_line_lateral_error": 2.066281318664551,
      "route_progress_ratio": 0.7326081003809386,
      "min_obstacle_distance": 0.5482916831970215,
      "min_clearance": 0.1982916831970215,
      "path_length": 3.3367991453754584,
      "start_to_goal_distance": 3.4340314865112305,
      "steps": 720.0,
      "control_effort": 0.7818644079069297,
      "episode_duration": 24.0,
      "time_to_goal": null
    },
    {
      "episode_return": -131.7114354648669,
      "success": 0.0,
      "collision": 0.0,
      "distance_to_goal": 2.765700578689575,
      "route_line_lateral_error": 2.745234966278076,
      "route_progress_ratio": 0.9092012536785973,
      "min_obstacle_distance": 0.6776408553123474,
      "min_clearance": 0.32764085531234743,
      "path_length": 4.471339603478555,
      "start_to_goal_distance": 3.6986794471740723,
      "steps": 720.0,
      "control_effort": 0.7692774948146608,
      "episode_duration": 24.0,
      "time_to_goal": null
    },
    {
      "episode_return": -92.62704952086153,
      "success": 0.0,
      "collision": 0.0,
      "distance_to_goal": 2.4496841430664062,
      "route_line_lateral_error": 1.579166054725647,
      "route_progress_ratio": 0.521453998251498,
      "min_obstacle_distance": 0.8739543557167053,
      "min_clearance": 0.5239543557167053,
      "path_length": 2.6986435465169833,
      "start_to_goal_distance": 3.913414478302002,
      "steps": 720.0,
      "control_effort": 0.772209367238813,
      "episode_duration": 24.0,
      "time_to_goal": null
    },
    {
      "episode_return": -109.46715289367391,
      "success": 0.0,
      "collision": 0.0,
      "distance_to_goal": 2.789677858352661,
      "route_line_lateral_error": 1.189522624015808,
      "route_progress_ratio": 0.34927695304389483,
      "min_obstacle_distance": 0.7456262707710266,
      "min_clearance": 0.39562627077102663,
      "path_length": 1.8335371627808783,
      "start_to_goal_distance": 3.8777763843536377,
      "steps": 720.0,
      "control_effort": 0.8282733234266441,
      "episode_duration": 24.0,
      "time_to_goal": null
    },
    {
      "episode_return": -157.38688498350618,
      "success": 0.0,
      "collision": 0.0,
      "distance_to_goal": 3.3609485626220703,
      "route_line_lateral_error": 3.259752035140991,
      "route_progress_ratio": 0.7819652591389509,
      "min_obstacle_distance": 0.9742764234542847,
      "min_clearance": 0.6242764234542847,
      "path_length": 4.493433088411194,
      "start_to_goal_distance": 3.7541279792785645,
      "steps": 720.0,
      "control_effort": 0.8429848188327418,
      "episode_duration": 24.0,
      "time_to_goal": null
    },
    {
      "episode_return": -106.43317628576064,
      "success": 0.0,
      "collision": 0.0,
      "distance_to_goal": 2.9642646312713623,
      "route_line_lateral_error": 2.590829372406006,
      "route_progress_ratio": 0.6673936837932477,
      "min_obstacle_distance": 0.9272837042808533,