{
  "summary": {
    "train_episode": 680,
    "stage_index": 7,
    "stage_name": "target_bypass_intro_v2",
    "stage_episode": 40,
    "stage_eval_index": 11,
    "stage_target_hit": 0.0,
    "stage_success_streak": 0,
    "stage_best_success_rate": 0.9166666865348816,
    "stage_best_collision_rate": 0.0833333358168602,
    "stage_best_avg_return": 102.0121078491211,
    "stage_bad_eval_streak": 1,
    "stage_regression_active": 1.0,
    "stage_regression_bad_eval": 0.0,
    "stage_regression_absolute_drop": 0.1666666865348816,
    "stage_regression_relative_drop": 0.18181819955179476,
    "stage_regression_detected": 0.0,
    "stage_rollback_applied": 0.0,
    "stage_plateau_recovery_applied": 0.0,
    "num_episodes": 12,
    "success_rate": 0.75,
    "collision_rate": 0.0,
    "avg_episode_return": 62.2143669128418,
    "avg_path_length": 3.714395523071289,
    "avg_episode_duration": 17.927776336669922,
    "avg_time_to_goal": 16.348148345947266,
    "avg_distance_to_goal": 0.9917454719543457,
    "avg_route_line_lateral_error": 0.9197805523872375,
    "avg_min_obstacle_distance": 0.6574221253395081,
    "avg_min_clearance": 0.30742213129997253,
    "avg_control_effort": 0.6529941558837891,
    "avg_path_efficiency": 0.7353476881980896,
    "avg_steps": 537.8333129882812,
    "best_distance_to_goal": 0.8971694707870483,
    "best_route_line_lateral_error": 0.6092275381088257,
    "best_episode_return": 139.91043090820312,
    "deterministic": 1.0,
    "seed_offset": 100000
  },
  "episodes": [
    {
      "episode_return": -37.719541716475455,
      "success": 0.0,
      "collision": 0.0,
      "distance_to_goal": 1.23462975025177,
      "route_line_lateral_error": 1.2346298694610596,
      "route_progress_ratio": 1.0,
      "min_obstacle_distance": 0.7738953232765198,
      "min_clearance": 0.4238953232765198,
      "path_length": 4.745701276231557,
      "start_to_goal_distance": 3.4931728839874268,
      "steps": 680.0,
      "control_effort": 0.6466243209207759,
      "episode_duration": 22.666666666666668,
      "time_to_goal": null
    },
    {
      "episode_return": -172.18933923906127,
      "success": 0.0,
      "collision": 0.0,
      "distance_to_goal": 1.5298177003860474,
      "route_line_lateral_error": 1.5298177003860474,
      "route_progress_ratio": 1.0,
      "min_obstacle_distance": 0.3855626583099365,
      "min_clearance": 0.035562658309936546,
      "path_length": 4.607869837258477,
      "start_to_goal_distance": 3.212475061416626,
      "steps": 680.0,
      "control_effort": 0.6542126345283845,
      "episode_duration": 22.666666666666668,
      "time_to_goal": null
    },
    {
      "episode_return": 93.25458130835517,
      "success": 1.0,
      "collision": 0.0,
      "distance_to_goal": 0.8975542187690735,
      "route_line_lateral_error": 0.8109593987464905,
      "route_progress_ratio": 0.884566853808174,
      "min_obstacle_distance": 0.4629117548465729,
      "min_clearance": 0.1129117548465729,
      "path_length": 3.2262520653603133,
      "start_to_goal_distance": 3.332151174545288,
      "steps": 455.0,
      "control_effort": 0.6595384240150451,
      "episode_duration": 15.166666666666666,
      "time_to_goal": 15.166666666666666
    },
    {
      "episode_return": 132.05311429133877,
      "success": 1.0,
      "collision": 0.0,
      "distance_to_goal": 0.8979620933532715,
      "route_line_lateral_error": 0.8843996524810791,
      "route_progress_ratio": 0.9510741608904646,
      "min_obstacle_distance": 0.8924991488456726,
      "min_clearance": 0.5424991488456726,
      "path_length": 3.3313901488436386,
      "start_to_goal_distance": 3.1778056621551514,
      "steps": 475.0,
      "control_effort": 0.6551484932397541,
      "episode_duration": 15.833333333333334,
      "time_to_goal": 15.833333333333334
    },
    {
      "episode_return": 132.04147630227334,
      "success": 1.0,
      "collision": 0.0,
      "distance_to_goal": 0.8979594707489014,
      "route_line_lateral_error": 0.8845606446266174,
      "route_progress_ratio": 0.9550053761537559,
      "min_obstacle_distance": 0.7725538611412048,
      "min_clearance": 0.42255386114120486,
      "path_length": 3.6376668896409683,
      "start_to_goal_distance": 3.4347081184387207,
      "steps": 532.0,
      "control_effort": 0.6532762299354812,
      "episode_duration": 17.733333333333334,
      "time_to_goal": 17.733333333333334
    },
    {
      "episode_return": -60.07404081051636,
      "success": 0.0,
      "collision": 0.0,
      "distance_to_goal": 1.0540632009506226,
      "route_line_lateral_error": 1.0540632009506226,
      "route_progress_ratio": 1.0,
      "min_obstacle_distance": 0.5311647653579712,
      "min_clearance": 0.1811647653579712,
      "path_length": 4.5917125830601435,
      "start_to_goal_distance": 3.490565299987793,
      "steps": 680.0,
      "control_effort": 0.646459785016144,
      "episode_duration": 22.666666666666668,
      "time_to_goal": null
    },
    {
      "episode_return": 132.67443876359806,
      "success": 1.0,
      "collision": 0.0,
      "distance_to_goal": 0.8971867561340332,
      "route_line_lateral_error": 0.8368244171142578,
      "route_progress_ratio": 0.8985463286709365,
      "min_obstacle_distance": 0.9645588994026184,
      "min_clearance": 0.6145588994026184,
      "path_length": 3.18798409755982,
      "start_to_goal_distance": 3.1889052391052246,
      "steps": 459.0,
      "control_effort": 0.6539988548927058,
      "episode_duration": 15.3,
      "time_to_goal": 15.3
    },
    {
      "episode_return": 139.9104325209549,
      "success": 1.0,
      "collision": 0.0,
      "distance_to_goal": 0.8971694707870483,
      "route_line_lateral_error": 0.6092275381088257,
      "route_progress_ratio": 0.8062547965101395,
      "min_obstacle_distance": 0.6836820840835571,
      "min_clearance": 0.33368208408355715,
      "path_length": 2.930367791095705,
      "start_to_goal_distance": 3.399315357208252,
      "steps": 448.0,
      "control_effort": 0.6473787502784815,
      "episode_duration": 14.933333333333334,
      "time_to_goal": 14.933333333333334
    },
    {
      "episode_return": 92.5609500848016,
      "success": 1.0,
      "collision": 0.0,
      "distance_to_goal": 0.8982921838760376,
      "route_line_lateral_error": 0.6265248656272888,
      "route_progress_ratio": 0.821099041509837,
      "min_obstacle_distance": 0.4770447313785553,
      "min_clearance": 0.12704473137855532,
      "path_length": 3.136716488181264,
      "start_to_goal_distance": 3.5982794761657715,
      "steps": 454.0,
      "control_effort": 0.6538878009707917,
      "episode_duration": 15.133333333333333,
      "time_to_goal": 15.133333333333333
    },
    {
      "episode_return": 133.1717224441348,
      "success": 1.0,
      "collision": 0.0,
      "distance_to_goal": 0.8990337252616882,
      "route_line_lateral_error": 0.892545759677887,
      "route_progress_ratio": 0.9699352737425904,
      "min_obstacle_distance": 0.806268572807312,
      "min_clearance": 0.45626857280731203,
      "path_length": 3.791867733147228,
      "start_to_goal_distance": 3.5860257148742676,
      "steps": 537.0,
      "control_effort": 0.6587927714406445,
      "episode_duration": 17.9,
      "time_to_goal": 17.9
    },
    {
      "episode_return": 138.48329556407947,
      "success": 1.0,
      "collision": 0.0,
      "distance_to_goal": 0.8984124064445496,
      "route_line_lateral_error": 0.7938376665115356,
      "route_progress_ratio": 0.878730580971677,
      "min_obstacle_distance": 0.7864032983779907,
      "min_clearance": 0.43640329837799074,
      "path_length": 3.311767011118718,
      "start_to_goal_distance": 3.468921422958374,
      "steps": 474.0,
      "control_effort": 0.6553831431181621,
      "episode_duration": 15.8,
      "time_to_goal": 15.8
    },
    {
      "episode_return": 22.405319830893106,
      "success": 1.0,
      "collision": 0.0,