{
  "episode_return": -42.957638536080566,
  "success": 0.0,
  "collision": 1.0,
  "distance_to_goal": 2.5646326541900635,
  "route_line_lateral_error": 0.5990495085716248,
  "route_progress_ratio": 0.32578964385982534,
  "min_obstacle_distance": 0.34717220067977905,
  "min_clearance": -0.002827799320220925,
  "path_length": 1.3885214275796898,
  "start_to_goal_distance": 3.6986794471740723,
  "steps": 181.0,
  "control_effort": 0.7266666744295405,
  "episode_duration": 6.033333333333333,
  "time_to_goal": null
}