{
  "episode_return": -39.24875530704447,
  "success": 0.0,
  "collision": 0.0,
  "distance_to_goal": 1.3559441566467285,
  "route_line_lateral_error": 1.0264521837234497,
  "route_progress_ratio": 0.7604575171403587,
  "min_obstacle_distance": 0.6206021308898926,
  "min_clearance": 0.2706021308898926,
  "path_length": 3.33163159484684,
  "start_to_goal_distance": 3.6986794471740723,
  "steps": 720.0,
  "control_effort": 0.5703459954924054,
  "episode_duration": 24.0,
  "time_to_goal": null
}