{
  "episode_return": 141.24048249799006,
  "success": 1.0,
  "collision": 0.0,
  "distance_to_goal": 0.8956536650657654,
  "route_line_lateral_error": 0.6581372618675232,
  "route_progress_ratio": 0.8478759102742737,
  "min_obstacle_distance": 0.6486106514930725,
  "min_clearance": 0.29861065149307253,
  "path_length": 3.6575547533248027,
  "start_to_goal_distance": 3.9934210777282715,
  "steps": 591.0,
  "control_effort": 0.6435125308795225,
  "episode_duration": 19.7,
  "time_to_goal": 19.7
}