{
  "summary": {
    "train_episode": 500,
    "stage_index": 7,
    "stage_name": "target_bypass_intro_v2",
    "stage_episode": 40,
    "stage_eval_index": 2,
    "stage_target_hit": 0.0,
    "stage_success_streak": 0,
    "stage_best_success_rate": 0.0,
    "stage_best_collision_rate": 0.0,
    "stage_best_avg_return": -76.09248352050781,
    "stage_bad_eval_streak": 1,
    "stage_regression_active": 0.0,
    "stage_regression_bad_eval": 0.0,
    "stage_regression_absolute_drop": 0.0,
    "stage_regression_relative_drop": 0.0,
    "stage_regression_detected": 0.0,
    "stage_rollback_applied": 0.0,
    "stage_plateau_recovery_applied": 0.0,
    "num_episodes": 12,
    "success_rate": 0.0,
    "collision_rate": 0.1666666716337204,
    "avg_episode_return": -77.36849212646484,
    "avg_path_length": 3.0681488513946533,
    "avg_episode_duration": 20.09722328186035,
    "avg_time_to_goal": 0.0,
    "avg_distance_to_goal": 1.8649693727493286,
    "avg_route_line_lateral_error": 1.3673964738845825,
    "avg_min_obstacle_distance": 0.7316823601722717,
    "avg_min_clearance": 0.3816823661327362,
    "avg_control_effort": 0.6797456741333008,
    "avg_path_efficiency": 0.0,
    "avg_steps": 602.9166870117188,
    "best_distance_to_goal": 1.542385220527649,
    "best_route_line_lateral_error": 0.35863232612609863,
    "best_episode_return": -41.930999755859375,
    "deterministic": 1.0,
    "seed_offset": 100000
  },
  "episodes": [
    {
      "episode_return": -57.25122774452531,
      "success": 0.0,
      "collision": 0.0,
      "distance_to_goal": 1.5891815423965454,
      "route_line_lateral_error": 1.0743703842163086,
      "route_progress_ratio": 0.6647764528634033,
      "min_obstacle_distance": 0.6254165172576904,
      "min_clearance": 0.27541651725769045,
      "path_length": 2.648384584905358,
      "start_to_goal_distance": 3.4931728839874268,
      "steps": 680.0,
      "control_effort": 0.6595068982418846,
      "episode_duration": 22.666666666666668,
      "time_to_goal": null
    },
    {
      "episode_return": -62.24600931843224,
      "success": 0.0,
      "collision": 0.0,
      "distance_to_goal": 1.542385220527649,
      "route_line_lateral_error": 1.5136562585830688,
      "route_progress_ratio": 0.9077640601815469,
      "min_obstacle_distance": 0.8369814157485962,
      "min_clearance": 0.4869814157485962,
      "path_length": 3.40317477173744,
      "start_to_goal_distance": 3.212475061416626,
      "steps": 680.0,
      "control_effort": 0.699474386870861,
      "episode_duration": 22.666666666666668,
      "time_to_goal": null
    },
    {
      "episode_return": -60.572181347850474,
      "success": 0.0,
      "collision": 0.0,
      "distance_to_goal": 1.563635230064392,
      "route_line_lateral_error": 1.1541355848312378,
      "route_progress_ratio": 0.6834017181529408,
      "min_obstacle_distance": 0.804694414138794,
      "min_clearance": 0.45469441413879397,
      "path_length": 2.662720921266768,
      "start_to_goal_distance": 3.332151174545288,
      "steps": 680.0,
      "control_effort": 0.6833430814392426,
      "episode_duration": 22.666666666666668,
      "time_to_goal": null
    },
    {
      "episode_return": -41.93100165495618,
      "success": 0.0,
      "collision": 1.0,
      "distance_to_goal": 1.7848228216171265,
      "route_line_lateral_error": 0.35863232612609863,
      "route_progress_ratio": 0.44980250486863554,
      "min_obstacle_distance": 0.3465902507305145,
      "min_clearance": -0.0034097492694854514,
      "path_length": 1.5158536015660502,
      "start_to_goal_distance": 3.1778056621551514,
      "steps": 190.0,
      "control_effort": 0.681241982861569,
      "episode_duration": 6.333333333333333,
      "time_to_goal": null
    },
    {
      "episode_return": -72.93641332830944,
      "success": 0.0,
      "collision": 0.0,
      "distance_to_goal": 1.88947594165802,
      "route_line_lateral_error": 1.2211263179779053,
      "route_progress_ratio": 0.5802078756314117,
      "min_obstacle_distance": 0.8662654757499695,
      "min_clearance": 0.5162654757499695,
      "path_length": 2.3972692009292125,
      "start_to_goal_distance": 3.4347081184387207,
      "steps": 680.0,
      "control_effort": 0.6589742756941739,
      "episode_duration": 22.666666666666668,
      "time_to_goal": null
    },
    {
      "episode_return": -187.26364661869158,
      "success": 0.0,
      "collision": 0.0,
      "distance_to_goal": 2.122417449951172,
      "route_line_lateral_error": 2.122417449951172,
      "route_progress_ratio": 1.0,
      "min_obstacle_distance": 0.392845094203949,
      "min_clearance": 0.042845094203949,
      "path_length": 4.515845463436563,
      "start_to_goal_distance": 3.490565299987793,
      "steps": 680.0,
      "control_effort": 0.6877550824600107,
      "episode_duration": 22.666666666666668,
      "time_to_goal": null
    },
    {
      "episode_return": -80.81235375171421,
      "success": 0.0,
      "collision": 0.0,
      "distance_to_goal": 1.8434268236160278,
      "route_line_lateral_error": 1.8403128385543823,
      "route_progress_ratio": 0.9664136817602798,
      "min_obstacle_distance": 1.0772563219070435,
      "min_clearance": 0.7272563219070435,
      "path_length": 3.73372557693547,
      "start_to_goal_distance": 3.1889052391052246,
      "steps": 680.0,
      "control_effort": 0.6957472166594337,
      "episode_duration": 22.666666666666668,
      "time_to_goal": null
    },
    {
      "episode_return": -90.29330825998338,
      "success": 0.0,
      "collision": 0.0,
      "distance_to_goal": 2.2804205417633057,
      "route_line_lateral_error": 2.2804205417633057,
      "route_progress_ratio": 1.0,
      "min_obstacle_distance": 0.8102619647979736,
      "min_clearance": 0.46026196479797366,
      "path_length": 4.441685087571386,
      "start_to_goal_distance": 3.399315357208252,
      "steps": 680.0,
      "control_effort": 0.6820072849883753,
      "episode_duration": 22.666666666666668,
      "time_to_goal": null
    },
    {
      "episode_return": -52.962604326270615,
      "success": 0.0,
      "collision": 0.0,
      "distance_to_goal": 1.652698278427124,
      "route_line_lateral_error": 1.2868412733078003,
      "route_progress_ratio": 0.7117956613309138,
      "min_obstacle_distance": 0.7780419588088989,
      "min_clearance": 0.42804195880889895,
      "path_length": 2.9491301406270907,
      "start_to_goal_distance": 3.5982794761657715,
      "steps": 680.0,
      "control_effort": 0.6897005660568967,
      "episode_duration": 22.666666666666668,
      "time_to_goal": null
    },
    {
      "episode_return": -80.83047797057462,
      "success": 0.0,
      "collision": 0.0,
      "distance_to_goal": 2.140075445175171,
      "route_line_lateral_error": 1.211060643196106,
      "route_progress_ratio": 0.5079673519146019,
      "min_obstacle_distance": 0.9671815633773804,
      "min_clearance": 0.6171815633773804,
      "path_length": 2.244665991518911,
      "start_to_goal_distance": 3.5860257148742676,
      "steps": 680.0,
      "control_effort": 0.6514261172098272,
      "episode_duration": 22.666666666666668,
      "time_to_goal": null
    },
    {
      "episode_return": -85.01698040780835,
      "success": 0.0,
      "collision": 1.0,
      "distance_to_goal": 1.982638955116272,
      "route_line_lateral_error": 0.3718932271003723,
      "route_progress_ratio": 0.438601392151363,
      "min_obstacle_distance": 0.3498949408531189,
      "min_clearance": -0.00010505914688108131,
      "path_length": 1.7391101632383652,
      "start_to_goal_distance": 3.468921422958374,
      "steps": 245.0,
      "control_effort": 0.6824817586918266,
      "episode_duration": 8.166666666666666,
      "time_to_goal": null
    },
    {
      "episode_return": -56.30565161704049,
      "success": 0.0,
      "collision": 0.0,
      "distance_to_goal": 1.9884544610977173,
      "route_line_lateral_error": 1.9738918542861938,