{
  "episode_return": 145.55594635868235,
  "success": 1.0,
  "collision": 0.0,
  "distance_to_goal": 0.7367454767227173,
  "route_line_lateral_error": 0.4328935742378235,
  "route_progress_ratio": 0.8388204225692573,
  "min_obstacle_distance": 0.8771262168884277,
  "min_clearance": 0.5271262168884278,
  "path_length": 3.6064984196564183,
  "start_to_goal_distance": 3.6986794471740723,
  "steps": 546.0,
  "control_effort": 0.6474127499830156,
  "episode_duration": 18.2,
  "time_to_goal": 18.2
}