{
  "summary": {
    "train_episode": 340,
    "stage_index": 4,
    "stage_name": "bridge_crossing_commit",
    "stage_episode": 100,
    "stage_eval_index": 5,
    "stage_target_hit": 1.0,
    "stage_success_streak": 2,
    "stage_best_success_rate": 1.0,
    "stage_best_collision_rate": 0.0,
    "stage_best_avg_return": 96.0981216430664,
    "stage_bad_eval_streak": 0,
    "stage_regression_active": 1.0,
    "stage_regression_bad_eval": 0.0,
    "stage_regression_absolute_drop": 0.0,
    "stage_regression_relative_drop": 0.0,
    "stage_regression_detected": 0.0,
    "stage_rollback_applied": 0.0,
    "stage_plateau_recovery_applied": 0.0,
    "num_episodes": 12,
    "success_rate": 1.0,
    "collision_rate": 0.0,
    "avg_episode_return": 96.0769271850586,
    "avg_path_length": 1.913307547569275,
    "avg_episode_duration": 7.738889217376709,
    "avg_time_to_goal": 7.738889217376709,
    "avg_distance_to_goal": 0.9158968925476074,
    "avg_route_line_lateral_error": 0.1285104602575302,
    "avg_min_obstacle_distance": 2.0700466632843018,
    "avg_min_clearance": 1.7200466394424438,
    "avg_control_effort": 0.7060301303863525,
    "avg_path_efficiency": 1.0,
    "avg_steps": 232.1666717529297,
    "best_distance_to_goal": 0.910869300365448,
    "best_route_line_lateral_error": 0.04410701245069504,
    "best_episode_return": 101.03978729248047,
    "deterministic": 1.0,
    "seed_offset": 100000
  },
  "episodes": [
    {
      "episode_return": 96.95143357813359,
      "success": 1.0,
      "collision": 0.0,
      "distance_to_goal": 0.9131841659545898,
      "route_line_lateral_error": 0.04410701245069504,
      "route_progress_ratio": 0.6827594390589309,
      "min_obstacle_distance": 1.9227161407470703,
      "min_clearance": 1.5727161407470702,
      "path_length": 1.9822906588560727,
      "start_to_goal_distance": 2.8751626014709473,
      "steps": 235.0,
      "control_effort": 0.7058212721601446,
      "episode_duration": 7.833333333333333,
      "time_to_goal": 7.833333333333333
    },
    {
      "episode_return": 93.46911321014166,
      "success": 1.0,
      "collision": 0.0,
      "distance_to_goal": 0.9155906438827515,
      "route_line_lateral_error": 0.11815550178289413,
      "route_progress_ratio": 0.6359797655758609,
      "min_obstacle_distance": 1.7204276323318481,
      "min_clearance": 1.370427632331848,
      "path_length": 1.6135712892646552,
      "start_to_goal_distance": 2.494187355041504,
      "steps": 200.0,
      "control_effort": 0.7061522570252419,
      "episode_duration": 6.666666666666667,
      "time_to_goal": 6.666666666666667
    },
    {
      "episode_return": 95.07905224347112,
      "success": 1.0,
      "collision": 0.0,
      "distance_to_goal": 0.917043149471283,
      "route_line_lateral_error": 0.0890386775135994,
      "route_progress_ratio": 0.6588768303521544,
      "min_obstacle_distance": 2.034513235092163,
      "min_clearance": 1.684513235092163,
      "path_length": 1.782112796086949,
      "start_to_goal_distance": 2.6756033897399902,
      "steps": 218.0,
      "control_effort": 0.7062663113305329,
      "episode_duration": 7.266666666666667,
      "time_to_goal": 7.266666666666667
    },
    {
      "episode_return": 93.41331815797089,
      "success": 1.0,
      "collision": 0.0,
      "distance_to_goal": 0.910869300365448,
      "route_line_lateral_error": 0.14748512208461761,
      "route_progress_ratio": 0.6362157210234226,
      "min_obstacle_distance": 2.420592784881592,
      "min_clearance": 2.0705927848815917,
      "path_length": 1.599021839298075,
      "start_to_goal_distance": 2.470832347869873,
      "steps": 191.0,
      "control_effort": 0.7060668490319976,
      "episode_duration": 6.366666666666666,
      "time_to_goal": 6.366666666666666
    },
    {
      "episode_return": 96.46899093449116,
      "success": 1.0,
      "collision": 0.0,
      "distance_to_goal": 0.9191383123397827,
      "route_line_lateral_error": 0.10041812062263489,
      "route_progress_ratio": 0.6760609725015945,
      "min_obstacle_distance": 1.5941879749298096,
      "min_clearance": 1.2441879749298095,
      "path_length": 1.9349727035332762,
      "start_to_goal_distance": 2.8203952312469482,
      "steps": 225.0,
      "control_effort": 0.7059615235858493,
      "episode_duration": 7.5,
      "time_to_goal": 7.5
    },
    {
      "episode_return": 96.53070209091901,
      "success": 1.0,
      "collision": 0.0,
      "distance_to_goal": 0.9174700975418091,
      "route_line_lateral_error": 0.17786484956741333,
      "route_progress_ratio": 0.6857883191290102,
      "min_obstacle_distance": 3.110417604446411,
      "min_clearance": 2.760417604446411,
      "path_length": 1.9980183492989454,
      "start_to_goal_distance": 2.864516258239746,
      "steps": 252.0,
      "control_effort": 0.705779838420096,
      "episode_duration": 8.4,
      "time_to_goal": 8.4
    },
    {
      "episode_return": 93.35675142270324,
      "success": 1.0,
      "collision": 0.0,
      "distance_to_goal": 0.9151000380516052,
      "route_line_lateral_error": 0.1551489233970642,
      "route_progress_ratio": 0.6365691834069199,
      "min_obstacle_distance": 2.6644296646118164,
      "min_clearance": 2.3144296646118163,
      "path_length": 1.6076618046572548,
      "start_to_goal_distance": 2.4814953804016113,
      "steps": 199.0,
      "control_effort": 0.705929318564621,
      "episode_duration": 6.633333333333334,
      "time_to_goal": 6.633333333333334
    },
    {
      "episode_return": 95.77797394669055,
      "success": 1.0,
      "collision": 0.0,
      "distance_to_goal": 0.9130213856697083,
      "route_line_lateral_error": 0.1290503293275833,
      "route_progress_ratio": 0.6714958807894202,
      "min_obstacle_distance": 1.4905109405517578,
      "min_clearance": 1.1405109405517577,
      "path_length": 1.8745296906508884,
      "start_to_goal_distance": 2.7514262199401855,
      "steps": 227.0,
      "control_effort": 0.7059707604840989,
      "episode_duration": 7.566666666666666,
      "time_to_goal": 7.566666666666666
    },
    {
      "episode_return": 97.6985093386173,
      "success": 1.0,
      "collision": 0.0,
      "distance_to_goal": 0.9193425178527832,
      "route_line_lateral_error": 0.20404566824436188,
      "route_progress_ratio": 0.69774718845727,
      "min_obstacle_distance": 2.3573193550109863,
      "min_clearance": 2.0073193550109862,
      "path_length": 2.1007319011005166,
      "start_to_goal_distance": 2.965770959854126,
      "steps": 244.0,
      "control_effort": 0.7057289363907986,
      "episode_duration": 8.133333333333333,
      "time_to_goal": 8.133333333333333
    },
    {
      "episode_return": 97.07150318068267,
      "success": 1.0,
      "collision": 0.0,
      "distance_to_goal": 0.91700279712677,
      "route_line_lateral_error": 0.07860524207353592,
      "route_progress_ratio": 0.6869561551936212,
      "min_obstacle_distance": 1.840410590171814,
      "min_clearance": 1.4904105901718139,
      "path_length": 2.031158886715275,
      "start_to_goal_distance": 2.9185292720794678,
      "steps": 254.0,
      "control_effort": 0.7059250443469821,
      "episode_duration": 8.466666666666667,
      "time_to_goal": 8.466666666666667
    },
    {
      "episode_return": 96.06590942901373,
      "success": 1.0,
      "collision": 0.0,
      "distance_to_goal": 0.9184333086013794,
      "route_line_lateral_error": 0.08435836434364319,
      "route_progress_ratio": 0.6727508995309881,
      "min_obstacle_distance": 1.6264994144439697,
      "min_clearance": 1.2764994144439696,
      "path_length": 1.908196950556885,
      "start_to_goal_distance": 2.7946624755859375,
      "steps": 234.0,
      "control_effort": 0.7064075421573769,
      "episode_duration": 7.8,
      "time_to_goal": 7.8
    },
    {
      "episode_return": 101.03978376364708,
      "success": 1.0,
      "collision": 0.0,
      "distance_to_goal": 0.9145682454109192,