{
  "episode_return": 100.94110424917935,
  "success": 1.0,
  "collision": 0.0,
  "distance_to_goal": 0.9141294956207275,
  "route_line_lateral_error": 0.3489345908164978,
  "route_progress_ratio": 0.749468282188625,
  "min_obstacle_distance": 1.9243556261062622,
  "min_clearance": 1.5743556261062621,
  "path_length": 2.5821427277987823,
  "start_to_goal_distance": 3.37247633934021,
  "steps": 314.0,
  "control_effort": 0.7028901973727403,
  "episode_duration": 10.466666666666667,
  "time_to_goal": 10.466666666666667
}