{
  "summary": {
    "train_episode": 1020,
    "stage_index": 8,
    "stage_name": "target_bypass_commit_v2",
    "stage_episode": 40,
    "stage_eval_index": 12,
    "stage_target_hit": 0.0,
    "stage_success_streak": 0,
    "stage_best_success_rate": 0.4166666567325592,
    "stage_best_collision_rate": 0.1666666716337204,
    "stage_best_avg_return": 10.393216133117676,
    "stage_bad_eval_streak": 2,
    "stage_regression_active": 1.0,
    "stage_regression_bad_eval": 1.0,
    "stage_regression_absolute_drop": 0.4166666567325592,
    "stage_regression_relative_drop": 1.0,
    "stage_regression_detected": 1.0,
    "stage_rollback_applied": 0.0,
    "stage_plateau_recovery_applied": 0.0,
    "num_episodes": 12,
    "success_rate": 0.0,
    "collision_rate": 0.1666666716337204,
    "avg_episode_return": -105.28447723388672,
    "avg_path_length": 3.4188363552093506,
    "avg_episode_duration": 22.372222900390625,
    "avg_time_to_goal": 0.0,
    "avg_distance_to_goal": 1.936991810798645,
    "avg_route_line_lateral_error": 1.555834412574768,
    "avg_min_obstacle_distance": 0.5143335461616516,
    "avg_min_clearance": 0.1643335372209549,
    "avg_control_effort": 0.6044427752494812,
    "avg_path_efficiency": 0.0,
    "avg_steps": 671.1666870117188,
    "best_distance_to_goal": 1.2855697870254517,
    "best_route_line_lateral_error": 0.3629600405693054,
    "best_episode_return": -31.680803298950195,
    "deterministic": 1.0,
    "seed_offset": 100000
  },
  "episodes": [
    {
      "episode_return": -82.04044515175792,
      "success": 0.0,
      "collision": 0.0,
      "distance_to_goal": 2.1011245250701904,
      "route_line_lateral_error": 1.8777207136154175,
      "route_progress_ratio": 0.7534462370559191,
      "min_obstacle_distance": 0.8446938395500183,
      "min_clearance": 0.49469383955001833,
      "path_length": 3.6015018075304397,
      "start_to_goal_distance": 3.8239474296569824,
      "steps": 720.0,
      "control_effort": 0.643383917129702,
      "episode_duration": 24.0,
      "time_to_goal": null
    },
    {
      "episode_return": -105.27074736738584,
      "success": 0.0,
      "collision": 0.0,
      "distance_to_goal": 1.718578577041626,
      "route_line_lateral_error": 1.5984054803848267,
      "route_progress_ratio": 0.8171510992214936,
      "min_obstacle_distance": 0.48818421363830566,
      "min_clearance": 0.1381842136383057,
      "path_length": 3.5106975830858573,
      "start_to_goal_distance": 3.4528915882110596,
      "steps": 720.0,
      "control_effort": 0.6116485430134667,
      "episode_duration": 24.0,
      "time_to_goal": null
    },
    {
      "episode_return": -115.4557881836259,
      "success": 0.0,
      "collision": 0.0,
      "distance_to_goal": 1.4549882411956787,
      "route_line_lateral_error": 1.2477920055389404,
      "route_progress_ratio": 0.7939978358505719,
      "min_obstacle_distance": 0.4317573606967926,
      "min_clearance": 0.08175736069679262,
      "path_length": 3.3718984004299273,
      "start_to_goal_distance": 3.632657766342163,
      "steps": 720.0,
      "control_effort": 0.561729403378235,
      "episode_duration": 24.0,
      "time_to_goal": null
    },
    {
      "episode_return": -234.6463331384111,
      "success": 0.0,
      "collision": 0.0,
      "distance_to_goal": 2.153987407684326,
      "route_line_lateral_error": 2.11905837059021,
      "route_progress_ratio": 0.887027075189835,
      "min_obstacle_distance": 0.3817102909088135,
      "min_clearance": 0.0317102909088135,
      "path_length": 3.9216471407162317,
      "start_to_goal_distance": 3.4196953773498535,
      "steps": 720.0,
      "control_effort": 0.6083218756649229,
      "episode_duration": 24.0,
      "time_to_goal": null
    },
    {
      "episode_return": -62.01897287143587,
      "success": 0.0,
      "collision": 1.0,
      "distance_to_goal": 2.7612550258636475,
      "route_line_lateral_error": 0.3629600405693054,
      "route_progress_ratio": 0.2758878831576871,
      "min_obstacle_distance": 0.34871867299079895,
      "min_clearance": -0.0012813270092010276,
      "path_length": 1.1659006610570941,
      "start_to_goal_distance": 3.780210494995117,
      "steps": 219.0,
      "control_effort": 0.5905256124391948,
      "episode_duration": 7.3,
      "time_to_goal": null
    },
    {
      "episode_return": -132.8984749560353,
      "success": 0.0,
      "collision": 1.0,
      "distance_to_goal": 2.3139238357543945,
      "route_line_lateral_error": 2.0868117809295654,
      "route_progress_ratio": 0.7381082112460801,
      "min_obstacle_distance": 0.34882932901382446,
      "min_clearance": -0.001170670986175515,
      "path_length": 3.6036343042069348,
      "start_to_goal_distance": 3.8173413276672363,
      "steps": 635.0,
      "control_effort": 0.6465848479683943,
      "episode_duration": 21.166666666666668,
      "time_to_goal": null
    },
    {
      "episode_return": -106.77235772576657,
      "success": 0.0,
      "collision": 0.0,
      "distance_to_goal": 2.2223405838012695,
      "route_line_lateral_error": 2.1379597187042236,
      "route_progress_ratio": 0.8233650425747526,
      "min_obstacle_distance": 0.529367208480835,
      "min_clearance": 0.17936720848083498,
      "path_length": 3.690420279632235,
      "start_to_goal_distance": 3.4340314865112305,
      "steps": 720.0,
      "control_effort": 0.6433643123341931,
      "episode_duration": 24.0,
      "time_to_goal": null
    },
    {
      "episode_return": -39.10686955740595,
      "success": 0.0,
      "collision": 0.0,
      "distance_to_goal": 1.3440351486206055,
      "route_line_lateral_error": 1.1483651399612427,
      "route_progress_ratio": 0.8111903487736333,
      "min_obstacle_distance": 0.7309659719467163,
      "min_clearance": 0.38096597194671633,
      "path_length": 3.6002908245136496,
      "start_to_goal_distance": 3.6986794471740723,
      "steps": 720.0,
      "control_effort": 0.5648611002912124,
      "episode_duration": 24.0,
      "time_to_goal": null
    },
    {
      "episode_return": -213.67051837139056,
      "success": 0.0,
      "collision": 0.0,
      "distance_to_goal": 1.7277716398239136,
      "route_line_lateral_error": 1.304569125175476,
      "route_progress_ratio": 0.7105275053993377,
      "min_obstacle_distance": 0.39303305745124817,
      "min_clearance": 0.04303305745124819,
      "path_length": 3.2824031829368323,
      "start_to_goal_distance": 3.913414478302002,
      "steps": 720.0,
      "control_effort": 0.5717258046070735,
      "episode_duration": 24.0,
      "time_to_goal": null
    },
    {
      "episode_return": -68.05111248215408,
      "success": 0.0,
      "collision": 0.0,
      "distance_to_goal": 1.8266350030899048,
      "route_line_lateral_error": 1.5579382181167603,
      "route_progress_ratio": 0.7540762982219085,
      "min_obstacle_distance": 0.5523236393928528,
      "min_clearance": 0.2023236393928528,
      "path_length": 3.4835732555147843,
      "start_to_goal_distance": 3.8777763843536377,
      "steps": 720.0,
      "control_effort": 0.6370704253514607,
      "episode_duration": 24.0,
      "time_to_goal": null
    },
    {
      "episode_return": -31.680803870368486,
      "success": 0.0,
      "collision": 0.0,
      "distance_to_goal": 1.2855697870254517,
      "route_line_lateral_error": 1.1852540969848633,
      "route_progress_ratio": 0.8673839641599359,
      "min_obstacle_distance": 0.594554603099823,
      "min_clearance": 0.24455460309982302,
      "path_length": 3.747790451925539,
      "start_to_goal_distance": 3.7541279792785645,
      "steps": 720.0,
      "control_effort": 0.5746327518175046,
      "episode_duration": 24.0,
      "time_to_goal": null
    },
    {
      "episode_return": -71.80127209635407,
      "success": 0.0,
      "collision": 0.0,
      "distance_to_goal": 2.3336923122406006,
      "route_line_lateral_error": 2.0431790351867676,
      "route_progress_ratio": 0.739599345915828,