{
  "summary": {
    "train_episode": 300,
    "stage_index": 4,
    "stage_name": "bridge_crossing_commit",
    "stage_episode": 60,
    "stage_eval_index": 3,
    "stage_target_hit": 0.0,
    "stage_success_streak": 0,
    "stage_best_success_rate": 1.0,
    "stage_best_collision_rate": 0.0,
    "stage_best_avg_return": 96.0981216430664,
    "stage_bad_eval_streak": 0,
    "stage_regression_active": 1.0,
    "stage_regression_bad_eval": 0.0,
    "stage_regression_absolute_drop": 0.0,
    "stage_regression_relative_drop": 0.0,
    "stage_regression_detected": 0.0,
    "stage_rollback_applied": 0.0,
    "stage_plateau_recovery_applied": 0.0,
    "num_episodes": 12,
    "success_rate": 1.0,
    "collision_rate": 0.0,
    "avg_episode_return": 96.0981216430664,
    "avg_path_length": 1.9094876050949097,
    "avg_episode_duration": 7.719444274902344,
    "avg_time_to_goal": 7.719444274902344,
    "avg_distance_to_goal": 0.9148923754692078,
    "avg_route_line_lateral_error": 0.10976260900497437,
    "avg_min_obstacle_distance": 2.078005790710449,
    "avg_min_clearance": 1.7280058860778809,
    "avg_control_effort": 0.704669713973999,
    "avg_path_efficiency": 1.0,
    "avg_steps": 231.5833282470703,
    "best_distance_to_goal": 0.9104357957839966,
    "best_route_line_lateral_error": 0.033090535551309586,
    "best_episode_return": 101.08880615234375,
    "deterministic": 1.0,
    "seed_offset": 100000
  },
  "episodes": [
    {
      "episode_return": 97.08579797089101,
      "success": 1.0,
      "collision": 0.0,
      "distance_to_goal": 0.9153804183006287,
      "route_line_lateral_error": 0.15267343819141388,
      "route_progress_ratio": 0.6860843401767897,
      "min_obstacle_distance": 2.0357513427734375,
      "min_clearance": 1.6857513427734374,
      "path_length": 1.9982751065417688,
      "start_to_goal_distance": 2.8751626014709473,
      "steps": 225.0,
      "control_effort": 0.7039244021309746,
      "episode_duration": 7.5,
      "time_to_goal": 7.5
    },
    {
      "episode_return": 93.63962621361016,
      "success": 1.0,
      "collision": 0.0,
      "distance_to_goal": 0.914331316947937,
      "route_line_lateral_error": 0.1029931828379631,
      "route_progress_ratio": 0.6357483429528418,
      "min_obstacle_distance": 1.7497639656066895,
      "min_clearance": 1.3997639656066894,
      "path_length": 1.6075327306443796,
      "start_to_goal_distance": 2.494187355041504,
      "steps": 190.0,
      "control_effort": 0.7040654593392423,
      "episode_duration": 6.333333333333333,
      "time_to_goal": 6.333333333333333
    },
    {
      "episode_return": 95.21745326685907,
      "success": 1.0,
      "collision": 0.0,
      "distance_to_goal": 0.9144293069839478,
      "route_line_lateral_error": 0.06493446975946426,
      "route_progress_ratio": 0.6590971507251547,
      "min_obstacle_distance": 2.028826951980591,
      "min_clearance": 1.6788269519805907,
      "path_length": 1.7816160188049253,
      "start_to_goal_distance": 2.6756033897399902,
      "steps": 211.0,
      "control_effort": 0.7041465422553473,
      "episode_duration": 7.033333333333333,
      "time_to_goal": 7.033333333333333
    },
    {
      "episode_return": 93.41087820482257,
      "success": 1.0,
      "collision": 0.0,
      "distance_to_goal": 0.9141578674316406,
      "route_line_lateral_error": 0.050633274018764496,
      "route_progress_ratio": 0.6305881397090652,
      "min_obstacle_distance": 2.4671742916107178,
      "min_clearance": 2.1171742916107177,
      "path_length": 1.586900204378253,
      "start_to_goal_distance": 2.470832347869873,
      "steps": 189.0,
      "control_effort": 0.7049776082316404,
      "episode_duration": 6.3,
      "time_to_goal": 6.3
    },
    {
      "episode_return": 96.40915852779149,
      "success": 1.0,
      "collision": 0.0,
      "distance_to_goal": 0.913155734539032,
      "route_line_lateral_error": 0.033090535551309586,
      "route_progress_ratio": 0.676444037179633,
      "min_obstacle_distance": 1.5381399393081665,
      "min_clearance": 1.1881399393081664,
      "path_length": 1.929441923952254,
      "start_to_goal_distance": 2.8203952312469482,
      "steps": 233.0,
      "control_effort": 0.7045975859584727,
      "episode_duration": 7.766666666666667,
      "time_to_goal": 7.766666666666667
    },
    {
      "episode_return": 96.61206800317763,
      "success": 1.0,
      "collision": 0.0,
      "distance_to_goal": 0.9172117710113525,
      "route_line_lateral_error": 0.088674396276474,
      "route_progress_ratio": 0.6813019636357341,
      "min_obstacle_distance": 3.0685524940490723,
      "min_clearance": 2.718552494049072,
      "path_length": 1.9719575713443191,
      "start_to_goal_distance": 2.864516258239746,
      "steps": 247.0,
      "control_effort": 0.7049628443080886,
      "episode_duration": 8.233333333333333,
      "time_to_goal": 8.233333333333333
    },
    {
      "episode_return": 93.46128764522076,
      "success": 1.0,
      "collision": 0.0,
      "distance_to_goal": 0.9125543832778931,
      "route_line_lateral_error": 0.13966292142868042,
      "route_progress_ratio": 0.6365886393215467,
      "min_obstacle_distance": 2.6127026081085205,
      "min_clearance": 2.2627026081085204,
      "path_length": 1.6101026793039637,
      "start_to_goal_distance": 2.4814953804016113,
      "steps": 194.0,
      "control_effort": 0.7057657985343146,
      "episode_duration": 6.466666666666667,
      "time_to_goal": 6.466666666666667
    },
    {
      "episode_return": 95.62037058544158,
      "success": 1.0,
      "collision": 0.0,
      "distance_to_goal": 0.9104357957839966,
      "route_line_lateral_error": 0.1276792287826538,
      "route_progress_ratio": 0.6723741494818427,
      "min_obstacle_distance": 1.4979710578918457,
      "min_clearance": 1.1479710578918456,
      "path_length": 1.879407317885125,
      "start_to_goal_distance": 2.7514262199401855,
      "steps": 239.0,
      "control_effort": 0.7046266679484475,
      "episode_duration": 7.966666666666667,
      "time_to_goal": 7.966666666666667
    },
    {
      "episode_return": 97.5703240146637,
      "success": 1.0,
      "collision": 0.0,
      "distance_to_goal": 0.9184426069259644,
      "route_line_lateral_error": 0.17552471160888672,
      "route_progress_ratio": 0.6960271622018683,
      "min_obstacle_distance": 2.37556791305542,
      "min_clearance": 2.02556791305542,
      "path_length": 2.097894826565607,
      "start_to_goal_distance": 2.965770959854126,
      "steps": 253.0,
      "control_effort": 0.7040503486814235,
      "episode_duration": 8.433333333333334,
      "time_to_goal": 8.433333333333334
    },
    {
      "episode_return": 97.00365405601262,
      "success": 1.0,
      "collision": 0.0,
      "distance_to_goal": 0.9162986278533936,
      "route_line_lateral_error": 0.06803754717111588,
      "route_progress_ratio": 0.6869076305352114,
      "min_obstacle_distance": 1.8924528360366821,
      "min_clearance": 1.542452836036682,
      "path_length": 2.027513704044395,
      "start_to_goal_distance": 2.9185292720794678,
      "steps": 259.0,
      "control_effort": 0.7040677284642076,
      "episode_duration": 8.633333333333333,
      "time_to_goal": 8.633333333333333
    },
    {
      "episode_return": 96.05792520672082,
      "success": 1.0,
      "collision": 0.0,
      "distance_to_goal": 0.9177743792533875,
      "route_line_lateral_error": 0.141068235039711,
      "route_progress_ratio": 0.6755000825821317,
      "min_obstacle_distance": 1.6595942974090576,
      "min_clearance": 1.3095942974090575,
      "path_length": 1.9135092560427438,
      "start_to_goal_distance": 2.7946624755859375,
      "steps": 235.0,
      "control_effort": 0.705872174273146,
      "episode_duration": 7.833333333333333,
      "time_to_goal": 7.833333333333333
    },
    {
      "episode_return": 101.08880569648743,
      "success": 1.0,
      "collision": 0.0,