{
  "summary": {
    "train_episode": 140,
    "stage_index": 2,
    "stage_name": "bridge_entry",
    "stage_episode": 60,
    "stage_eval_index": 3,
    "stage_target_hit": 1.0,
    "stage_success_streak": 1,
    "stage_best_success_rate": 1.0,
    "stage_best_collision_rate": 0.0,
    "stage_best_avg_return": 103.71904754638672,
    "stage_bad_eval_streak": 0,
    "stage_regression_active": 1.0,
    "stage_regression_bad_eval": 0.0,
    "stage_regression_absolute_drop": 0.0,
    "stage_regression_relative_drop": 0.0,
    "stage_regression_detected": 0.0,
    "stage_rollback_applied": 0.0,
    "stage_plateau_recovery_applied": 0.0,
    "num_episodes": 12,
    "success_rate": 1.0,
    "collision_rate": 0.0,
    "avg_episode_return": 103.79700469970703,
    "avg_path_length": 1.1932096481323242,
    "avg_episode_duration": 4.888888835906982,
    "avg_time_to_goal": 4.888888835906982,
    "avg_distance_to_goal": 0.9965545535087585,
    "avg_route_line_lateral_error": 0.16760385036468506,
    "avg_min_obstacle_distance": 2.5986571311950684,
    "avg_min_clearance": 2.248657464981079,
    "avg_control_effort": 0.7078883051872253,
    "avg_path_efficiency": 1.0,
    "avg_steps": 146.6666717529297,
    "best_distance_to_goal": 0.9943318963050842,
    "best_route_line_lateral_error": 0.09844299405813217,
    "best_episode_return": 109.10032653808594,
    "deterministic": 1.0,
    "seed_offset": 100000
  },
  "episodes": [
    {
      "episode_return": 104.70845070391893,
      "success": 1.0,
      "collision": 0.0,
      "distance_to_goal": 0.9972811937332153,
      "route_line_lateral_error": 0.16539545357227325,
      "route_progress_ratio": 0.5618783080387711,
      "min_obstacle_distance": 2.6059772968292236,
      "min_clearance": 2.2559772968292235,
      "path_length": 1.2874289943138137,
      "start_to_goal_distance": 2.2447426319122314,
      "steps": 167.0,
      "control_effort": 0.7078880888973168,
      "episode_duration": 5.566666666666666,
      "time_to_goal": 5.566666666666666
    },
    {
      "episode_return": 100.82891016483309,
      "success": 1.0,
      "collision": 0.0,
      "distance_to_goal": 0.9964075684547424,
      "route_line_lateral_error": 0.127798393368721,
      "route_progress_ratio": 0.467003679531847,
      "min_obstacle_distance": 3.148123264312744,
      "min_clearance": 2.798123264312744,
      "path_length": 0.8845292242767755,
      "start_to_goal_distance": 1.8540050983428955,
      "steps": 108.0,
      "control_effort": 0.7078892478236446,
      "episode_duration": 3.6,
      "time_to_goal": 3.6
    },
    {
      "episode_return": 102.89772793352603,
      "success": 1.0,
      "collision": 0.0,
      "distance_to_goal": 0.9985001683235168,
      "route_line_lateral_error": 0.13149672746658325,
      "route_progress_ratio": 0.5190072995779026,
      "min_obstacle_distance": 3.194275140762329,
      "min_clearance": 2.844275140762329,
      "path_length": 1.0918002578546293,
      "start_to_goal_distance": 2.0578346252441406,
      "steps": 134.0,
      "control_effort": 0.7078888798827556,
      "episode_duration": 4.466666666666667,
      "time_to_goal": 4.466666666666667
    },
    {
      "episode_return": 100.66940531045196,
      "success": 1.0,
      "collision": 0.0,
      "distance_to_goal": 0.9943318963050842,
      "route_line_lateral_error": 0.1162368506193161,
      "route_progress_ratio": 0.4612564713294838,
      "min_obstacle_distance": 2.3614602088928223,
      "min_clearance": 2.011460208892822,
      "path_length": 0.8620722330233548,
      "start_to_goal_distance": 1.832995891571045,
      "steps": 103.0,
      "control_effort": 0.7078886072612504,
      "episode_duration": 3.433333333333333,
      "time_to_goal": 3.433333333333333
    },
    {
      "episode_return": 104.54745553970335,
      "success": 1.0,
      "collision": 0.0,
      "distance_to_goal": 0.9946802854537964,
      "route_line_lateral_error": 0.16795669496059418,
      "route_progress_ratio": 0.5583195570656491,
      "min_obstacle_distance": 2.264047622680664,
      "min_clearance": 1.914047622680664,
      "path_length": 1.2744058085954748,
      "start_to_goal_distance": 2.2196991443634033,
      "steps": 159.0,
      "control_effort": 0.707887757499263,
      "episode_duration": 5.3,
      "time_to_goal": 5.3
    },
    {
      "episode_return": 104.7168107628822,
      "success": 1.0,
      "collision": 0.0,
      "distance_to_goal": 0.997191846370697,
      "route_line_lateral_error": 0.2466622143983841,
      "route_progress_ratio": 0.5677318903319211,
      "min_obstacle_distance": 2.9261202812194824,
      "min_clearance": 2.5761202812194823,
      "path_length": 1.314894335984718,
      "start_to_goal_distance": 2.2351953983306885,
      "steps": 158.0,
      "control_effort": 0.7078884311869175,
      "episode_duration": 5.266666666666667,
      "time_to_goal": 5.266666666666667
    },
    {
      "episode_return": 100.64423862576486,
      "success": 1.0,
      "collision": 0.0,
      "distance_to_goal": 0.9946832060813904,
      "route_line_lateral_error": 0.09844299405813217,
      "route_progress_ratio": 0.46378979094175665,
      "min_obstacle_distance": 2.7047438621520996,
      "min_clearance": 2.3547438621520995,
      "path_length": 0.8795185161579866,
      "start_to_goal_distance": 1.8459177017211914,
      "steps": 116.0,
      "control_effort": 0.7078884860564922,
      "episode_duration": 3.8666666666666667,
      "time_to_goal": 3.8666666666666667
    },
    {
      "episode_return": 103.518832539618,
      "success": 1.0,
      "collision": 0.0,
      "distance_to_goal": 0.9951155185699463,
      "route_line_lateral_error": 0.13619697093963623,
      "route_progress_ratio": 0.5337268582685459,
      "min_obstacle_distance": 2.433875560760498,
      "min_clearance": 2.083875560760498,
      "path_length": 1.1558115337393247,
      "start_to_goal_distance": 2.1141066551208496,
      "steps": 141.0,
      "control_effort": 0.7078880836777653,
      "episode_duration": 4.7,
      "time_to_goal": 4.7
    },
    {
      "episode_return": 105.30226783215998,
      "success": 1.0,
      "collision": 0.0,
      "distance_to_goal": 0.9998490810394287,
      "route_line_lateral_error": 0.21423353254795074,
      "route_progress_ratio": 0.5756205174947917,
      "min_obstacle_distance": 2.2454018592834473,
      "min_clearance": 1.8954018592834472,
      "path_length": 1.356197741435608,
      "start_to_goal_distance": 2.3013083934783936,
      "steps": 171.0,
      "control_effort": 0.7078876223480493,
      "episode_duration": 5.7,
      "time_to_goal": 5.7
    },
    {
      "episode_return": 104.89479286193846,
      "success": 1.0,
      "collision": 0.0,
      "distance_to_goal": 0.9959938526153564,
      "route_line_lateral_error": 0.13994094729423523,
      "route_progress_ratio": 0.5606172471759239,
      "min_obstacle_distance": 2.668534755706787,
      "min_clearance": 2.318534755706787,
      "path_length": 1.2903570816270076,
      "start_to_goal_distance": 2.2443161010742188,
      "steps": 154.0,
      "control_effort": 0.7078884669712612,
      "episode_duration": 5.133333333333334,
      "time_to_goal": 5.133333333333334
    },
    {
      "episode_return": 103.73482156425717,
      "success": 1.0,
      "collision": 0.0,
      "distance_to_goal": 0.9990916848182678,
      "route_line_lateral_error": 0.2393636703491211,
      "route_progress_ratio": 0.5466186605247809,
      "min_obstacle_distance": 2.294419050216675,
      "min_clearance": 1.9444190502166747,
      "path_length": 1.2060012159054168,
      "start_to_goal_distance": 2.1394667625427246,
      "steps": 144.0,
      "control_effort": 0.707888011717134,
      "episode_duration": 4.8,
      "time_to_goal": 4.8
    },
    {
      "episode_return": 109.1003264349699,
      "success": 1.0,
      "collision": 0.0,
      "distance_to_goal": 0.9955283403396606,
      "route_line_lateral_error": 0.22752167284488678,