{
  "summary": {
    "train_episode": 520,
    "stage_index": 7,
    "stage_name": "target_bypass_intro_v2",
    "stage_episode": 60,
    "stage_eval_index": 3,
    "stage_target_hit": 0.0,
    "stage_success_streak": 0,
    "stage_best_success_rate": 0.0,
    "stage_best_collision_rate": 0.0,
    "stage_best_avg_return": -76.09248352050781,
    "stage_bad_eval_streak": 0,
    "stage_regression_active": 0.0,
    "stage_regression_bad_eval": 0.0,
    "stage_regression_absolute_drop": 0.0,
    "stage_regression_relative_drop": 0.0,
    "stage_regression_detected": 0.0,
    "stage_rollback_applied": 0.0,
    "stage_plateau_recovery_applied": 1.0,
    "num_episodes": 12,
    "success_rate": 0.0,
    "collision_rate": 0.0,
    "avg_episode_return": -88.43512725830078,
    "avg_path_length": 3.2242238521575928,
    "avg_episode_duration": 22.66666603088379,
    "avg_time_to_goal": 0.0,
    "avg_distance_to_goal": 2.07265305519104,
    "avg_route_line_lateral_error": 1.70405113697052,
    "avg_min_obstacle_distance": 0.8471987247467041,
    "avg_min_clearance": 0.49719858169555664,
    "avg_control_effort": 0.7154709696769714,
    "avg_path_efficiency": 0.0,
    "avg_steps": 680.0,
    "best_distance_to_goal": 1.8733067512512207,
    "best_route_line_lateral_error": 1.0985305309295654,
    "best_episode_return": -75.05342864990234,
    "deterministic": 1.0,
    "seed_offset": 100000
  },
  "episodes": [
    {
      "episode_return": -77.38999480127167,
      "success": 0.0,
      "collision": 0.0,
      "distance_to_goal": 1.9710631370544434,
      "route_line_lateral_error": 1.203524112701416,
      "route_progress_ratio": 0.5531376495767069,
      "min_obstacle_distance": 0.7727074027061462,
      "min_clearance": 0.42270740270614626,
      "path_length": 2.3421782329120333,
      "start_to_goal_distance": 3.4931728839874268,
      "steps": 680.0,
      "control_effort": 0.6997639034600819,
      "episode_duration": 22.666666666666668,
      "time_to_goal": null
    },
    {
      "episode_return": -83.25807074960909,
      "success": 0.0,
      "collision": 0.0,
      "distance_to_goal": 1.8733067512512207,
      "route_line_lateral_error": 1.6153926849365234,
      "route_progress_ratio": 0.7047229213208128,
      "min_obstacle_distance": 0.9134761095046997,
      "min_clearance": 0.5634761095046997,
      "path_length": 3.024552884427976,
      "start_to_goal_distance": 3.212475061416626,
      "steps": 680.0,
      "control_effort": 0.7404271259903907,
      "episode_duration": 22.666666666666668,
      "time_to_goal": null
    },
    {
      "episode_return": -85.67561973192898,
      "success": 0.0,
      "collision": 0.0,
      "distance_to_goal": 2.004088878631592,
      "route_line_lateral_error": 1.3732860088348389,
      "route_progress_ratio": 0.561962048661085,
      "min_obstacle_distance": 0.9602009057998657,
      "min_clearance": 0.6102009057998657,
      "path_length": 2.4077843595375725,
      "start_to_goal_distance": 3.332151174545288,
      "steps": 680.0,
      "control_effort": 0.7331460611785159,
      "episode_duration": 22.666666666666668,
      "time_to_goal": null
    },
    {
      "episode_return": -90.70494224834769,
      "success": 0.0,
      "collision": 0.0,
      "distance_to_goal": 1.9300429821014404,
      "route_line_lateral_error": 1.888951301574707,
      "route_progress_ratio": 0.8753410220649707,
      "min_obstacle_distance": 0.6662719249725342,
      "min_clearance": 0.3162719249725342,
      "path_length": 3.8796648827701574,
      "start_to_goal_distance": 3.1778056621551514,
      "steps": 680.0,
      "control_effort": 0.7218848700032515,
      "episode_duration": 22.666666666666668,
      "time_to_goal": null
    },
    {
      "episode_return": -75.81813125867555,
      "success": 0.0,
      "collision": 0.0,
      "distance_to_goal": 1.9425525665283203,
      "route_line_lateral_error": 1.2623865604400635,
      "route_progress_ratio": 0.5701395439883217,
      "min_obstacle_distance": 0.9749308824539185,
      "min_clearance": 0.6249308824539185,
      "path_length": 2.399753184711365,
      "start_to_goal_distance": 3.4347081184387207,
      "steps": 680.0,
      "control_effort": 0.7133557250394541,
      "episode_duration": 22.666666666666668,
      "time_to_goal": null
    },
    {
      "episode_return": -130.37429702323718,
      "success": 0.0,
      "collision": 0.0,
      "distance_to_goal": 2.2441246509552,
      "route_line_lateral_error": 2.2248268127441406,
      "route_progress_ratio": 0.9158677181067412,
      "min_obstacle_distance": 0.48958438634872437,
      "min_clearance": 0.1395843863487244,
      "path_length": 4.138360863906371,
      "start_to_goal_distance": 3.490565299987793,
      "steps": 680.0,
      "control_effort": 0.7145133952884113,
      "episode_duration": 22.666666666666668,
      "time_to_goal": null
    },
    {
      "episode_return": -90.88225079150601,
      "success": 0.0,
      "collision": 0.0,
      "distance_to_goal": 1.9267181158065796,
      "route_line_lateral_error": 1.867503046989441,
      "route_progress_ratio": 0.8513599533705494,
      "min_obstacle_distance": 0.9988537430763245,
      "min_clearance": 0.6488537430763245,
      "path_length": 3.4399857368477313,
      "start_to_goal_distance": 3.1889052391052246,
      "steps": 680.0,
      "control_effort": 0.7236667374477667,
      "episode_duration": 22.666666666666668,
      "time_to_goal": null
    },
    {
      "episode_return": -100.37619458522539,
      "success": 0.0,
      "collision": 0.0,
      "distance_to_goal": 2.368414878845215,
      "route_line_lateral_error": 2.316533088684082,
      "route_progress_ratio": 0.854966508769048,
      "min_obstacle_distance": 0.8182214498519897,
      "min_clearance": 0.46822144985198977,
      "path_length": 4.1042598626809195,
      "start_to_goal_distance": 3.399315357208252,
      "steps": 680.0,
      "control_effort": 0.6852991986800643,
      "episode_duration": 22.666666666666668,
      "time_to_goal": null
    },
    {
      "episode_return": -79.4929572777396,
      "success": 0.0,
      "collision": 0.0,
      "distance_to_goal": 2.1549198627471924,
      "route_line_lateral_error": 1.444225549697876,
      "route_progress_ratio": 0.5555260445109744,
      "min_obstacle_distance": 1.049284815788269,
      "min_clearance": 0.6992848157882691,
      "path_length": 2.549678220439205,
      "start_to_goal_distance": 3.5982794761657715,
      "steps": 680.0,
      "control_effort": 0.7369054296437432,
      "episode_duration": 22.666666666666668,
      "time_to_goal": null
    },
    {
      "episode_return": -79.33308904101105,
      "success": 0.0,
      "collision": 0.0,
      "distance_to_goal": 2.1058735847473145,
      "route_line_lateral_error": 1.0985305309295654,
      "route_progress_ratio": 0.4989870939749411,
      "min_obstacle_distance": 0.9505565166473389,
      "min_clearance": 0.6005565166473389,
      "path_length": 2.1827979264562387,
      "start_to_goal_distance": 3.5860257148742676,
      "steps": 680.0,
      "control_effort": 0.710735409750658,
      "episode_duration": 22.666666666666668,
      "time_to_goal": null
    },
    {
      "episode_return": -92.86253154496433,
      "success": 0.0,
      "collision": 0.0,
      "distance_to_goal": 2.0291671752929688,
      "route_line_lateral_error": 1.9813376665115356,
      "route_progress_ratio": 0.8737436777953871,
      "min_obstacle_distance": 0.5478149056434631,
      "min_clearance": 0.19781490564346316,
      "path_length": 4.138035800555372,
      "start_to_goal_distance": 3.468921422958374,
      "steps": 680.0,
      "control_effort": 0.6952396457686144,
      "episode_duration": 22.666666666666668,
      "time_to_goal": null
    },
    {
      "episode_return": -75.05343158657382,
      "success": 0.0,
      "collision": 0.0,
      "distance_to_goal": 2.3215651512145996,
      "route_line_lateral_error": 2.1721174716949463,