{
  "summary": {
    "train_episode": 1280,
    "stage_index": 8,
    "stage_name": "target_bypass_commit_v2",
    "stage_episode": 300,
    "stage_eval_index": 25,
    "stage_target_hit": 0.0,
    "stage_success_streak": 0,
    "stage_best_success_rate": 0.4166666567325592,
    "stage_best_collision_rate": 0.1666666716337204,
    "stage_best_avg_return": 10.393216133117676,
    "stage_bad_eval_streak": 15,
    "stage_regression_active": 1.0,
    "stage_regression_bad_eval": 1.0,
    "stage_regression_absolute_drop": 0.4166666567325592,
    "stage_regression_relative_drop": 1.0,
    "stage_regression_detected": 1.0,
    "stage_rollback_applied": 0.0,
    "stage_plateau_recovery_applied": 0.0,
    "num_episodes": 12,
    "success_rate": 0.0,
    "collision_rate": 0.25,
    "avg_episode_return": -58.99322509765625,
    "avg_path_length": 3.5934832096099854,
    "avg_episode_duration": 20.22222328186035,
    "avg_time_to_goal": 0.0,
    "avg_distance_to_goal": 1.4918937683105469,
    "avg_route_line_lateral_error": 0.5994657874107361,
    "avg_min_obstacle_distance": 0.5442776083946228,
    "avg_min_clearance": 0.19427764415740967,
    "avg_control_effort": 0.7387909293174744,
    "avg_path_efficiency": 0.0,
    "avg_steps": 606.6666870117188,
    "best_distance_to_goal": 0.9504649639129639,
    "best_route_line_lateral_error": 0.09738696366548538,
    "best_episode_return": -21.993515014648438,
    "deterministic": 1.0,
    "seed_offset": 100000
  },
  "episodes": [
    {
      "episode_return": -51.44766997913297,
      "success": 0.0,
      "collision": 1.0,
      "distance_to_goal": 2.9773523807525635,
      "route_line_lateral_error": 0.44527390599250793,
      "route_progress_ratio": 0.2301496034802608,
      "min_obstacle_distance": 0.34880441427230835,
      "min_clearance": -0.0011955857276916282,
      "path_length": 1.003090008161962,
      "start_to_goal_distance": 3.8239474296569824,
      "steps": 135.0,
      "control_effort": 0.7444247382658499,
      "episode_duration": 4.5,
      "time_to_goal": null
    },
    {
      "episode_return": -39.96599250053042,
      "success": 0.0,
      "collision": 0.0,
      "distance_to_goal": 1.1617716550827026,
      "route_line_lateral_error": 0.9628279805183411,
      "route_progress_ratio": 0.8117130101432234,
      "min_obstacle_distance": 0.5965337753295898,
      "min_clearance": 0.24653377532958987,
      "path_length": 4.098941185511649,
      "start_to_goal_distance": 3.4528915882110596,
      "steps": 720.0,
      "control_effort": 0.7344910459385978,
      "episode_duration": 24.0,
      "time_to_goal": null
    },
    {
      "episode_return": -102.55244797704094,
      "success": 0.0,
      "collision": 1.0,
      "distance_to_goal": 1.2903146743774414,
      "route_line_lateral_error": 0.27326053380966187,
      "route_progress_ratio": 0.6528581979383546,
      "min_obstacle_distance": 0.34937310218811035,
      "min_clearance": -0.0006268978118896262,
      "path_length": 3.386472002690425,
      "start_to_goal_distance": 3.632657766342163,
      "steps": 493.0,
      "control_effort": 0.7261436984215015,
      "episode_duration": 16.433333333333334,
      "time_to_goal": null
    },
    {
      "episode_return": -36.043132313098155,
      "success": 0.0,
      "collision": 0.0,
      "distance_to_goal": 1.0461595058441162,
      "route_line_lateral_error": 0.6229926943778992,
      "route_progress_ratio": 0.75423715224215,
      "min_obstacle_distance": 0.6641726493835449,
      "min_clearance": 0.31417264938354494,
      "path_length": 4.052106621587882,
      "start_to_goal_distance": 3.4196953773498535,
      "steps": 720.0,
      "control_effort": 0.7470591556694772,
      "episode_duration": 24.0,
      "time_to_goal": null
    },
    {
      "episode_return": -21.993514902463282,
      "success": 0.0,
      "collision": 0.0,
      "distance_to_goal": 1.0396565198898315,
      "route_line_lateral_error": 0.8403583765029907,
      "route_progress_ratio": 0.8380741089822541,
      "min_obstacle_distance": 0.6233267188072205,
      "min_clearance": 0.2733267188072205,
      "path_length": 4.502469045604812,
      "start_to_goal_distance": 3.780210494995117,
      "steps": 720.0,
      "control_effort": 0.7306661450200611,
      "episode_duration": 24.0,
      "time_to_goal": null
    },
    {
      "episode_return": -25.918158524566415,
      "success": 0.0,
      "collision": 0.0,
      "distance_to_goal": 1.1050904989242554,
      "route_line_lateral_error": 1.005277156829834,
      "route_progress_ratio": 0.8797700843602778,
      "min_obstacle_distance": 1.022562861442566,
      "min_clearance": 0.6725628614425659,
      "path_length": 4.438559720059857,
      "start_to_goal_distance": 3.8173413276672363,
      "steps": 720.0,
      "control_effort": 0.7205615137186315,
      "episode_duration": 24.0,
      "time_to_goal": null
    },
    {
      "episode_return": -59.734621215592995,
      "success": 0.0,
      "collision": 0.0,
      "distance_to_goal": 0.9504649639129639,
      "route_line_lateral_error": 0.09738696366548538,
      "route_progress_ratio": 0.7246785683241397,
      "min_obstacle_distance": 0.45982542634010315,
      "min_clearance": 0.10982542634010317,
      "path_length": 3.9267224590003025,
      "start_to_goal_distance": 3.4340314865112305,
      "steps": 720.0,
      "control_effort": 0.7563968013558123,
      "episode_duration": 24.0,
      "time_to_goal": null
    },
    {
      "episode_return": -47.804908029732765,
      "success": 0.0,
      "collision": 1.0,
      "distance_to_goal": 2.5252835750579834,
      "route_line_lateral_error": 0.5820136070251465,
      "route_progress_ratio": 0.335628114971161,
      "min_obstacle_distance": 0.34904855489730835,
      "min_clearance": -0.0009514451026916282,
      "path_length": 1.404850901075406,
      "start_to_goal_distance": 3.6986794471740723,
      "steps": 172.0,
      "control_effort": 0.7467830957368363,
      "episode_duration": 5.733333333333333,
      "time_to_goal": null
    },
    {
      "episode_return": -65.95371358274912,
      "success": 0.0,
      "collision": 0.0,
      "distance_to_goal": 1.7795380353927612,
      "route_line_lateral_error": 0.41805192828178406,
      "route_progress_ratio": 0.5579981174664388,
      "min_obstacle_distance": 0.7231560945510864,
      "min_clearance": 0.37315609455108645,
      "path_length": 3.5133894512837287,
      "start_to_goal_distance": 3.913414478302002,
      "steps": 720.0,
      "control_effort": 0.7574921673370733,
      "episode_duration": 24.0,
      "time_to_goal": null
    },
    {
      "episode_return": -161.14944530921878,
      "success": 0.0,
      "collision": 0.0,
      "distance_to_goal": 1.3432250022888184,
      "route_line_lateral_error": 0.5396345853805542,
      "route_progress_ratio": 0.6827924717113693,
      "min_obstacle_distance": 0.3717428147792816,
      "min_clearance": 0.02174281477928164,
      "path_length": 4.159782182468916,
      "start_to_goal_distance": 3.8777763843536377,
      "steps": 720.0,
      "control_effort": 0.7375923244489564,
      "episode_duration": 24.0,
      "time_to_goal": null
    },
    {
      "episode_return": -53.09252273996405,
      "success": 0.0,
      "collision": 0.0,
      "distance_to_goal": 1.329683780670166,
      "route_line_lateral_error": 1.118571400642395,
      "route_progress_ratio": 0.8084967732028177,
      "min_obstacle_distance": 0.5099344253540039,
      "min_clearance": 0.15993442535400393,
      "path_length": 4.419439496996347,
      "start_to_goal_distance": 3.7541279792785645,
      "steps": 720.0,
      "control_effort": 0.7405212875869539,
      "episode_duration": 24.0,
      "time_to_goal": null
    },
    {
      "episode_return": -42.262572104823676,
      "success": 0.0,
      "collision": 0.0,
      "distance_to_goal": 1.3541841506958008,
      "route_line_lateral_error": 0.28794026374816895,
      "route_progress_ratio": 0.6944316404959587,