{
  "summary": {
    "train_episode": 120,
    "stage_index": 2,
    "stage_name": "bridge_entry",
    "stage_episode": 40,
    "stage_eval_index": 2,
    "stage_target_hit": 0.0,
    "stage_success_streak": 0,
    "stage_best_success_rate": 1.0,
    "stage_best_collision_rate": 0.0,
    "stage_best_avg_return": 103.71904754638672,
    "stage_bad_eval_streak": 0,
    "stage_regression_active": 1.0,
    "stage_regression_bad_eval": 0.0,
    "stage_regression_absolute_drop": 0.0,
    "stage_regression_relative_drop": 0.0,
    "stage_regression_detected": 0.0,
    "stage_rollback_applied": 0.0,
    "stage_plateau_recovery_applied": 0.0,
    "num_episodes": 12,
    "success_rate": 1.0,
    "collision_rate": 0.0,
    "avg_episode_return": 103.7022933959961,
    "avg_path_length": 1.2226251363754272,
    "avg_episode_duration": 5.108333110809326,
    "avg_time_to_goal": 5.108333110809326,
    "avg_distance_to_goal": 0.996861457824707,
    "avg_route_line_lateral_error": 0.2457081824541092,
    "avg_min_obstacle_distance": 2.5946309566497803,
    "avg_min_clearance": 2.244631290435791,
    "avg_control_effort": 0.7103819847106934,
    "avg_path_efficiency": 1.0,
    "avg_steps": 153.25,
    "best_distance_to_goal": 0.9945549964904785,
    "best_route_line_lateral_error": 0.128602996468544,
    "best_episode_return": 108.75445556640625,
    "deterministic": 1.0,
    "seed_offset": 100000
  },
  "episodes": [
    {
      "episode_return": 104.75808384448287,
      "success": 1.0,
      "collision": 0.0,
      "distance_to_goal": 0.9974888563156128,
      "route_line_lateral_error": 0.24811850488185883,
      "route_progress_ratio": 0.5695999727247613,
      "min_obstacle_distance": 2.582747220993042,
      "min_clearance": 2.232747220993042,
      "path_length": 1.3159065755899064,
      "start_to_goal_distance": 2.2447426319122314,
      "steps": 163.0,
      "control_effort": 0.7103821627932824,
      "episode_duration": 5.433333333333334,
      "time_to_goal": 5.433333333333334
    },
    {
      "episode_return": 100.68652599364518,
      "success": 1.0,
      "collision": 0.0,
      "distance_to_goal": 0.9957380890846252,
      "route_line_lateral_error": 0.22333617508411407,
      "route_progress_ratio": 0.47660951709311195,
      "min_obstacle_distance": 3.0970377922058105,
      "min_clearance": 2.7470377922058105,
      "path_length": 0.925224837497808,
      "start_to_goal_distance": 1.8540050983428955,
      "steps": 119.0,
      "control_effort": 0.710383390679079,
      "episode_duration": 3.966666666666667,
      "time_to_goal": 3.966666666666667
    },
    {
      "episode_return": 102.89666338086128,
      "success": 1.0,
      "collision": 0.0,
      "distance_to_goal": 0.9950616359710693,
      "route_line_lateral_error": 0.19677206873893738,
      "route_progress_ratio": 0.5260008939677338,
      "min_obstacle_distance": 3.1909432411193848,
      "min_clearance": 2.8409432411193847,
      "path_length": 1.1131327176117338,
      "start_to_goal_distance": 2.0578346252441406,
      "steps": 137.0,
      "control_effort": 0.710383197686968,
      "episode_duration": 4.566666666666666,
      "time_to_goal": 4.566666666666666
    },
    {
      "episode_return": 100.57922549635168,
      "success": 1.0,
      "collision": 0.0,
      "distance_to_goal": 0.999481201171875,
      "route_line_lateral_error": 0.16391490399837494,
      "route_progress_ratio": 0.4621108064861445,
      "min_obstacle_distance": 2.355509042739868,
      "min_clearance": 2.005509042739868,
      "path_length": 0.8722636955208145,
      "start_to_goal_distance": 1.832995891571045,
      "steps": 105.0,
      "control_effort": 0.7103824541682289,
      "episode_duration": 3.5,
      "time_to_goal": 3.5
    },
    {
      "episode_return": 104.5001952928305,
      "success": 1.0,
      "collision": 0.0,
      "distance_to_goal": 0.9984534382820129,
      "route_line_lateral_error": 0.2531541883945465,
      "route_progress_ratio": 0.5648836697979279,
      "min_obstacle_distance": 2.259582996368408,
      "min_clearance": 1.9095829963684081,
      "path_length": 1.292643785418477,
      "start_to_goal_distance": 2.2196991443634033,
      "steps": 159.0,
      "control_effort": 0.7103813586744873,
      "episode_duration": 5.3,
      "time_to_goal": 5.3
    },
    {
      "episode_return": 104.65037832379343,
      "success": 1.0,
      "collision": 0.0,
      "distance_to_goal": 0.9946584105491638,
      "route_line_lateral_error": 0.3608703911304474,
      "route_progress_ratio": 0.5853220700091487,
      "min_obstacle_distance": 2.9202210903167725,
      "min_clearance": 2.5702210903167724,
      "path_length": 1.376775482262019,
      "start_to_goal_distance": 2.2351953983306885,
      "steps": 165.0,
      "control_effort": 0.7103824601028905,
      "episode_duration": 5.5,
      "time_to_goal": 5.5
    },
    {
      "episode_return": 100.67058805495499,
      "success": 1.0,
      "collision": 0.0,
      "distance_to_goal": 0.9991428256034851,
      "route_line_lateral_error": 0.128602996468544,
      "route_progress_ratio": 0.4632307222364298,
      "min_obstacle_distance": 2.710411310195923,
      "min_clearance": 2.3604113101959228,
      "path_length": 0.8726890727994032,
      "start_to_goal_distance": 1.8459177017211914,
      "steps": 110.0,
      "control_effort": 0.7103826517408545,
      "episode_duration": 3.6666666666666665,
      "time_to_goal": 3.6666666666666665
    },
    {
      "episode_return": 103.29798322290183,
      "success": 1.0,
      "collision": 0.0,
      "distance_to_goal": 0.9975625872612,
      "route_line_lateral_error": 0.2388131320476532,
      "route_progress_ratio": 0.5418607620032736,
      "min_obstacle_distance": 2.362126350402832,
      "min_clearance": 2.012126350402832,
      "path_length": 1.183284347585868,
      "start_to_goal_distance": 2.1141066551208496,
      "steps": 155.0,
      "control_effort": 0.7103814082760964,
      "episode_duration": 5.166666666666667,
      "time_to_goal": 5.166666666666667
    },
    {
      "episode_return": 105.33957430094478,
      "success": 1.0,
      "collision": 0.0,
      "distance_to_goal": 0.9965625405311584,
      "route_line_lateral_error": 0.2549656927585602,
      "route_progress_ratio": 0.581370908563861,
      "min_obstacle_distance": 2.304241418838501,
      "min_clearance": 1.9542414188385009,
      "path_length": 1.3805822334834374,
      "start_to_goal_distance": 2.3013083934783936,
      "steps": 171.0,
      "control_effort": 0.7103812098503113,
      "episode_duration": 5.7,
      "time_to_goal": 5.7
    },
    {
      "episode_return": 104.74751600414517,
      "success": 1.0,
      "collision": 0.0,
      "distance_to_goal": 0.9945549964904785,
      "route_line_lateral_error": 0.23026329278945923,
      "route_progress_ratio": 0.5688965579075831,
      "min_obstacle_distance": 2.6688921451568604,
      "min_clearance": 2.3188921451568603,
      "path_length": 1.3144823008333333,
      "start_to_goal_distance": 2.2443161010742188,
      "steps": 166.0,
      "control_effort": 0.7103822299514908,
      "episode_duration": 5.533333333333333,
      "time_to_goal": 5.533333333333333
    },
    {
      "episode_return": 103.54610585570336,
      "success": 1.0,
      "collision": 0.0,
      "distance_to_goal": 0.995469868183136,
      "route_line_lateral_error": 0.32428309321403503,
      "route_progress_ratio": 0.5600914418268574,
      "min_obstacle_distance": 2.294419050216675,
      "min_clearance": 1.9444190502166747,
      "path_length": 1.2574856533901766,
      "start_to_goal_distance": 2.1394667625427246,
      "steps": 161.0,
      "control_effort": 0.7103812131822479,
      "episode_duration": 5.366666666666666,
      "time_to_goal": 5.366666666666666
    },
    {
      "episode_return": 108.75445797532797,
      "success": 1.0,
      "collision": 0.0,
      "distance_to_goal": 0.9981632828712463,
      "route_line_lateral_error": 0.3254036009311676,