{
  "episode_return": -95.37138583886949,
  "success": 0.0,
  "collision": 0.0,
  "distance_to_goal": 2.459214925765991,
  "route_line_lateral_error": 1.7180339097976685,
  "route_progress_ratio": 0.550373917467048,
  "min_obstacle_distance": 0.8312908411026001,
  "min_clearance": 0.4812908411026001,
  "path_length": 2.8128530368705924,
  "start_to_goal_distance": 3.913414478302002,
  "steps": 720.0,
  "control_effort": 0.8197461447781986,
  "episode_duration": 24.0,
  "time_to_goal": null
}