{
  "summary": {
    "train_episode": 1000,
    "stage_index": 8,
    "stage_name": "target_bypass_commit_v2",
    "stage_episode": 20,
    "stage_eval_index": 11,
    "stage_target_hit": 0.0,
    "stage_success_streak": 0,
    "stage_best_success_rate": 0.4166666567325592,
    "stage_best_collision_rate": 0.1666666716337204,
    "stage_best_avg_return": 10.393216133117676,
    "stage_bad_eval_streak": 1,
    "stage_regression_active": 1.0,
    "stage_regression_bad_eval": 1.0,
    "stage_regression_absolute_drop": 0.4166666567325592,
    "stage_regression_relative_drop": 1.0,
    "stage_regression_detected": 1.0,
    "stage_rollback_applied": 0.0,
    "stage_plateau_recovery_applied": 0.0,
    "num_episodes": 12,
    "success_rate": 0.0,
    "collision_rate": 0.0833333358168602,
    "avg_episode_return": -65.97267150878906,
    "avg_path_length": 3.690835952758789,
    "avg_episode_duration": 23.524999618530273,
    "avg_time_to_goal": 0.0,
    "avg_distance_to_goal": 1.7773641347885132,
    "avg_route_line_lateral_error": 1.6260827779769897,
    "avg_min_obstacle_distance": 0.663032054901123,
    "avg_min_clearance": 0.3130320906639099,
    "avg_control_effort": 0.614793062210083,
    "avg_path_efficiency": 0.0,
    "avg_steps": 705.75,
    "best_distance_to_goal": 1.144060730934143,
    "best_route_line_lateral_error": 1.0218979120254517,
    "best_episode_return": -27.50839614868164,
    "deterministic": 1.0,
    "seed_offset": 100000
  },
  "episodes": [
    {
      "episode_return": -45.762909426636725,
      "success": 0.0,
      "collision": 0.0,
      "distance_to_goal": 1.5222488641738892,
      "route_line_lateral_error": 1.3415005207061768,
      "route_progress_ratio": 0.8118549781598347,
      "min_obstacle_distance": 0.9153740406036377,
      "min_clearance": 0.5653740406036377,
      "path_length": 3.5526013698909082,
      "start_to_goal_distance": 3.8239474296569824,
      "steps": 720.0,
      "control_effort": 0.5976363962723149,
      "episode_duration": 24.0,
      "time_to_goal": null
    },
    {
      "episode_return": -75.19506439502544,
      "success": 0.0,
      "collision": 0.0,
      "distance_to_goal": 1.5046601295471191,
      "route_line_lateral_error": 1.4083069562911987,
      "route_progress_ratio": 0.8465673378939252,
      "min_obstacle_distance": 0.5009061694145203,
      "min_clearance": 0.15090616941452029,
      "path_length": 3.5720694124902366,
      "start_to_goal_distance": 3.4528915882110596,
      "steps": 720.0,
      "control_effort": 0.5967783583535089,
      "episode_duration": 24.0,
      "time_to_goal": null
    },
    {
      "episode_return": -59.81539929092469,
      "success": 0.0,
      "collision": 0.0,
      "distance_to_goal": 1.3853776454925537,
      "route_line_lateral_error": 1.26763916015625,
      "route_progress_ratio": 0.8461474445099525,
      "min_obstacle_distance": 0.5142629742622375,
      "min_clearance": 0.16426297426223757,
      "path_length": 3.5386768943208153,
      "start_to_goal_distance": 3.632657766342163,
      "steps": 720.0,
      "control_effort": 0.5896038913892375,
      "episode_duration": 24.0,
      "time_to_goal": null
    },
    {
      "episode_return": -83.05756195897177,
      "success": 0.0,
      "collision": 1.0,
      "distance_to_goal": 2.136801242828369,
      "route_line_lateral_error": 1.9770914316177368,
      "route_progress_ratio": 0.762969208774418,
      "min_obstacle_distance": 0.34788304567337036,
      "min_clearance": -0.0021169543266296165,
      "path_length": 3.3893617909670866,
      "start_to_goal_distance": 3.4196953773498535,
      "steps": 549.0,
      "control_effort": 0.6499833927128484,
      "episode_duration": 18.3,
      "time_to_goal": null
    },
    {
      "episode_return": -85.35419881908336,
      "success": 0.0,
      "collision": 0.0,
      "distance_to_goal": 2.186028003692627,
      "route_line_lateral_error": 2.0049889087677,
      "route_progress_ratio": 0.7695747782830681,
      "min_obstacle_distance": 0.6696297526359558,
      "min_clearance": 0.31962975263595583,
      "path_length": 3.6557767767226323,
      "start_to_goal_distance": 3.780210494995117,
      "steps": 720.0,
      "control_effort": 0.6502977022694216,
      "episode_duration": 24.0,
      "time_to_goal": null
    },
    {
      "episode_return": -96.9631729152558,
      "success": 0.0,
      "collision": 0.0,
      "distance_to_goal": 1.9646965265274048,
      "route_line_lateral_error": 1.8985837697982788,
      "route_progress_ratio": 0.8676084513921288,
      "min_obstacle_distance": 0.5270951986312866,
      "min_clearance": 0.17709519863128664,
      "path_length": 4.019085827778326,
      "start_to_goal_distance": 3.8173413276672363,
      "steps": 720.0,
      "control_effort": 0.6349346077276601,
      "episode_duration": 24.0,
      "time_to_goal": null
    },
    {
      "episode_return": -90.53182130180011,
      "success": 0.0,
      "collision": 0.0,
      "distance_to_goal": 2.0852627754211426,
      "route_line_lateral_error": 2.042630195617676,
      "route_progress_ratio": 0.8778393698364522,
      "min_obstacle_distance": 0.6767035126686096,
      "min_clearance": 0.32670351266860964,
      "path_length": 3.8167852136830334,
      "start_to_goal_distance": 3.4340314865112305,
      "steps": 720.0,
      "control_effort": 0.6258522639671962,
      "episode_duration": 24.0,
      "time_to_goal": null
    },
    {
      "episode_return": -27.50839534454013,
      "success": 0.0,
      "collision": 0.0,
      "distance_to_goal": 1.144060730934143,
      "route_line_lateral_error": 1.0218979120254517,
      "route_progress_ratio": 0.8609254614047507,
      "min_obstacle_distance": 0.937704861164093,
      "min_clearance": 0.587704861164093,
      "path_length": 3.713343868534139,
      "start_to_goal_distance": 3.6986794471740723,
      "steps": 720.0,
      "control_effort": 0.5975194055587053,
      "episode_duration": 24.0,
      "time_to_goal": null
    },
    {
      "episode_return": -56.7320765016446,
      "success": 0.0,
      "collision": 0.0,
      "distance_to_goal": 1.7116950750350952,
      "route_line_lateral_error": 1.4945528507232666,
      "route_progress_ratio": 0.7867863811795383,
      "min_obstacle_distance": 0.5526306629180908,
      "min_clearance": 0.20263066291809084,
      "path_length": 3.5946246328130655,
      "start_to_goal_distance": 3.913414478302002,
      "steps": 720.0,
      "control_effort": 0.5967234052717686,
      "episode_duration": 24.0,
      "time_to_goal": null
    },
    {
      "episode_return": -40.34461757830723,
      "success": 0.0,
      "collision": 0.0,
      "distance_to_goal": 1.466308832168579,
      "route_line_lateral_error": 1.2263766527175903,
      "route_progress_ratio": 0.7927215795951114,
      "min_obstacle_distance": 0.6990874409675598,
      "min_clearance": 0.34908744096755984,
      "path_length": 3.529083626664942,
      "start_to_goal_distance": 3.8777763843536377,
      "steps": 720.0,
      "control_effort": 0.5982258867886331,
      "episode_duration": 24.0,
      "time_to_goal": null
    },
    {
      "episode_return": -47.56454408227047,
      "success": 0.0,
      "collision": 0.0,
      "distance_to_goal": 1.5325456857681274,
      "route_line_lateral_error": 1.4353704452514648,
      "route_progress_ratio": 0.8569478229137466,
      "min_obstacle_distance": 0.8193336725234985,
      "min_clearance": 0.46933367252349856,
      "path_length": 3.8153679902025033,
      "start_to_goal_distance": 3.7541279792785645,
      "steps": 720.0,
      "control_effort": 0.5883790177603563,
      "episode_duration": 24.0,
      "time_to_goal": null
    },
    {
      "episode_return": -82.84235935687794,
      "success": 0.0,
      "collision": 0.0,
      "distance_to_goal": 2.688685417175293,
      "route_line_lateral_error": 2.3940553665161133,
      "route_progress_ratio": 0.7174049155416565,
      "min_obstacle_distance": 0.7957736849784851,