{
  "summary": {
    "train_episode": 860,
    "stage_index": 8,
    "stage_name": "target_bypass_commit_v2",
    "stage_episode": 80,
    "stage_eval_index": 4,
    "stage_target_hit": 0.0,
    "stage_success_streak": 0,
    "stage_best_success_rate": 0.4166666567325592,
    "stage_best_collision_rate": 0.1666666716337204,
    "stage_best_avg_return": 10.393216133117676,
    "stage_bad_eval_streak": 0,
    "stage_regression_active": 1.0,
    "stage_regression_bad_eval": 0.0,
    "stage_regression_absolute_drop": 0.0,
    "stage_regression_relative_drop": 0.0,
    "stage_regression_detected": 0.0,
    "stage_rollback_applied": 0.0,
    "stage_plateau_recovery_applied": 1.0,
    "num_episodes": 12,
    "success_rate": 0.4166666567325592,
    "collision_rate": 0.25,
    "avg_episode_return": 12.636714935302734,
    "avg_path_length": 3.678257703781128,
    "avg_episode_duration": 21.130556106567383,
    "avg_time_to_goal": 21.54666519165039,
    "avg_distance_to_goal": 0.9791445136070251,
    "avg_route_line_lateral_error": 0.41877055168151855,
    "avg_min_obstacle_distance": 0.6012340188026428,
    "avg_min_clearance": 0.2512339949607849,
    "avg_control_effort": 0.6593213677406311,
    "avg_path_efficiency": 0.4005349576473236,
    "avg_steps": 633.9166870117188,
    "best_distance_to_goal": 0.7368896007537842,
    "best_route_line_lateral_error": 0.08934226632118225,
    "best_episode_return": 140.3953399658203,
    "deterministic": 1.0,
    "seed_offset": 100000
  },
  "episodes": [
    {
      "episode_return": 135.49903949104336,
      "success": 1.0,
      "collision": 0.0,
      "distance_to_goal": 0.7368896007537842,
      "route_line_lateral_error": 0.34219807386398315,
      "route_progress_ratio": 0.8293347793269795,
      "min_obstacle_distance": 1.1159720420837402,
      "min_clearance": 0.7659720420837403,
      "path_length": 4.0692288123536855,
      "start_to_goal_distance": 3.8239474296569824,
      "steps": 668.0,
      "control_effort": 0.654084668188038,
      "episode_duration": 22.266666666666666,
      "time_to_goal": 22.266666666666666
    },
    {
      "episode_return": -37.06447384952383,
      "success": 0.0,
      "collision": 1.0,
      "distance_to_goal": 1.3839893341064453,
      "route_line_lateral_error": 0.7988423109054565,
      "route_progress_ratio": 0.6726896925159971,
      "min_obstacle_distance": 0.3479785919189453,
      "min_clearance": -0.0020214080810546653,
      "path_length": 2.7751163506763987,
      "start_to_goal_distance": 3.4528915882110596,
      "steps": 433.0,
      "control_effort": 0.6119591274382611,
      "episode_duration": 14.433333333333334,
      "time_to_goal": null
    },
    {
      "episode_return": 131.2430932781799,
      "success": 1.0,
      "collision": 0.0,
      "distance_to_goal": 0.7387745380401611,
      "route_line_lateral_error": 0.08934226632118225,
      "route_progress_ratio": 0.7981224129918273,
      "min_obstacle_distance": 0.5811401009559631,
      "min_clearance": 0.23114010095596316,
      "path_length": 3.7551841599633917,
      "start_to_goal_distance": 3.632657766342163,
      "steps": 639.0,
      "control_effort": 0.6552558377128624,
      "episode_duration": 21.3,
      "time_to_goal": 21.3
    },
    {
      "episode_return": -159.22463835811436,
      "success": 0.0,
      "collision": 1.0,
      "distance_to_goal": 0.8842180967330933,
      "route_line_lateral_error": 0.5523965954780579,
      "route_progress_ratio": 0.7981007362212811,
      "min_obstacle_distance": 0.3476127088069916,
      "min_clearance": -0.0023872911930084006,
      "path_length": 3.543524639968382,
      "start_to_goal_distance": 3.4196953773498535,
      "steps": 648.0,
      "control_effort": 0.6858990770063282,
      "episode_duration": 21.6,
      "time_to_goal": null
    },
    {
      "episode_return": -177.9227646363502,
      "success": 0.0,
      "collision": 0.0,
      "distance_to_goal": 1.0832387208938599,
      "route_line_lateral_error": 0.22922185063362122,
      "route_progress_ratio": 0.7199340008345447,
      "min_obstacle_distance": 0.367722749710083,
      "min_clearance": 0.01772274971008303,
      "path_length": 3.8605205977801234,
      "start_to_goal_distance": 3.780210494995117,
      "steps": 720.0,
      "control_effort": 0.7028646241459582,
      "episode_duration": 24.0,
      "time_to_goal": null
    },
    {
      "episode_return": -73.25908378753928,
      "success": 0.0,
      "collision": 1.0,
      "distance_to_goal": 1.799891710281372,
      "route_line_lateral_error": 0.7220773100852966,
      "route_progress_ratio": 0.5681022341389624,
      "min_obstacle_distance": 0.3451876938343048,
      "min_clearance": -0.004812306165695168,
      "path_length": 2.6042343940971477,
      "start_to_goal_distance": 3.8173413276672363,
      "steps": 414.0,
      "control_effort": 0.606559701875788,
      "episode_duration": 13.8,
      "time_to_goal": null
    },
    {
      "episode_return": -32.92956260806691,
      "success": 0.0,
      "collision": 0.0,
      "distance_to_goal": 0.7489709258079529,
      "route_line_lateral_error": 0.332538902759552,
      "route_progress_ratio": 0.8045736095686482,
      "min_obstacle_distance": 0.5228321552276611,
      "min_clearance": 0.17283215522766116,
      "path_length": 3.654471952584572,
      "start_to_goal_distance": 3.4340314865112305,
      "steps": 720.0,
      "control_effort": 0.6942762620747089,
      "episode_duration": 24.0,
      "time_to_goal": null
    },
    {
      "episode_return": 140.39534056835538,
      "success": 1.0,
      "collision": 0.0,
      "distance_to_goal": 0.7390103936195374,
      "route_line_lateral_error": 0.3770454525947571,
      "route_progress_ratio": 0.8281579533958608,
      "min_obstacle_distance": 0.9129067063331604,
      "min_clearance": 0.5629067063331604,
      "path_length": 3.636721097951522,
      "start_to_goal_distance": 3.6986794471740723,
      "steps": 606.0,
      "control_effort": 0.6270347769701048,
      "episode_duration": 20.2,
      "time_to_goal": 20.2
    },
    {
      "episode_return": -33.49547817246708,
      "success": 0.0,
      "collision": 0.0,
      "distance_to_goal": 0.8653284311294556,
      "route_line_lateral_error": 0.36345478892326355,
      "route_progress_ratio": 0.7993315482772381,
      "min_obstacle_distance": 0.47193777561187744,
      "min_clearance": 0.12193777561187746,
      "path_length": 4.067590877471957,
      "start_to_goal_distance": 3.913414478302002,
      "steps": 720.0,
      "control_effort": 0.7021143381794294,
      "episode_duration": 24.0,
      "time_to_goal": null
    },
    {
      "episode_return": 137.31500713901593,
      "success": 1.0,
      "collision": 0.0,
      "distance_to_goal": 0.73921799659729,
      "route_line_lateral_error": 0.2848328948020935,
      "route_progress_ratio": 0.8240901866898074,
      "min_obstacle_distance": 1.0527740716934204,
      "min_clearance": 0.7027740716934204,
      "path_length": 4.092387642129324,
      "start_to_goal_distance": 3.8777763843536377,
      "steps": 675.0,
      "control_effort": 0.6718391500578986,
      "episode_duration": 22.5,
      "time_to_goal": 22.5
    },
    {
      "episode_return": 133.97118024676473,
      "success": 1.0,
      "collision": 0.0,
      "distance_to_goal": 0.7386713624000549,
      "route_line_lateral_error": 0.4417237341403961,
      "route_progress_ratio": 0.8422952969378673,
      "min_obstacle_distance": 0.5539798140525818,
      "min_clearance": 0.2039798140525818,
      "path_length": 3.9443781462614425,
      "start_to_goal_distance": 3.7541279792785645,
      "steps": 644.0,
      "control_effort": 0.6250372640094402,
      "episode_duration": 21.466666666666665,
      "time_to_goal": 21.466666666666665
    },
    {
      "episode_return": -12.887053858532543,
      "success": 0.0,
      "collision": 0.0,
      "distance_to_goal": 1.2915326356887817,
      "route_line_lateral_error": 0.49157261848449707,