{
  "episode_return": -35.77586423983938,
  "success": 0.0,
  "collision": 0.0,
  "distance_to_goal": 1.2524548768997192,
  "route_line_lateral_error": 1.0802443027496338,
  "route_progress_ratio": 0.8172889482134731,
  "min_obstacle_distance": 0.967143714427948,
  "min_clearance": 0.617143714427948,
  "path_length": 3.577710341953207,
  "start_to_goal_distance": 3.468921422958374,
  "steps": 680.0,
  "control_effort": 0.5469395282513955,
  "episode_duration": 22.666666666666668,
  "time_to_goal": null
}