{
  "episode_return": 141.93883738299039,
  "success": 1.0,
  "collision": 0.0,
  "distance_to_goal": 0.8975316286087036,
  "route_line_lateral_error": 0.4661949574947357,
  "route_progress_ratio": 0.7743785455248867,
  "min_obstacle_distance": 0.5842076539993286,
  "min_clearance": 0.23420765399932864,
  "path_length": 2.7860441621378413,
  "start_to_goal_distance": 3.399315357208252,
  "steps": 395.0,
  "control_effort": 0.6688803929316847,
  "episode_duration": 13.166666666666666,
  "time_to_goal": 13.166666666666666
}