{
  "summary": {
    "train_episode": 80,
    "stage_index": 1,
    "stage_name": "corridor_dash",
    "stage_episode": 60,
    "stage_eval_index": 3,
    "stage_target_hit": 1.0,
    "stage_success_streak": 2,
    "stage_best_success_rate": 1.0,
    "stage_best_collision_rate": 0.0,
    "stage_best_avg_return": 87.70075225830078,
    "stage_bad_eval_streak": 0,
    "stage_regression_active": 1.0,
    "stage_regression_bad_eval": 0.0,
    "stage_regression_absolute_drop": 0.0,
    "stage_regression_relative_drop": 0.0,
    "stage_regression_detected": 0.0,
    "stage_rollback_applied": 0.0,
    "stage_plateau_recovery_applied": 0.0,
    "num_episodes": 12,
    "success_rate": 1.0,
    "collision_rate": 0.0,
    "avg_episode_return": 87.6295394897461,
    "avg_path_length": 0.5839303731918335,
    "avg_episode_duration": 2.6083333492279053,
    "avg_time_to_goal": 2.6083333492279053,
    "avg_distance_to_goal": 1.096176266670227,
    "avg_route_line_lateral_error": 0.0643462985754013,
    "avg_min_obstacle_distance": 3.1204586029052734,
    "avg_min_clearance": 2.770458936691284,
    "avg_control_effort": 0.6840205788612366,
    "avg_path_efficiency": 1.0,
    "avg_steps": 78.25,
    "best_distance_to_goal": 1.0918729305267334,
    "best_route_line_lateral_error": 0.017979085445404053,
    "best_episode_return": 94.88092041015625,
    "deterministic": 1.0,
    "seed_offset": 100000
  },
  "episodes": [
    {
      "episode_return": 90.38380868664393,
      "success": 1.0,
      "collision": 0.0,
      "distance_to_goal": 1.0965721607208252,
      "route_line_lateral_error": 0.0521426796913147,
      "route_progress_ratio": 0.37901940134157847,
      "min_obstacle_distance": 3.179382562637329,
      "min_clearance": 2.829382562637329,
      "path_length": 0.6777745887375204,
      "start_to_goal_distance": 1.7638744115829468,
      "steps": 84.0,
      "control_effort": 0.6840207711571739,
      "episode_duration": 2.8,
      "time_to_goal": 2.8
    },
    {
      "episode_return": 80.16341643086189,
      "success": 1.0,
      "collision": 0.0,
      "distance_to_goal": 1.094167947769165,
      "route_line_lateral_error": 0.02409520000219345,
      "route_progress_ratio": 0.20372986941313576,
      "min_obstacle_distance": 3.6355793476104736,
      "min_clearance": 3.2855793476104735,
      "path_length": 0.287611675739754,
      "start_to_goal_distance": 1.3737833499908447,
      "steps": 44.0,
      "control_effort": 0.6840213279832493,
      "episode_duration": 1.4666666666666666,
      "time_to_goal": 1.4666666666666666
    },
    {
      "episode_return": 88.34974085941516,
      "success": 1.0,
      "collision": 0.0,
      "distance_to_goal": 1.0947837829589844,
      "route_line_lateral_error": 0.08324116468429565,
      "route_progress_ratio": 0.30804313347162204,
      "min_obstacle_distance": 3.5068602561950684,
      "min_clearance": 3.1568602561950683,
      "path_length": 0.5014611686638091,
      "start_to_goal_distance": 1.5775760412216187,
      "steps": 70.0,
      "control_effort": 0.6840212319578444,
      "episode_duration": 2.3333333333333335,
      "time_to_goal": 2.3333333333333335
    },
    {
      "episode_return": 79.32511503972276,
      "success": 1.0,
      "collision": 0.0,
      "distance_to_goal": 1.0989258289337158,
      "route_line_lateral_error": 0.025721993297338486,
      "route_progress_ratio": 0.18765535125834573,
      "min_obstacle_distance": 2.398545980453491,
      "min_clearance": 2.048545980453491,
      "path_length": 0.2611613753979327,
      "start_to_goal_distance": 1.3524121046066284,
      "steps": 42.0,
      "control_effort": 0.6840197018214634,
      "episode_duration": 1.4,
      "time_to_goal": 1.4
    },
    {
      "episode_return": 90.09185463950524,
      "success": 1.0,
      "collision": 0.0,
      "distance_to_goal": 1.0991036891937256,
      "route_line_lateral_error": 0.07768245786428452,
      "route_progress_ratio": 0.3697869256237174,
      "min_obstacle_distance": 3.274308681488037,
      "min_clearance": 2.924308681488037,
      "path_length": 0.6551428245438728,
      "start_to_goal_distance": 1.7396578788757324,
      "steps": 84.0,
      "control_effort": 0.6840210088661739,
      "episode_duration": 2.8,
      "time_to_goal": 2.8
    },
    {
      "episode_return": 90.3368412110899,
      "success": 1.0,
      "collision": 0.0,
      "distance_to_goal": 1.0918729305267334,
      "route_line_lateral_error": 0.14222906529903412,
      "route_progress_ratio": 0.38298206784561056,
      "min_obstacle_distance": 3.240917921066284,
      "min_clearance": 2.890917921066284,
      "path_length": 0.6971232434007106,
      "start_to_goal_distance": 1.7545193433761597,
      "steps": 90.0,
      "control_effort": 0.6840206901232402,
      "episode_duration": 3.0,
      "time_to_goal": 3.0
    },
    {
      "episode_return": 78.40499636699556,
      "success": 1.0,
      "collision": 0.0,
      "distance_to_goal": 1.0986043214797974,
      "route_line_lateral_error": 0.017979085445404053,
      "route_progress_ratio": 0.19548430053045757,
      "min_obstacle_distance": 2.7417385578155518,
      "min_clearance": 2.3917385578155517,
      "path_length": 0.2745314766798401,
      "start_to_goal_distance": 1.3653645515441895,
      "steps": 38.0,
      "control_effort": 0.6840205725870634,
      "episode_duration": 1.2666666666666666,
      "time_to_goal": 1.2666666666666666
    },
    {
      "episode_return": 88.93980290230381,
      "success": 1.0,
      "collision": 0.0,
      "distance_to_goal": 1.0957635641098022,
      "route_line_lateral_error": 0.05386883392930031,
      "route_progress_ratio": 0.3298633488071497,
      "min_obstacle_distance": 2.551893949508667,
      "min_clearance": 2.201893949508667,
      "path_length": 0.5508771173044806,
      "start_to_goal_distance": 1.6331573724746704,
      "steps": 75.0,
      "control_effort": 0.6840199653307597,
      "episode_duration": 2.5,
      "time_to_goal": 2.5
    },
    {
      "episode_return": 91.01335897068893,
      "success": 1.0,
      "collision": 0.0,
      "distance_to_goal": 1.0966449975967407,
      "route_line_lateral_error": 0.06710394471883774,
      "route_progress_ratio": 0.39864958102019415,
      "min_obstacle_distance": 3.2915046215057373,
      "min_clearance": 2.941504621505737,
      "path_length": 0.7437959652743302,
      "start_to_goal_distance": 1.8202201128005981,
      "steps": 101.0,
      "control_effort": 0.6840204342757121,
      "episode_duration": 3.3666666666666667,
      "time_to_goal": 3.3666666666666667
    },
    {
      "episode_return": 90.40134038995132,
      "success": 1.0,
      "collision": 0.0,
      "distance_to_goal": 1.0960081815719604,
      "route_line_lateral_error": 0.052604202181100845,
      "route_progress_ratio": 0.37952232727115487,
      "min_obstacle_distance": 3.317244291305542,
      "min_clearance": 2.967244291305542,
      "path_length": 0.6789230721769854,
      "start_to_goal_distance": 1.7643582820892334,
      "steps": 92.0,
      "control_effort": 0.6840205821006194,
      "episode_duration": 3.066666666666667,
      "time_to_goal": 3.066666666666667
    },
    {
      "episode_return": 89.2631711092598,
      "success": 1.0,
      "collision": 0.0,
      "distance_to_goal": 1.093962550163269,
      "route_line_lateral_error": 0.1090359091758728,
      "route_progress_ratio": 0.3440118577685604,
      "min_obstacle_distance": 3.448589324951172,
      "min_clearance": 3.098589324951172,
      "path_length": 0.5912782752711792,
      "start_to_goal_distance": 1.6593517065048218,
      "steps": 79.0,
      "control_effort": 0.6840211794346194,
      "episode_duration": 2.6333333333333333,
      "time_to_goal": 2.6333333333333333
    },
    {
      "episode_return": 94.88092020848649,
      "success": 1.0,
      "collision": 0.0,
      "distance_to_goal": 1.0977038145065308,
      "route_line_lateral_error": 0.0664510726928711,