{
  "episode_return": 109.00840265482665,
  "success": 1.0,
  "collision": 0.0,
  "distance_to_goal": 0.998844563961029,
  "route_line_lateral_error": 0.31475117802619934,
  "route_progress_ratio": 0.6425305387198395,
  "min_obstacle_distance": 2.3336780071258545,
  "min_clearance": 1.9836780071258544,
  "path_length": 1.7570747849240433,
  "start_to_goal_distance": 2.6518542766571045,
  "steps": 209.0,
  "control_effort": 0.7059463134222623,
  "episode_duration": 6.966666666666667,
  "time_to_goal": 6.966666666666667
}