{
  "summary": {
    "train_episode": 1400,
    "stage_index": 8,
    "stage_name": "target_bypass_commit_v2",
    "stage_episode": 420,
    "stage_eval_index": 31,
    "stage_target_hit": 0.0,
    "stage_success_streak": 0,
    "stage_best_success_rate": 0.4166666567325592,
    "stage_best_collision_rate": 0.1666666716337204,
    "stage_best_avg_return": 10.393216133117676,
    "stage_bad_eval_streak": 21,
    "stage_regression_active": 1.0,
    "stage_regression_bad_eval": 1.0,
    "stage_regression_absolute_drop": 0.4166666567325592,
    "stage_regression_relative_drop": 1.0,
    "stage_regression_detected": 1.0,
    "stage_rollback_applied": 0.0,
    "stage_plateau_recovery_applied": 0.0,
    "num_episodes": 12,
    "success_rate": 0.0,
    "collision_rate": 0.0,
    "avg_episode_return": -124.14468383789062,
    "avg_path_length": 3.4551022052764893,
    "avg_episode_duration": 24.0,
    "avg_time_to_goal": 0.0,
    "avg_distance_to_goal": 2.734116792678833,
    "avg_route_line_lateral_error": 2.2476654052734375,
    "avg_min_obstacle_distance": 0.7917179465293884,
    "avg_min_clearance": 0.44171786308288574,
    "avg_control_effort": 0.8109495043754578,
    "avg_path_efficiency": 0.0,
    "avg_steps": 720.0,
    "best_distance_to_goal": 2.3778746128082275,
    "best_route_line_lateral_error": 1.3888397216796875,
    "best_episode_return": -95.37138366699219,
    "deterministic": 1.0,
    "seed_offset": 100000
  },
  "episodes": [
    {
      "episode_return": -120.1258828822003,
      "success": 0.0,
      "collision": 0.0,
      "distance_to_goal": 2.412726879119873,
      "route_line_lateral_error": 1.3940554857254028,
      "route_progress_ratio": 0.48502733808356463,
      "min_obstacle_distance": 0.476841002702713,
      "min_clearance": 0.12684100270271303,
      "path_length": 2.376682762668473,
      "start_to_goal_distance": 3.8239474296569824,
      "steps": 720.0,
      "control_effort": 0.8160646737449699,
      "episode_duration": 24.0,
      "time_to_goal": null
    },
    {
      "episode_return": -116.9522687869006,
      "success": 0.0,
      "collision": 0.0,
      "distance_to_goal": 2.4013707637786865,
      "route_line_lateral_error": 2.1518547534942627,
      "route_progress_ratio": 0.6913076402607096,
      "min_obstacle_distance": 0.7477840185165405,
      "min_clearance": 0.39778401851654055,
      "path_length": 3.2738723493864192,
      "start_to_goal_distance": 3.4528915882110596,
      "steps": 720.0,
      "control_effort": 0.8153025873005391,
      "episode_duration": 24.0,
      "time_to_goal": null
    },
    {
      "episode_return": -102.24530457227425,
      "success": 0.0,
      "collision": 0.0,
      "distance_to_goal": 2.3778746128082275,
      "route_line_lateral_error": 1.6945579051971436,
      "route_progress_ratio": 0.5407877257141762,
      "min_obstacle_distance": 0.8969324231147766,
      "min_clearance": 0.5469324231147766,
      "path_length": 2.646911013595563,
      "start_to_goal_distance": 3.632657766342163,
      "steps": 720.0,
      "control_effort": 0.8289882247646649,
      "episode_duration": 24.0,
      "time_to_goal": null
    },
    {
      "episode_return": -141.41939752403397,
      "success": 0.0,
      "collision": 0.0,
      "distance_to_goal": 2.670564651489258,
      "route_line_lateral_error": 2.665855884552002,
      "route_progress_ratio": 0.9536445804930294,
      "min_obstacle_distance": 0.7962870001792908,
      "min_clearance": 0.4462870001792908,
      "path_length": 4.385778882249724,
      "start_to_goal_distance": 3.4196953773498535,
      "steps": 720.0,
      "control_effort": 0.7171566372530328,
      "episode_duration": 24.0,
      "time_to_goal": null
    },
    {
      "episode_return": -104.66793725116156,
      "success": 0.0,
      "collision": 0.0,
      "distance_to_goal": 2.5760161876678467,
      "route_line_lateral_error": 1.4102967977523804,
      "route_progress_ratio": 0.4297480749717824,
      "min_obstacle_distance": 0.939535915851593,
      "min_clearance": 0.589535915851593,
      "path_length": 2.194518692076123,
      "start_to_goal_distance": 3.780210494995117,
      "steps": 720.0,
      "control_effort": 0.8403295377890269,
      "episode_duration": 24.0,
      "time_to_goal": null
    },
    {
      "episode_return": -133.2746488578523,
      "success": 0.0,
      "collision": 0.0,
      "distance_to_goal": 2.993393659591675,
      "route_line_lateral_error": 2.6996352672576904,
      "route_progress_ratio": 0.6612293104342053,
      "min_obstacle_distance": 1.0790128707885742,
      "min_clearance": 0.7290128707885742,
      "path_length": 3.799522055811302,
      "start_to_goal_distance": 3.8173413276672363,
      "steps": 720.0,
      "control_effort": 0.8487984389066696,
      "episode_duration": 24.0,
      "time_to_goal": null
    },
    {
      "episode_return": -128.66420385923124,
      "success": 0.0,
      "collision": 0.0,
      "distance_to_goal": 2.4722483158111572,
      "route_line_lateral_error": 2.3949086666107178,
      "route_progress_ratio": 0.8213370452419059,
      "min_obstacle_distance": 0.5562820434570312,
      "min_clearance": 0.20628204345703127,
      "path_length": 3.7717616076474556,
      "start_to_goal_distance": 3.4340314865112305,
      "steps": 720.0,
      "control_effort": 0.7529927236338456,
      "episode_duration": 24.0,
      "time_to_goal": null
    },
    {
      "episode_return": -155.42961607843014,
      "success": 0.0,
      "collision": 0.0,
      "distance_to_goal": 3.188056230545044,
      "route_line_lateral_error": 3.1786606311798096,
      "route_progress_ratio": 0.9338745261672726,
      "min_obstacle_distance": 0.6928983926773071,
      "min_clearance": 0.34289839267730715,
      "path_length": 4.8336473810486495,
      "start_to_goal_distance": 3.6986794471740723,
      "steps": 720.0,
      "control_effort": 0.7760242381857501,
      "episode_duration": 24.0,
      "time_to_goal": null
    },
    {
      "episode_return": -95.37138583886949,
      "success": 0.0,
      "collision": 0.0,
      "distance_to_goal": 2.459214925765991,
      "route_line_lateral_error": 1.7180339097976685,
      "route_progress_ratio": 0.550373917467048,
      "min_obstacle_distance": 0.8312908411026001,
      "min_clearance": 0.4812908411026001,
      "path_length": 2.8128530368705924,
      "start_to_goal_distance": 3.913414478302002,
      "steps": 720.0,
      "control_effort": 0.8197461447781986,
      "episode_duration": 24.0,
      "time_to_goal": null
    },
    {
      "episode_return": -104.73435921796872,
      "success": 0.0,
      "collision": 0.0,
      "distance_to_goal": 2.688894033432007,
      "route_line_lateral_error": 1.3888397216796875,
      "route_progress_ratio": 0.4062448795919819,
      "min_obstacle_distance": 0.7120683789253235,
      "min_clearance": 0.3620683789253235,
      "path_length": 2.1882888769620727,
      "start_to_goal_distance": 3.8777763843536377,
      "steps": 720.0,
      "control_effort": 0.8429881665441725,
      "episode_duration": 24.0,
      "time_to_goal": null
    },
    {
      "episode_return": -166.29693728243586,
      "success": 0.0,
      "collision": 0.0,
      "distance_to_goal": 3.4495809078216553,
      "route_line_lateral_error": 3.4068665504455566,
      "route_progress_ratio": 0.8558456350120164,
      "min_obstacle_distance": 0.8907159566879272,
      "min_clearance": 0.5407159566879273,
      "path_length": 4.817298198015408,
      "start_to_goal_distance": 3.7541279792785645,
      "steps": 720.0,
      "control_effort": 0.841684462212854,
      "episode_duration": 24.0,
      "time_to_goal": null
    },
    {
      "episode_return": -120.55431710569651,
      "success": 0.0,
      "collision": 0.0,
      "distance_to_goal": 3.119459390640259,
      "route_line_lateral_error": 2.8684191703796387,
      "route_progress_ratio": 0.7168705265707931,
      "min_obstacle_distance": 0.880966067314148,