{
  "summary": {
    "train_episode": 620,
    "stage_index": 7,
    "stage_name": "target_bypass_intro_v2",
    "stage_episode": 20,
    "stage_eval_index": 8,
    "stage_target_hit": 0.0,
    "stage_success_streak": 0,
    "stage_best_success_rate": 0.0,
    "stage_best_collision_rate": 0.0,
    "stage_best_avg_return": -73.68253326416016,
    "stage_bad_eval_streak": 1,
    "stage_regression_active": 0.0,
    "stage_regression_bad_eval": 0.0,
    "stage_regression_absolute_drop": 0.0,
    "stage_regression_relative_drop": 0.0,
    "stage_regression_detected": 0.0,
    "stage_rollback_applied": 0.0,
    "stage_plateau_recovery_applied": 0.0,
    "num_episodes": 12,
    "success_rate": 0.0,
    "collision_rate": 0.25,
    "avg_episode_return": -57.65546798706055,
    "avg_path_length": 3.4059228897094727,
    "avg_episode_duration": 21.122222900390625,
    "avg_time_to_goal": 0.0,
    "avg_distance_to_goal": 1.6001888513565063,
    "avg_route_line_lateral_error": 1.4345453977584839,
    "avg_min_obstacle_distance": 0.6865491271018982,
    "avg_min_clearance": 0.3365490436553955,
    "avg_control_effort": 0.6218776106834412,
    "avg_path_efficiency": 0.0,
    "avg_steps": 633.6666870117188,
    "best_distance_to_goal": 1.2077758312225342,
    "best_route_line_lateral_error": 1.1787952184677124,
    "best_episode_return": -40.718719482421875,
    "deterministic": 1.0,
    "seed_offset": 100000
  },
  "episodes": [
    {
      "episode_return": -43.37690327022668,
      "success": 0.0,
      "collision": 0.0,
      "distance_to_goal": 1.3335248231887817,
      "route_line_lateral_error": 1.1787952184677124,
      "route_progress_ratio": 0.8215140652833249,
      "min_obstacle_distance": 0.7549744844436646,
      "min_clearance": 0.4049744844436646,
      "path_length": 3.301144982647344,
      "start_to_goal_distance": 3.4931728839874268,
      "steps": 680.0,
      "control_effort": 0.6146193135310621,
      "episode_duration": 22.666666666666668,
      "time_to_goal": null
    },
    {
      "episode_return": -42.379737834127724,
      "success": 0.0,
      "collision": 0.0,
      "distance_to_goal": 1.2077758312225342,
      "route_line_lateral_error": 1.2077758312225342,
      "route_progress_ratio": 1.0,
      "min_obstacle_distance": 0.8509471416473389,
      "min_clearance": 0.5009471416473389,
      "path_length": 3.653255853761948,
      "start_to_goal_distance": 3.212475061416626,
      "steps": 680.0,
      "control_effort": 0.6142823992406621,
      "episode_duration": 22.666666666666668,
      "time_to_goal": null
    },
    {
      "episode_return": -58.50342825957608,
      "success": 0.0,
      "collision": 0.0,
      "distance_to_goal": 1.5761767625808716,
      "route_line_lateral_error": 1.566684365272522,
      "route_progress_ratio": 0.948164843369606,
      "min_obstacle_distance": 0.7867172956466675,
      "min_clearance": 0.4367172956466675,
      "path_length": 3.7391871464205906,
      "start_to_goal_distance": 3.332151174545288,
      "steps": 680.0,
      "control_effort": 0.6214561428217327,
      "episode_duration": 22.666666666666668,
      "time_to_goal": null
    },
    {
      "episode_return": -55.328126852225125,
      "success": 0.0,
      "collision": 1.0,
      "distance_to_goal": 2.011890172958374,
      "route_line_lateral_error": 1.2887516021728516,
      "route_progress_ratio": 0.5138362132252676,
      "min_obstacle_distance": 0.3453385829925537,
      "min_clearance": -0.004661417007446267,
      "path_length": 2.2089273831225,
      "start_to_goal_distance": 3.1778056621551514,
      "steps": 377.0,
      "control_effort": 0.6089715262781088,
      "episode_duration": 12.566666666666666,
      "time_to_goal": null
    },
    {
      "episode_return": -43.70390770808135,
      "success": 0.0,
      "collision": 0.0,
      "distance_to_goal": 1.3990236520767212,
      "route_line_lateral_error": 1.314995288848877,
      "route_progress_ratio": 0.8609632929132645,
      "min_obstacle_distance": 0.8239310383796692,
      "min_clearance": 0.4739310383796692,
      "path_length": 3.460675952720834,
      "start_to_goal_distance": 3.4347081184387207,
      "steps": 680.0,
      "control_effort": 0.6227619454264641,
      "episode_duration": 22.666666666666668,
      "time_to_goal": null
    },
    {
      "episode_return": -111.8658659520876,
      "success": 0.0,
      "collision": 1.0,
      "distance_to_goal": 1.7697570323944092,
      "route_line_lateral_error": 1.6234428882598877,
      "route_progress_ratio": 0.7981389559859053,
      "min_obstacle_distance": 0.34631600975990295,
      "min_clearance": -0.0036839902400970237,
      "path_length": 3.4938380027888343,
      "start_to_goal_distance": 3.490565299987793,
      "steps": 600.0,
      "control_effort": 0.6012152527769407,
      "episode_duration": 20.0,
      "time_to_goal": null
    },
    {
      "episode_return": -72.85423624271296,
      "success": 0.0,
      "collision": 1.0,
      "distance_to_goal": 1.7058131694793701,
      "route_line_lateral_error": 1.4869270324707031,
      "route_progress_ratio": 0.7378502722717906,
      "min_obstacle_distance": 0.34904754161834717,
      "min_clearance": -0.0009524583816528098,
      "path_length": 2.95609045602032,
      "start_to_goal_distance": 3.1889052391052246,
      "steps": 507.0,
      "control_effort": 0.6126803823946966,
      "episode_duration": 16.9,
      "time_to_goal": null
    },
    {
      "episode_return": -64.94407700507706,
      "success": 0.0,
      "collision": 0.0,
      "distance_to_goal": 1.755595088005066,
      "route_line_lateral_error": 1.7435102462768555,
      "route_progress_ratio": 0.939506635052542,
      "min_obstacle_distance": 0.8526535630226135,
      "min_clearance": 0.5026535630226135,
      "path_length": 3.859713555095368,
      "start_to_goal_distance": 3.399315357208252,
      "steps": 680.0,
      "control_effort": 0.6546890646219253,
      "episode_duration": 22.666666666666668,
      "time_to_goal": null
    },
    {
      "episode_return": -50.0705483948849,
      "success": 0.0,
      "collision": 0.0,
      "distance_to_goal": 1.607761025428772,
      "route_line_lateral_error": 1.3628385066986084,
      "route_progress_ratio": 0.7629491054962014,
      "min_obstacle_distance": 0.6604853868484497,
      "min_clearance": 0.31048538684844973,
      "path_length": 3.1883727331577063,
      "start_to_goal_distance": 3.5982794761657715,
      "steps": 680.0,
      "control_effort": 0.6390282538883826,
      "episode_duration": 22.666666666666668,
      "time_to_goal": null
    },
    {
      "episode_return": -42.53347904833392,
      "success": 0.0,
      "collision": 0.0,
      "distance_to_goal": 1.4873361587524414,
      "route_line_lateral_error": 1.29876708984375,
      "route_progress_ratio": 0.7978747522917872,
      "min_obstacle_distance": 1.0252764225006104,
      "min_clearance": 0.6752764225006104,
      "path_length": 3.3503722841143713,
      "start_to_goal_distance": 3.5860257148742676,
      "steps": 680.0,
      "control_effort": 0.6170437966199482,
      "episode_duration": 22.666666666666668,
      "time_to_goal": null
    },
    {
      "episode_return": -65.58654733217972,
      "success": 0.0,
      "collision": 0.0,
      "distance_to_goal": 1.5824655294418335,
      "route_line_lateral_error": 1.5578017234802246,
      "route_progress_ratio": 0.9197732518535935,
      "min_obstacle_distance": 0.5339052081108093,
      "min_clearance": 0.18390520811080935,
      "path_length": 3.844327428712859,
      "start_to_goal_distance": 3.468921422958374,
      "steps": 680.0,
      "control_effort": 0.6277893850032021,
      "episode_duration": 22.666666666666668,
      "time_to_goal": null
    },
    {
      "episode_return": -40.71871789836075,
      "success": 0.0,
      "collision": 0.0,
      "distance_to_goal": 1.7651453018188477,
      "route_line_lateral_error": 1.5842535495758057,