{
  "summary": {
    "train_episode": 320,
    "stage_index": 4,
    "stage_name": "bridge_crossing_commit",
    "stage_episode": 80,
    "stage_eval_index": 4,
    "stage_target_hit": 1.0,
    "stage_success_streak": 1,
    "stage_best_success_rate": 1.0,
    "stage_best_collision_rate": 0.0,
    "stage_best_avg_return": 96.0981216430664,
    "stage_bad_eval_streak": 0,
    "stage_regression_active": 1.0,
    "stage_regression_bad_eval": 0.0,
    "stage_regression_absolute_drop": 0.0,
    "stage_regression_relative_drop": 0.0,
    "stage_regression_detected": 0.0,
    "stage_rollback_applied": 0.0,
    "stage_plateau_recovery_applied": 0.0,
    "num_episodes": 12,
    "success_rate": 1.0,
    "collision_rate": 0.0,
    "avg_episode_return": 96.116943359375,
    "avg_path_length": 1.9144355058670044,
    "avg_episode_duration": 7.6611104011535645,
    "avg_time_to_goal": 7.6611104011535645,
    "avg_distance_to_goal": 0.9155638813972473,
    "avg_route_line_lateral_error": 0.13165973126888275,
    "avg_min_obstacle_distance": 2.0853078365325928,
    "avg_min_clearance": 1.7353078126907349,
    "avg_control_effort": 0.7057881355285645,
    "avg_path_efficiency": 1.0,
    "avg_steps": 229.8333282470703,
    "best_distance_to_goal": 0.9125199913978577,
    "best_route_line_lateral_error": 0.03958481550216675,
    "best_episode_return": 101.30029296875,
    "deterministic": 1.0,
    "seed_offset": 100000
  },
  "episodes": [
    {
      "episode_return": 96.95432319784163,
      "success": 1.0,
      "collision": 0.0,
      "distance_to_goal": 0.915871262550354,
      "route_line_lateral_error": 0.1460341215133667,
      "route_progress_ratio": 0.685529540422973,
      "min_obstacle_distance": 2.0131475925445557,
      "min_clearance": 1.6631475925445556,
      "path_length": 2.0001916403016367,
      "start_to_goal_distance": 2.8751626014709473,
      "steps": 233.0,
      "control_effort": 0.7057818547850515,
      "episode_duration": 7.766666666666667,
      "time_to_goal": 7.766666666666667
    },
    {
      "episode_return": 93.56795807158946,
      "success": 1.0,
      "collision": 0.0,
      "distance_to_goal": 0.9180427193641663,
      "route_line_lateral_error": 0.0745742991566658,
      "route_progress_ratio": 0.633143571880574,
      "min_obstacle_distance": 1.6918878555297852,
      "min_clearance": 1.341887855529785,
      "path_length": 1.6003888137020112,
      "start_to_goal_distance": 2.494187355041504,
      "steps": 192.0,
      "control_effort": 0.7057922948151827,
      "episode_duration": 6.4,
      "time_to_goal": 6.4
    },
    {
      "episode_return": 95.0058936820626,
      "success": 1.0,
      "collision": 0.0,
      "distance_to_goal": 0.9152051210403442,
      "route_line_lateral_error": 0.056762970983982086,
      "route_progress_ratio": 0.6586029558662426,
      "min_obstacle_distance": 2.0561225414276123,
      "min_clearance": 1.7061225414276122,
      "path_length": 1.7909847020837333,
      "start_to_goal_distance": 2.6756033897399902,
      "steps": 224.0,
      "control_effort": 0.7056144100746938,
      "episode_duration": 7.466666666666667,
      "time_to_goal": 7.466666666666667
    },
    {
      "episode_return": 93.3700812154412,
      "success": 1.0,
      "collision": 0.0,
      "distance_to_goal": 0.9194238781929016,
      "route_line_lateral_error": 0.1465992033481598,
      "route_progress_ratio": 0.6326495244524444,
      "min_obstacle_distance": 2.417177438735962,
      "min_clearance": 2.067177438735962,
      "path_length": 1.5835349806802697,
      "start_to_goal_distance": 2.470832347869873,
      "steps": 188.0,
      "control_effort": 0.7060720384755033,
      "episode_duration": 6.266666666666667,
      "time_to_goal": 6.266666666666667
    },
    {
      "episode_return": 96.42791475838419,
      "success": 1.0,
      "collision": 0.0,
      "distance_to_goal": 0.9127398729324341,
      "route_line_lateral_error": 0.03958481550216675,
      "route_progress_ratio": 0.6766833099527076,
      "min_obstacle_distance": 1.5869418382644653,
      "min_clearance": 1.2369418382644652,
      "path_length": 1.927486736953142,
      "start_to_goal_distance": 2.8203952312469482,
      "steps": 232.0,
      "control_effort": 0.7055745723432508,
      "episode_duration": 7.733333333333333,
      "time_to_goal": 7.733333333333333
    },
    {
      "episode_return": 96.66728606951236,
      "success": 1.0,
      "collision": 0.0,
      "distance_to_goal": 0.916286826133728,
      "route_line_lateral_error": 0.23951900005340576,
      "route_progress_ratio": 0.6912470290442037,
      "min_obstacle_distance": 3.189751148223877,
      "min_clearance": 2.839751148223877,
      "path_length": 2.016479502291986,
      "start_to_goal_distance": 2.864516258239746,
      "steps": 244.0,
      "control_effort": 0.705838498033461,
      "episode_duration": 8.133333333333333,
      "time_to_goal": 8.133333333333333
    },
    {
      "episode_return": 93.47683754891158,
      "success": 1.0,
      "collision": 0.0,
      "distance_to_goal": 0.9170017242431641,
      "route_line_lateral_error": 0.2140011042356491,
      "route_progress_ratio": 0.6406677519704278,
      "min_obstacle_distance": 2.6491546630859375,
      "min_clearance": 2.2991546630859374,
      "path_length": 1.6181420121138217,
      "start_to_goal_distance": 2.4814953804016113,
      "steps": 190.0,
      "control_effort": 0.7056272007917103,
      "episode_duration": 6.333333333333333,
      "time_to_goal": 6.333333333333333
    },
    {
      "episode_return": 95.58156489282847,
      "success": 1.0,
      "collision": 0.0,
      "distance_to_goal": 0.9125199913978577,
      "route_line_lateral_error": 0.13705287873744965,
      "route_progress_ratio": 0.6721086022066289,
      "min_obstacle_distance": 1.4990864992141724,
      "min_clearance": 1.1490864992141723,
      "path_length": 1.8747872214098606,
      "start_to_goal_distance": 2.7514262199401855,
      "steps": 240.0,
      "control_effort": 0.7057920890549819,
      "episode_duration": 8.0,
      "time_to_goal": 8.0
    },
    {
      "episode_return": 97.6383435345292,
      "success": 1.0,
      "collision": 0.0,
      "distance_to_goal": 0.9132847785949707,
      "route_line_lateral_error": 0.1525992602109909,
      "route_progress_ratio": 0.696387390172071,
      "min_obstacle_distance": 2.3633601665496826,
      "min_clearance": 2.0133601665496825,
      "path_length": 2.1005790887102194,
      "start_to_goal_distance": 2.965770959854126,
      "steps": 252.0,
      "control_effort": 0.705366165628509,
      "episode_duration": 8.4,
      "time_to_goal": 8.4
    },
    {
      "episode_return": 97.24778504067658,
      "success": 1.0,
      "collision": 0.0,
      "distance_to_goal": 0.9165056347846985,
      "route_line_lateral_error": 0.04871395230293274,
      "route_progress_ratio": 0.6864138063599816,
      "min_obstacle_distance": 1.9370474815368652,
      "min_clearance": 1.5870474815368651,
      "path_length": 2.033836309094113,
      "start_to_goal_distance": 2.9185292720794678,
      "steps": 243.0,
      "control_effort": 0.7057309884102747,
      "episode_duration": 8.1,
      "time_to_goal": 8.1
    },
    {
      "episode_return": 96.16498693525791,
      "success": 1.0,
      "collision": 0.0,
      "distance_to_goal": 0.9149193167686462,
      "route_line_lateral_error": 0.15060554444789886,
      "route_progress_ratio": 0.6770850111383503,
      "min_obstacle_distance": 1.675308346748352,
      "min_clearance": 1.325308346748352,
      "path_length": 1.9148843101866078,
      "start_to_goal_distance": 2.7946624755859375,
      "steps": 230.0,
      "control_effort": 0.706361941150997,
      "episode_duration": 7.666666666666667,
      "time_to_goal": 7.666666666666667
    },
    {
      "episode_return": 101.30029051750898,
      "success": 1.0,
      "collision": 0.0,
      "distance_to_goal": 0.9149664044380188,