{
  "summary": {
    "train_episode": 20,
    "stage_index": 0,
    "stage_name": "short_hop_goal_lock",
    "stage_episode": 20,
    "stage_eval_index": 1,
    "stage_target_hit": 1.0,
    "stage_success_streak": 1,
    "stage_best_success_rate": 1.0,
    "stage_best_collision_rate": 0.0,
    "stage_best_avg_return": 73.80047607421875,
    "stage_bad_eval_streak": 0,
    "stage_regression_active": 1.0,
    "stage_regression_bad_eval": 0.0,
    "stage_regression_absolute_drop": 0.0,
    "stage_regression_relative_drop": 0.0,
    "stage_regression_detected": 0.0,
    "stage_rollback_applied": 0.0,
    "stage_plateau_recovery_applied": 0.0,
    "num_episodes": 12,
    "success_rate": 1.0,
    "collision_rate": 0.0,
    "avg_episode_return": 73.80047607421875,
    "avg_path_length": 0.4896279275417328,
    "avg_episode_duration": 2.316666603088379,
    "avg_time_to_goal": 2.316666603088379,
    "avg_distance_to_goal": 1.0957872867584229,
    "avg_route_line_lateral_error": 0.06501103192567825,
    "avg_min_obstacle_distance": 3.130211114883423,
    "avg_min_clearance": 2.7802114486694336,
    "avg_control_effort": 0.6718757748603821,
    "avg_path_efficiency": 1.0,
    "avg_steps": 69.5,
    "best_distance_to_goal": 1.0923408269882202,
    "best_route_line_lateral_error": 0.021763918921351433,
    "best_episode_return": 79.05768585205078,
    "deterministic": 1.0,
    "seed_offset": 100000
  },
  "episodes": [
    {
      "episode_return": 74.39611777835285,
      "success": 1.0,
      "collision": 0.0,
      "distance_to_goal": 1.0976219177246094,
      "route_line_lateral_error": 0.03840266168117523,
      "route_progress_ratio": 0.296740025113473,
      "min_obstacle_distance": 3.220306634902954,
      "min_clearance": 2.870306634902954,
      "path_length": 0.46874393324469565,
      "start_to_goal_distance": 1.5598070621490479,
      "steps": 66.0,
      "control_effort": 0.6718757856975902,
      "episode_duration": 2.2,
      "time_to_goal": 2.2
    },
    {
      "episode_return": 73.38265290960308,
      "success": 1.0,
      "collision": 0.0,
      "distance_to_goal": 1.0926823616027832,
      "route_line_lateral_error": 0.20894867181777954,
      "route_progress_ratio": 0.2839843564095777,
      "min_obstacle_distance": 3.346367597579956,
      "min_clearance": 2.996367597579956,
      "path_length": 0.4748501503490843,
      "start_to_goal_distance": 1.4978973865509033,
      "steps": 60.0,
      "control_effort": 0.671880649526914,
      "episode_duration": 2.0,
      "time_to_goal": 2.0
    },
    {
      "episode_return": 67.45199517688778,
      "success": 1.0,
      "collision": 0.0,
      "distance_to_goal": 1.0923408269882202,
      "route_line_lateral_error": 0.021763918921351433,
      "route_progress_ratio": 0.19538672227369341,
      "min_obstacle_distance": 3.402987241744995,
      "min_clearance": 3.052987241744995,
      "path_length": 0.2720536938577425,
      "start_to_goal_distance": 1.3573278188705444,
      "steps": 40.0,
      "control_effort": 0.6718800783157348,
      "episode_duration": 1.3333333333333333,
      "time_to_goal": 1.3333333333333333
    },
    {
      "episode_return": 74.33579965159291,
      "success": 1.0,
      "collision": 0.0,
      "distance_to_goal": 1.0955878496170044,
      "route_line_lateral_error": 0.030204148963093758,
      "route_progress_ratio": 0.2946327922195085,
      "min_obstacle_distance": 2.5871756076812744,
      "min_clearance": 2.2371756076812743,
      "path_length": 0.46558565983286826,
      "start_to_goal_distance": 1.5526258945465088,
      "steps": 66.0,
      "control_effort": 0.6718680668960918,
      "episode_duration": 2.2,
      "time_to_goal": 2.2
    },
    {
      "episode_return": 73.85979967978913,
      "success": 1.0,
      "collision": 0.0,
      "distance_to_goal": 1.0939135551452637,
      "route_line_lateral_error": 0.07283204793930054,
      "route_progress_ratio": 0.2726341913438224,
      "min_obstacle_distance": 3.3534255027770996,
      "min_clearance": 3.0034255027770995,
      "path_length": 0.41692379185406025,
      "start_to_goal_distance": 1.5006015300750732,
      "steps": 61.0,
      "control_effort": 0.6718794400574731,
      "episode_duration": 2.033333333333333,
      "time_to_goal": 2.033333333333333
    },
    {
      "episode_return": 74.2976283219488,
      "success": 1.0,
      "collision": 0.0,
      "distance_to_goal": 1.0950255393981934,
      "route_line_lateral_error": 0.04100000113248825,
      "route_progress_ratio": 0.2931002118551068,
      "min_obstacle_distance": 3.255887746810913,
      "min_clearance": 2.905887746810913,
      "path_length": 0.46139929795026546,
      "start_to_goal_distance": 1.5479671955108643,
      "steps": 68.0,
      "control_effort": 0.6718769520521164,
      "episode_duration": 2.2666666666666666,
      "time_to_goal": 2.2666666666666666
    },
    {
      "episode_return": 74.68002567116712,
      "success": 1.0,
      "collision": 0.0,
      "distance_to_goal": 1.0967576503753662,
      "route_line_lateral_error": 0.07397186756134033,
      "route_progress_ratio": 0.31239131717997193,
      "min_obstacle_distance": 2.613116979598999,
      "min_clearance": 2.263116979598999,
      "path_length": 0.5112568782351445,
      "start_to_goal_distance": 1.5913994312286377,
      "steps": 75.0,
      "control_effort": 0.6718678538004558,
      "episode_duration": 2.5,
      "time_to_goal": 2.5
    },
    {
      "episode_return": 71.7764937395774,
      "success": 1.0,
      "collision": 0.0,
      "distance_to_goal": 1.0953434705734253,
      "route_line_lateral_error": 0.02240068092942238,
      "route_progress_ratio": 0.238329966967021,
      "min_obstacle_distance": 2.576183795928955,
      "min_clearance": 2.226183795928955,
      "path_length": 0.3493883359406027,
      "start_to_goal_distance": 1.437780499458313,
      "steps": 55.0,
      "control_effort": 0.6718677119775252,
      "episode_duration": 1.8333333333333333,
      "time_to_goal": 1.8333333333333333
    },
    {
      "episode_return": 75.2755249667234,
      "success": 1.0,
      "collision": 0.0,
      "distance_to_goal": 1.0949697494506836,
      "route_line_lateral_error": 0.03783338889479637,
      "route_progress_ratio": 0.33709329768478447,
      "min_obstacle_distance": 3.327965497970581,
      "min_clearance": 2.977965497970581,
      "path_length": 0.5642304321008851,
      "start_to_goal_distance": 1.6507842540740967,
      "steps": 83.0,
      "control_effort": 0.6718771945999329,
      "episode_duration": 2.7666666666666666,
      "time_to_goal": 2.7666666666666666
    },
    {
      "episode_return": 74.79548370476209,
      "success": 1.0,
      "collision": 0.0,
      "distance_to_goal": 1.0977529287338257,
      "route_line_lateral_error": 0.08143506944179535,
      "route_progress_ratio": 0.3155216576112173,
      "min_obstacle_distance": 3.4613606929779053,
      "min_clearance": 3.111360692977905,
      "path_length": 0.52191448713711,
      "start_to_goal_distance": 1.5993613004684448,
      "steps": 65.0,
      "control_effort": 0.6718802883074834,
      "episode_duration": 2.1666666666666665,
      "time_to_goal": 2.1666666666666665
    },
    {
      "episode_return": 72.29653460821378,
      "success": 1.0,
      "collision": 0.0,
      "distance_to_goal": 1.0981321334838867,
      "route_line_lateral_error": 0.07141725718975067,
      "route_progress_ratio": 0.2572137909088882,
      "min_obstacle_distance": 3.4840481281280518,
      "min_clearance": 3.1340481281280517,
      "path_length": 0.3924960652293521,
      "start_to_goal_distance": 1.4752659797668457,
      "steps": 55.0,
      "control_effort": 0.6718813061714173,
      "episode_duration": 1.8333333333333333,
      "time_to_goal": 1.8333333333333333
    },
    {
      "episode_return": 79.05768398696107,
      "success": 1.0,
      "collision": 0.0,
      "distance_to_goal": 1.0993194580078125,
      "route_line_lateral_error": 0.0799226239323616,