{
  "summary": {
    "train_episode": 1320,
    "stage_index": 8,
    "stage_name": "target_bypass_commit_v2",
    "stage_episode": 340,
    "stage_eval_index": 27,
    "stage_target_hit": 0.0,
    "stage_success_streak": 0,
    "stage_best_success_rate": 0.4166666567325592,
    "stage_best_collision_rate": 0.1666666716337204,
    "stage_best_avg_return": 10.393216133117676,
    "stage_bad_eval_streak": 17,
    "stage_regression_active": 1.0,
    "stage_regression_bad_eval": 1.0,
    "stage_regression_absolute_drop": 0.4166666567325592,
    "stage_regression_relative_drop": 1.0,
    "stage_regression_detected": 1.0,
    "stage_rollback_applied": 0.0,
    "stage_plateau_recovery_applied": 0.0,
    "num_episodes": 12,
    "success_rate": 0.0,
    "collision_rate": 0.0,
    "avg_episode_return": -144.5228729248047,
    "avg_path_length": 3.47873592376709,
    "avg_episode_duration": 24.0,
    "avg_time_to_goal": 0.0,
    "avg_distance_to_goal": 3.216827154159546,
    "avg_route_line_lateral_error": 2.5970981121063232,
    "avg_min_obstacle_distance": 0.9236930012702942,
    "avg_min_clearance": 0.5736929774284363,
    "avg_control_effort": 0.9016523957252502,
    "avg_path_efficiency": 0.0,
    "avg_steps": 720.0,
    "best_distance_to_goal": 2.689645290374756,
    "best_route_line_lateral_error": 1.5552318096160889,
    "best_episode_return": -114.310302734375,
    "deterministic": 1.0,
    "seed_offset": 100000
  },
  "episodes": [
    {
      "episode_return": -118.49570562013494,
      "success": 0.0,
      "collision": 0.0,
      "distance_to_goal": 2.918726682662964,
      "route_line_lateral_error": 1.5682390928268433,
      "route_progress_ratio": 0.35626108016323915,
      "min_obstacle_distance": 0.7261810302734375,
      "min_clearance": 0.3761810302734375,
      "path_length": 2.1056020137109357,
      "start_to_goal_distance": 3.8239474296569824,
      "steps": 720.0,
      "control_effort": 0.8923025218149027,
      "episode_duration": 24.0,
      "time_to_goal": null
    },
    {
      "episode_return": -138.1035712531566,
      "success": 0.0,
      "collision": 0.0,
      "distance_to_goal": 2.866602659225464,
      "route_line_lateral_error": 2.400489568710327,
      "route_progress_ratio": 0.546217093940491,
      "min_obstacle_distance": 0.899499773979187,
      "min_clearance": 0.549499773979187,
      "path_length": 3.110743354539559,
      "start_to_goal_distance": 3.4528915882110596,
      "steps": 720.0,
      "control_effort": 0.9118299949500296,
      "episode_duration": 24.0,
      "time_to_goal": null
    },
    {
      "episode_return": -115.67507661851536,
      "success": 0.0,
      "collision": 0.0,
      "distance_to_goal": 2.689645290374756,
      "route_line_lateral_error": 1.795325756072998,
      "route_progress_ratio": 0.4486826050467986,
      "min_obstacle_distance": 0.8877648115158081,
      "min_clearance": 0.5377648115158081,
      "path_length": 2.4698267809710046,
      "start_to_goal_distance": 3.632657766342163,
      "steps": 720.0,
      "control_effort": 0.9018810460136997,
      "episode_duration": 24.0,
      "time_to_goal": null
    },
    {
      "episode_return": -198.29282904504242,
      "success": 0.0,
      "collision": 0.0,
      "distance_to_goal": 3.74363112449646,
      "route_line_lateral_error": 3.7371764183044434,
      "route_progress_ratio": 0.935742421413513,
      "min_obstacle_distance": 1.0174016952514648,
      "min_clearance": 0.6674016952514649,
      "path_length": 5.053484900854528,
      "start_to_goal_distance": 3.4196953773498535,
      "steps": 720.0,
      "control_effort": 0.8852172575063175,
      "episode_duration": 24.0,
      "time_to_goal": null
    },
    {
      "episode_return": -129.49758579743036,
      "success": 0.0,
      "collision": 0.0,
      "distance_to_goal": 3.0583980083465576,
      "route_line_lateral_error": 1.6315854787826538,
      "route_progress_ratio": 0.31568958544723574,
      "min_obstacle_distance": 1.1408615112304688,
      "min_clearance": 0.7908615112304688,
      "path_length": 2.059010584503895,
      "start_to_goal_distance": 3.780210494995117,
      "steps": 720.0,
      "control_effort": 0.9128139254119662,
      "episode_duration": 24.0,
      "time_to_goal": null
    },
    {
      "episode_return": -153.85709236811618,
      "success": 0.0,
      "collision": 0.0,
      "distance_to_goal": 3.4057483673095703,
      "route_line_lateral_error": 3.1280572414398193,
      "route_progress_ratio": 0.6471393890109918,
      "min_obstacle_distance": 1.0918693542480469,
      "min_clearance": 0.7418693542480469,
      "path_length": 4.070031504535265,
      "start_to_goal_distance": 3.8173413276672363,
      "steps": 720.0,
      "control_effort": 0.8982899910045995,
      "episode_duration": 24.0,
      "time_to_goal": null
    },
    {
      "episode_return": -142.21084621327944,
      "success": 0.0,
      "collision": 0.0,
      "distance_to_goal": 2.818655014038086,
      "route_line_lateral_error": 2.5922420024871826,
      "route_progress_ratio": 0.6776845033232496,
      "min_obstacle_distance": 0.6930283308029175,
      "min_clearance": 0.3430283308029175,
      "path_length": 3.550583840820323,
      "start_to_goal_distance": 3.4340314865112305,
      "steps": 720.0,
      "control_effort": 0.9043874002993106,
      "episode_duration": 24.0,
      "time_to_goal": null
    },
    {
      "episode_return": -181.43333343309945,
      "success": 0.0,
      "collision": 0.0,
      "distance_to_goal": 3.741283893585205,
      "route_line_lateral_error": 3.727591037750244,
      "route_progress_ratio": 0.9135375732931547,
      "min_obstacle_distance": 0.8343328237533569,
      "min_clearance": 0.48433282375335696,
      "path_length": 5.119462603407513,
      "start_to_goal_distance": 3.6986794471740723,
      "steps": 720.0,
      "control_effort": 0.8990685493581825,
      "episode_duration": 24.0,
      "time_to_goal": null
    },
    {
      "episode_return": -114.3103004888556,
      "success": 0.0,
      "collision": 0.0,
      "distance_to_goal": 2.891723394393921,
      "route_line_lateral_error": 2.0014960765838623,
      "route_progress_ratio": 0.46667495225127253,
      "min_obstacle_distance": 0.9804330468177795,
      "min_clearance": 0.6304330468177796,
      "path_length": 2.9057444934154866,
      "start_to_goal_distance": 3.913414478302002,
      "steps": 720.0,
      "control_effort": 0.8884963899023003,
      "episode_duration": 24.0,
      "time_to_goal": null
    },
    {
      "episode_return": -117.73044358955784,
      "success": 0.0,
      "collision": 0.0,
      "distance_to_goal": 2.9444220066070557,
      "route_line_lateral_error": 1.5552318096160889,
      "route_progress_ratio": 0.3552554991760312,
      "min_obstacle_distance": 0.788763701915741,
      "min_clearance": 0.438763701915741,
      "path_length": 2.103051119985796,
      "start_to_goal_distance": 3.8777763843536377,
      "steps": 720.0,
      "control_effort": 0.9053052644762728,
      "episode_duration": 24.0,
      "time_to_goal": null
    },
    {
      "episode_return": -188.5927984224054,
      "success": 0.0,
      "collision": 0.0,
      "distance_to_goal": 3.969282865524292,
      "route_line_lateral_error": 3.8942248821258545,
      "route_progress_ratio": 0.7953568262678781,
      "min_obstacle_distance": 1.0322504043579102,
      "min_clearance": 0.6822504043579102,
      "path_length": 5.011521261031845,
      "start_to_goal_distance": 3.7541279792785645,
      "steps": 720.0,
      "control_effort": 0.9096846119397216,
      "episode_duration": 24.0,
      "time_to_goal": null
    },
    {
      "episode_return": -136.07503946353293,
      "success": 0.0,
      "collision": 0.0,
      "distance_to_goal": 3.5538055896759033,
      "route_line_lateral_error": 3.1335208415985107,
      "route_progress_ratio": 0.6128536899596978,
      "min_obstacle_distance": 0.9919295310974121,
      "min_clearance": 0.6419295310974121,