{
  "summary": {
    "train_episode": 440,
    "stage_index": 6,
    "stage_name": "medium_crossing",
    "stage_episode": 60,
    "stage_eval_index": 3,
    "stage_target_hit": 0.0,
    "stage_success_streak": 0,
    "stage_best_success_rate": 1.0,
    "stage_best_collision_rate": 0.0,
    "stage_best_avg_return": 130.2810516357422,
    "stage_bad_eval_streak": 0,
    "stage_regression_active": 1.0,
    "stage_regression_bad_eval": 1.0,
    "stage_regression_absolute_drop": 0.5833333432674408,
    "stage_regression_relative_drop": 0.5833333432674408,
    "stage_regression_detected": 1.0,
    "stage_rollback_applied": 1.0,
    "stage_plateau_recovery_applied": 0.0,
    "num_episodes": 12,
    "success_rate": 0.4166666567325592,
    "collision_rate": 0.0833333358168602,
    "avg_episode_return": 58.70930480957031,
    "avg_path_length": 3.796703577041626,
    "avg_episode_duration": 15.830554962158203,
    "avg_time_to_goal": 11.466666221618652,
    "avg_distance_to_goal": 1.24150550365448,
    "avg_route_line_lateral_error": 1.1341484785079956,
    "avg_min_obstacle_distance": 1.2204387187957764,
    "avg_min_clearance": 0.8704387545585632,
    "avg_control_effort": 0.6872315406799316,
    "avg_path_efficiency": 0.4166666567325592,
    "avg_steps": 474.9166564941406,
    "best_distance_to_goal": 0.8353203535079956,
    "best_route_line_lateral_error": 0.4773431420326233,
    "best_episode_return": 130.6887664794922,
    "deterministic": 1.0,
    "seed_offset": 100000
  },
  "episodes": [
    {
      "episode_return": 11.981566179867237,
      "success": 0.0,
      "collision": 0.0,
      "distance_to_goal": 1.4541770219802856,
      "route_line_lateral_error": 1.4541770219802856,
      "route_progress_ratio": 1.0,
      "min_obstacle_distance": 0.47279050946235657,
      "min_clearance": 0.12279050946235659,
      "path_length": 4.688045688089915,
      "start_to_goal_distance": 3.3919737339019775,
      "steps": 600.0,
      "control_effort": 0.6919956242044767,
      "episode_duration": 20.0,
      "time_to_goal": null
    },
    {
      "episode_return": -9.984127921716567,
      "success": 0.0,
      "collision": 0.0,
      "distance_to_goal": 1.965144395828247,
      "route_line_lateral_error": 1.965144395828247,
      "route_progress_ratio": 1.0,
      "min_obstacle_distance": 1.1091384887695312,
      "min_clearance": 0.7591384887695313,
      "path_length": 4.842494129727129,
      "start_to_goal_distance": 3.0145561695098877,
      "steps": 600.0,
      "control_effort": 0.6902792010704676,
      "episode_duration": 20.0,
      "time_to_goal": null
    },
    {
      "episode_return": 127.84612972921708,
      "success": 1.0,
      "collision": 0.0,
      "distance_to_goal": 0.8388261198997498,
      "route_line_lateral_error": 0.809130072593689,
      "route_progress_ratio": 0.9303109614039473,
      "min_obstacle_distance": 1.3514881134033203,
      "min_clearance": 1.0014881134033202,
      "path_length": 3.115447727148421,
      "start_to_goal_distance": 3.1743738651275635,
      "steps": 372.0,
      "control_effort": 0.6876054088915547,
      "episode_duration": 12.4,
      "time_to_goal": 12.4
    },
    {
      "episode_return": 126.94962901385897,
      "success": 1.0,
      "collision": 0.0,
      "distance_to_goal": 0.8378650546073914,
      "route_line_lateral_error": 0.4773431420326233,
      "route_progress_ratio": 0.7699010465775404,
      "min_obstacle_distance": 1.8724957704544067,
      "min_clearance": 1.5224957704544066,
      "path_length": 2.3911474073538557,
      "start_to_goal_distance": 2.992597818374634,
      "steps": 302.0,
      "control_effort": 0.6858003940803326,
      "episode_duration": 10.066666666666666,
      "time_to_goal": 10.066666666666666
    },
    {
      "episode_return": 9.520913053140852,
      "success": 0.0,
      "collision": 0.0,
      "distance_to_goal": 1.4820749759674072,
      "route_line_lateral_error": 1.4820749759674072,
      "route_progress_ratio": 1.0,
      "min_obstacle_distance": 1.333741307258606,
      "min_clearance": 0.983741307258606,
      "path_length": 4.638872989686206,
      "start_to_goal_distance": 3.3014233112335205,
      "steps": 600.0,
      "control_effort": 0.6834336601694425,
      "episode_duration": 20.0,
      "time_to_goal": null
    },
    {
      "episode_return": 1.1282582560411072,
      "success": 0.0,
      "collision": 0.0,
      "distance_to_goal": 1.8516602516174316,
      "route_line_lateral_error": 1.8516602516174316,
      "route_progress_ratio": 1.0,
      "min_obstacle_distance": 1.595861792564392,
      "min_clearance": 1.245861792564392,
      "path_length": 4.772032608860172,
      "start_to_goal_distance": 3.3769288063049316,
      "steps": 600.0,
      "control_effort": 0.6913685924808184,
      "episode_duration": 20.0,
      "time_to_goal": null
    },
    {
      "episode_return": 126.70111755744028,
      "success": 1.0,
      "collision": 0.0,
      "distance_to_goal": 0.835893988609314,
      "route_line_lateral_error": 0.5724124908447266,
      "route_progress_ratio": 0.7968919586574934,
      "min_obstacle_distance": 1.7981698513031006,
      "min_clearance": 1.4481698513031005,
      "path_length": 2.515144945587963,
      "start_to_goal_distance": 2.9991400241851807,
      "steps": 321.0,
      "control_effort": 0.6792361298082774,
      "episode_duration": 10.7,
      "time_to_goal": 10.7
    },
    {
      "episode_return": 128.49002112776313,
      "success": 1.0,
      "collision": 0.0,
      "distance_to_goal": 0.8383383750915527,
      "route_line_lateral_error": 0.8143153190612793,
      "route_progress_ratio": 0.9391283978809687,
      "min_obstacle_distance": 1.5763976573944092,
      "min_clearance": 1.226397657394409,
      "path_length": 3.253262096142862,
      "start_to_goal_distance": 3.273318290710449,
      "steps": 402.0,
      "control_effort": 0.6821909749982369,
      "episode_duration": 13.4,
      "time_to_goal": 13.4
    },
    {
      "episode_return": 12.900246296213638,
      "success": 0.0,
      "collision": 0.0,
      "distance_to_goal": 1.4926303625106812,
      "route_line_lateral_error": 1.4926303625106812,
      "route_progress_ratio": 1.0,
      "min_obstacle_distance": 0.6982749700546265,
      "min_clearance": 0.3482749700546265,
      "path_length": 4.775963096471969,
      "start_to_goal_distance": 3.51454496383667,
      "steps": 600.0,
      "control_effort": 0.6842917570471764,
      "episode_duration": 20.0,
      "time_to_goal": null
    },
    {
      "episode_return": 10.957477761947544,
      "success": 0.0,
      "collision": 1.0,
      "distance_to_goal": 1.2449136972427368,
      "route_line_lateral_error": 0.9889772534370422,
      "route_progress_ratio": 0.7822973713221919,
      "min_obstacle_distance": 0.341366171836853,
      "min_clearance": -0.00863382816314695,
      "path_length": 2.9333506778348237,
      "start_to_goal_distance": 3.47322940826416,
      "steps": 379.0,
      "control_effort": 0.6896197814740103,
      "episode_duration": 12.633333333333333,
      "time_to_goal": null
    },
    {
      "episode_return": 130.68876366316988,
      "success": 1.0,
      "collision": 0.0,
      "distance_to_goal": 0.8353203535079956,
      "route_line_lateral_error": 0.48069489002227783,
      "route_progress_ratio": 0.7948641565270531,
      "min_obstacle_distance": 1.7977882623672485,
      "min_clearance": 1.4477882623672484,
      "path_length": 2.7413910483010113,
      "start_to_goal_distance": 3.330227851867676,
      "steps": 323.0,
      "control_effort": 0.6922315252085588,
      "episode_duration": 10.766666666666667,
      "time_to_goal": 10.766666666666667
    },
    {
      "episode_return": 27.33159993255822,
      "success": 0.0,
      "collision": 0.0,
      "distance_to_goal": 1.2212215662002563,
      "route_line_lateral_error": 1.2212215662002563,
      "route_progress_ratio": 1.0,
      "min_obstacle_distance": 0.6977518796920776,