{
  "summary": {
    "train_episode": 1180,
    "stage_index": 8,
    "stage_name": "target_bypass_commit_v2",
    "stage_episode": 200,
    "stage_eval_index": 20,
    "stage_target_hit": 0.0,
    "stage_success_streak": 0,
    "stage_best_success_rate": 0.4166666567325592,
    "stage_best_collision_rate": 0.1666666716337204,
    "stage_best_avg_return": 10.393216133117676,
    "stage_bad_eval_streak": 10,
    "stage_regression_active": 1.0,
    "stage_regression_bad_eval": 1.0,
    "stage_regression_absolute_drop": 0.4166666567325592,
    "stage_regression_relative_drop": 1.0,
    "stage_regression_detected": 1.0,
    "stage_rollback_applied": 0.0,
    "stage_plateau_recovery_applied": 0.0,
    "num_episodes": 12,
    "success_rate": 0.0,
    "collision_rate": 0.0833333358168602,
    "avg_episode_return": -153.65110778808594,
    "avg_path_length": 3.115891456604004,
    "avg_episode_duration": 22.488889694213867,
    "avg_time_to_goal": 0.0,
    "avg_distance_to_goal": 3.3476459980010986,
    "avg_route_line_lateral_error": 1.8558731079101562,
    "avg_min_obstacle_distance": 0.7199683785438538,
    "avg_min_clearance": 0.3699684143066406,
    "avg_control_effort": 0.5354378819465637,
    "avg_path_efficiency": 0.0,
    "avg_steps": 674.6666870117188,
    "best_distance_to_goal": 2.2167303562164307,
    "best_route_line_lateral_error": 0.5328453779220581,
    "best_episode_return": -74.4968032836914,
    "deterministic": 1.0,
    "seed_offset": 100000
  },
  "episodes": [
    {
      "episode_return": -164.6444373058059,
      "success": 0.0,
      "collision": 0.0,
      "distance_to_goal": 3.7500250339508057,
      "route_line_lateral_error": 2.0337657928466797,
      "route_progress_ratio": 0.1760785939195693,
      "min_obstacle_distance": 0.9005637168884277,
      "min_clearance": 0.5505637168884278,
      "path_length": 3.3148516165329056,
      "start_to_goal_distance": 3.8239474296569824,
      "steps": 720.0,
      "control_effort": 0.4618527773353789,
      "episode_duration": 24.0,
      "time_to_goal": null
    },
    {
      "episode_return": -116.81161788450333,
      "success": 0.0,
      "collision": 0.0,
      "distance_to_goal": 2.5195844173431396,
      "route_line_lateral_error": 1.8009493350982666,
      "route_progress_ratio": 0.48968315295788145,
      "min_obstacle_distance": 0.7585079073905945,
      "min_clearance": 0.4085079073905945,
      "path_length": 3.067321933034691,
      "start_to_goal_distance": 3.4528915882110596,
      "steps": 720.0,
      "control_effort": 0.5791808017839988,
      "episode_duration": 24.0,
      "time_to_goal": null
    },
    {
      "episode_return": -174.91621230353616,
      "success": 0.0,
      "collision": 0.0,
      "distance_to_goal": 3.7639734745025635,
      "route_line_lateral_error": 2.0147409439086914,
      "route_progress_ratio": 0.12478466142192637,
      "min_obstacle_distance": 0.5885016322135925,
      "min_clearance": 0.23850163221359255,
      "path_length": 3.241866491651308,
      "start_to_goal_distance": 3.632657766342163,
      "steps": 720.0,
      "control_effort": 0.5339442037873798,
      "episode_duration": 24.0,
      "time_to_goal": null
    },
    {
      "episode_return": -113.92418290875372,
      "success": 0.0,
      "collision": 0.0,
      "distance_to_goal": 2.350635528564453,
      "route_line_lateral_error": 1.8530389070510864,
      "route_progress_ratio": 0.5770725683914417,
      "min_obstacle_distance": 0.8417997360229492,
      "min_clearance": 0.49179973602294924,
      "path_length": 3.5497995276818983,
      "start_to_goal_distance": 3.4196953773498535,
      "steps": 720.0,
      "control_effort": 0.5323702030711703,
      "episode_duration": 24.0,
      "time_to_goal": null
    },
    {
      "episode_return": -240.3340370073426,
      "success": 0.0,
      "collision": 0.0,
      "distance_to_goal": 4.029363632202148,
      "route_line_lateral_error": 2.251626491546631,
      "route_progress_ratio": 0.116041565964603,
      "min_obstacle_distance": 0.42582255601882935,
      "min_clearance": 0.07582255601882937,
      "path_length": 3.36598267510999,
      "start_to_goal_distance": 3.780210494995117,
      "steps": 720.0,
      "control_effort": 0.4974636928902732,
      "episode_duration": 24.0,
      "time_to_goal": null
    },
    {
      "episode_return": -74.49680491259376,
      "success": 0.0,
      "collision": 1.0,
      "distance_to_goal": 2.861274480819702,
      "route_line_lateral_error": 0.5328453779220581,
      "route_progress_ratio": 0.2635655036602755,
      "min_obstacle_distance": 0.34850090742111206,
      "min_clearance": -0.0014990925788879172,
      "path_length": 1.1613891552260611,
      "start_to_goal_distance": 3.8173413276672363,
      "steps": 176.0,
      "control_effort": 0.5678379708393053,
      "episode_duration": 5.866666666666666,
      "time_to_goal": null
    },
    {
      "episode_return": -191.26736873063362,
      "success": 0.0,
      "collision": 0.0,
      "distance_to_goal": 2.8047659397125244,
      "route_line_lateral_error": 1.7449370622634888,
      "route_progress_ratio": 0.3605522026369936,
      "min_obstacle_distance": 0.4291752874851227,
      "min_clearance": 0.0791752874851227,
      "path_length": 3.169708193381666,
      "start_to_goal_distance": 3.4340314865112305,
      "steps": 720.0,
      "control_effort": 0.5665948410414987,
      "episode_duration": 24.0,
      "time_to_goal": null
    },
    {
      "episode_return": -120.98107707863412,
      "success": 0.0,
      "collision": 0.0,
      "distance_to_goal": 2.7270116806030273,
      "route_line_lateral_error": 1.6705094575881958,
      "route_progress_ratio": 0.4172363467266269,
      "min_obstacle_distance": 0.7790944576263428,
      "min_clearance": 0.4290944576263428,
      "path_length": 3.247996470603539,
      "start_to_goal_distance": 3.6986794471740723,
      "steps": 720.0,
      "control_effort": 0.5858138174232509,
      "episode_duration": 24.0,
      "time_to_goal": null
    },
    {
      "episode_return": -212.58600801487523,
      "success": 0.0,
      "collision": 0.0,
      "distance_to_goal": 4.743020534515381,
      "route_line_lateral_error": 2.2304913997650146,
      "route_progress_ratio": 0.0,
      "min_obstacle_distance": 1.0902036428451538,
      "min_clearance": 0.7402036428451538,
      "path_length": 3.0880139976288774,
      "start_to_goal_distance": 3.913414478302002,
      "steps": 720.0,
      "control_effort": 0.5497154629064931,
      "episode_duration": 24.0,
      "time_to_goal": null
    },
    {
      "episode_return": -217.9661152493302,
      "success": 0.0,
      "collision": 0.0,
      "distance_to_goal": 4.856411457061768,
      "route_line_lateral_error": 2.579578161239624,
      "route_progress_ratio": 0.0,
      "min_obstacle_distance": 0.9401439428329468,
      "min_clearance": 0.5901439428329468,
      "path_length": 3.3541505006833177,
      "start_to_goal_distance": 3.8777763843536377,
      "steps": 720.0,
      "control_effort": 0.4749665091849036,
      "episode_duration": 24.0,
      "time_to_goal": null
    },
    {
      "episode_return": -86.07327984411722,
      "success": 0.0,
      "collision": 0.0,
      "distance_to_goal": 2.2167303562164307,
      "route_line_lateral_error": 1.7093119621276855,
      "route_progress_ratio": 0.6240314813570521,
      "min_obstacle_distance": 0.7073236107826233,
      "min_clearance": 0.3573236107826233,
      "path_length": 3.4847028933727415,
      "start_to_goal_distance": 3.7541279792785645,
      "steps": 720.0,
      "control_effort": 0.5438955484165086,
      "episode_duration": 24.0,
      "time_to_goal": null
    },
    {
      "episode_return": -129.81225613656792,
      "success": 0.0,
      "collision": 0.0,
      "distance_to_goal": 3.5489532947540283,
      "route_line_lateral_error": 1.848681926727295,
      "route_progress_ratio": 0.3004190157905169,
      "min_obstacle_distance": 0.829983651638031,