{
  "summary": {
    "train_episode": 700,
    "stage_index": 7,
    "stage_name": "target_bypass_intro_v2",
    "stage_episode": 60,
    "stage_eval_index": 12,
    "stage_target_hit": 0.0,
    "stage_success_streak": 0,
    "stage_best_success_rate": 0.9166666865348816,
    "stage_best_collision_rate": 0.0833333358168602,
    "stage_best_avg_return": 102.0121078491211,
    "stage_bad_eval_streak": 0,
    "stage_regression_active": 1.0,
    "stage_regression_bad_eval": 1.0,
    "stage_regression_absolute_drop": 0.7500000149011612,
    "stage_regression_relative_drop": 0.8181818167040171,
    "stage_regression_detected": 1.0,
    "stage_rollback_applied": 1.0,
    "stage_plateau_recovery_applied": 0.0,
    "num_episodes": 12,
    "success_rate": 0.1666666716337204,
    "collision_rate": 0.0833333358168602,
    "avg_episode_return": -38.03220748901367,
    "avg_path_length": 4.3004536628723145,
    "avg_episode_duration": 21.094446182250977,
    "avg_time_to_goal": 17.53333282470703,
    "avg_distance_to_goal": 1.4404762983322144,
    "avg_route_line_lateral_error": 1.3707202672958374,
    "avg_min_obstacle_distance": 0.6423997282981873,
    "avg_min_clearance": 0.29239970445632935,
    "avg_control_effort": 0.6477278470993042,
    "avg_path_efficiency": 0.16180045902729034,
    "avg_steps": 632.8333129882812,
    "best_distance_to_goal": 0.8965657949447632,
    "best_route_line_lateral_error": 0.8010973930358887,
    "best_episode_return": 134.80577087402344,
    "deterministic": 1.0,
    "seed_offset": 100000
  },
  "episodes": [
    {
      "episode_return": -45.185993245163836,
      "success": 0.0,
      "collision": 0.0,
      "distance_to_goal": 1.4135205745697021,
      "route_line_lateral_error": 1.4135206937789917,
      "route_progress_ratio": 1.0,
      "min_obstacle_distance": 0.7160482406616211,
      "min_clearance": 0.3660482406616211,
      "path_length": 4.539273633679841,
      "start_to_goal_distance": 3.4931728839874268,
      "steps": 680.0,
      "control_effort": 0.6425129060359562,
      "episode_duration": 22.666666666666668,
      "time_to_goal": null
    },
    {
      "episode_return": -139.8115996295536,
      "success": 0.0,
      "collision": 0.0,
      "distance_to_goal": 1.7745964527130127,
      "route_line_lateral_error": 1.7745964527130127,
      "route_progress_ratio": 1.0,
      "min_obstacle_distance": 0.4171074628829956,
      "min_clearance": 0.06710746288299563,
      "path_length": 4.601833977125352,
      "start_to_goal_distance": 3.212475061416626,
      "steps": 680.0,
      "control_effort": 0.6613248023040155,
      "episode_duration": 22.666666666666668,
      "time_to_goal": null
    },
    {
      "episode_return": -137.94022274805843,
      "success": 0.0,
      "collision": 0.0,
      "distance_to_goal": 1.5946210622787476,
      "route_line_lateral_error": 1.594620943069458,
      "route_progress_ratio": 1.0,
      "min_obstacle_distance": 0.41570818424224854,
      "min_clearance": 0.06570818424224856,
      "path_length": 4.602599964855472,
      "start_to_goal_distance": 3.332151174545288,
      "steps": 680.0,
      "control_effort": 0.6561137328253073,
      "episode_duration": 22.666666666666668,
      "time_to_goal": null
    },
    {
      "episode_return": -69.53802146054942,
      "success": 0.0,
      "collision": 0.0,
      "distance_to_goal": 1.6537375450134277,
      "route_line_lateral_error": 1.6537375450134277,
      "route_progress_ratio": 1.0,
      "min_obstacle_distance": 0.8984540700912476,
      "min_clearance": 0.5484540700912476,
      "path_length": 4.638458772053127,
      "start_to_goal_distance": 3.1778056621551514,
      "steps": 680.0,
      "control_effort": 0.6508987141006133,
      "episode_duration": 22.666666666666668,
      "time_to_goal": null
    },
    {
      "episode_return": -45.89652166344338,
      "success": 0.0,
      "collision": 0.0,
      "distance_to_goal": 1.3645771741867065,
      "route_line_lateral_error": 1.364577293395996,
      "route_progress_ratio": 1.0,
      "min_obstacle_distance": 0.6517049670219421,
      "min_clearance": 0.30170496702194216,
      "path_length": 4.609702934249071,
      "start_to_goal_distance": 3.4347081184387207,
      "steps": 680.0,
      "control_effort": 0.6487246823661468,
      "episode_duration": 22.666666666666668,
      "time_to_goal": null
    },
    {
      "episode_return": -85.13411141600858,
      "success": 0.0,
      "collision": 0.0,
      "distance_to_goal": 1.5857594013214111,
      "route_line_lateral_error": 1.5857592821121216,
      "route_progress_ratio": 1.0,
      "min_obstacle_distance": 0.5041689872741699,
      "min_clearance": 0.15416898727416994,
      "path_length": 4.654923064546892,
      "start_to_goal_distance": 3.490565299987793,
      "steps": 680.0,
      "control_effort": 0.651170412319548,
      "episode_duration": 22.666666666666668,
      "time_to_goal": null
    },
    {
      "episode_return": -73.37012061765823,
      "success": 0.0,
      "collision": 0.0,
      "distance_to_goal": 1.7811166048049927,
      "route_line_lateral_error": 1.7811166048049927,
      "route_progress_ratio": 1.0,
      "min_obstacle_distance": 0.918727695941925,
      "min_clearance": 0.5687276959419251,
      "path_length": 4.709480303601595,
      "start_to_goal_distance": 3.1889052391052246,
      "steps": 680.0,
      "control_effort": 0.6536970470758046,
      "episode_duration": 22.666666666666668,
      "time_to_goal": null
    },
    {
      "episode_return": 134.8057784361219,
      "success": 1.0,
      "collision": 0.0,
      "distance_to_goal": 0.8965657949447632,
      "route_line_lateral_error": 0.8010973930358887,
      "route_progress_ratio": 0.8815693514872811,
      "min_obstacle_distance": 0.6771807074546814,
      "min_clearance": 0.3271807074546814,
      "path_length": 3.1920446956901287,
      "start_to_goal_distance": 3.399315357208252,
      "steps": 478.0,
      "control_effort": 0.6288830458369714,
      "episode_duration": 15.933333333333334,
      "time_to_goal": 15.933333333333334
    },
    {
      "episode_return": 131.9530626905591,
      "success": 1.0,
      "collision": 0.0,
      "distance_to_goal": 0.8990873098373413,
      "route_line_lateral_error": 0.8968852162361145,
      "route_progress_ratio": 0.9825229166862683,
      "min_obstacle_distance": 0.598240852355957,
      "min_clearance": 0.24824085235595705,
      "path_length": 3.821429882576922,
      "start_to_goal_distance": 3.5982794761657715,
      "steps": 574.0,
      "control_effort": 0.6424356389544151,
      "episode_duration": 19.133333333333333,
      "time_to_goal": 19.133333333333333
    },
    {
      "episode_return": -46.08731379723722,
      "success": 0.0,
      "collision": 0.0,
      "distance_to_goal": 1.4357298612594604,
      "route_line_lateral_error": 1.4357298612594604,
      "route_progress_ratio": 1.0,
      "min_obstacle_distance": 0.8530157804489136,
      "min_clearance": 0.5030157804489136,
      "path_length": 4.750357260025339,
      "start_to_goal_distance": 3.5860257148742676,
      "steps": 680.0,
      "control_effort": 0.653892018514521,
      "episode_duration": 22.666666666666668,
      "time_to_goal": null
    },
    {
      "episode_return": -39.17138562736883,
      "success": 0.0,
      "collision": 0.0,
      "distance_to_goal": 1.2107552289962769,
      "route_line_lateral_error": 1.2107551097869873,
      "route_progress_ratio": 1.0,
      "min_obstacle_distance": 0.7099643349647522,
      "min_clearance": 0.3599643349647522,
      "path_length": 4.569912010221742,
      "start_to_goal_distance": 3.468921422958374,
      "steps": 680.0,
      "control_effort": 0.630330163065125,
      "episode_duration": 22.666666666666668,
      "time_to_goal": null
    },
    {
      "episode_return": -41.01005899521816,
      "success": 0.0,
      "collision": 1.0,
      "distance_to_goal": 1.675647258758545,
      "route_line_lateral_error": 0.9362454414367676,