{
  "summary": {
    "train_episode": 1480,
    "stage_index": 8,
    "stage_name": "target_bypass_commit_v2",
    "stage_episode": 500,
    "stage_eval_index": 35,
    "stage_target_hit": 0.0,
    "stage_success_streak": 0,
    "stage_best_success_rate": 0.4166666567325592,
    "stage_best_collision_rate": 0.1666666716337204,
    "stage_best_avg_return": 10.393216133117676,
    "stage_bad_eval_streak": 25,
    "stage_regression_active": 1.0,
    "stage_regression_bad_eval": 1.0,
    "stage_regression_absolute_drop": 0.4166666567325592,
    "stage_regression_relative_drop": 1.0,
    "stage_regression_detected": 1.0,
    "stage_rollback_applied": 0.0,
    "stage_plateau_recovery_applied": 0.0,
    "num_episodes": 12,
    "success_rate": 0.0,
    "collision_rate": 0.0,
    "avg_episode_return": -107.59040069580078,
    "avg_path_length": 3.436594247817993,
    "avg_episode_duration": 24.0,
    "avg_time_to_goal": 0.0,
    "avg_distance_to_goal": 2.382962465286255,
    "avg_route_line_lateral_error": 1.9896684885025024,
    "avg_min_obstacle_distance": 0.740831196308136,
    "avg_min_clearance": 0.39083123207092285,
    "avg_control_effort": 0.792839527130127,
    "avg_path_efficiency": 0.0,
    "avg_steps": 720.0,
    "best_distance_to_goal": 2.1111955642700195,
    "best_route_line_lateral_error": 1.4529649019241333,
    "best_episode_return": -89.768310546875,
    "deterministic": 1.0,
    "seed_offset": 100000
  },
  "episodes": [
    {
      "episode_return": -131.28821142279344,
      "success": 0.0,
      "collision": 0.0,
      "distance_to_goal": 2.3910818099975586,
      "route_line_lateral_error": 1.4674670696258545,
      "route_progress_ratio": 0.5063200496695576,
      "min_obstacle_distance": 0.4621324837207794,
      "min_clearance": 0.11213248372077944,
      "path_length": 2.498300950018031,
      "start_to_goal_distance": 3.8239474296569824,
      "steps": 720.0,
      "control_effort": 0.7917642095022731,
      "episode_duration": 24.0,
      "time_to_goal": null
    },
    {
      "episode_return": -108.77989729742549,
      "success": 0.0,
      "collision": 0.0,
      "distance_to_goal": 2.2147457599639893,
      "route_line_lateral_error": 2.1138932704925537,
      "route_progress_ratio": 0.8086468219490354,
      "min_obstacle_distance": 0.6729211211204529,
      "min_clearance": 0.3229211211204529,
      "path_length": 3.6096639064663236,
      "start_to_goal_distance": 3.4528915882110596,
      "steps": 720.0,
      "control_effort": 0.7976795630322562,
      "episode_duration": 24.0,
      "time_to_goal": null
    },
    {
      "episode_return": -92.13759946863982,
      "success": 0.0,
      "collision": 0.0,
      "distance_to_goal": 2.201967239379883,
      "route_line_lateral_error": 1.7358341217041016,
      "route_progress_ratio": 0.6270442151597965,
      "min_obstacle_distance": 0.9080950021743774,
      "min_clearance": 0.5580950021743775,
      "path_length": 2.9285403691572256,
      "start_to_goal_distance": 3.632657766342163,
      "steps": 720.0,
      "control_effort": 0.7932814361320601,
      "episode_duration": 24.0,
      "time_to_goal": null
    },
    {
      "episode_return": -117.52024720492719,
      "success": 0.0,
      "collision": 0.0,
      "distance_to_goal": 2.3252968788146973,
      "route_line_lateral_error": 2.2969977855682373,
      "route_progress_ratio": 0.8942382063971311,
      "min_obstacle_distance": 0.7994057536125183,
      "min_clearance": 0.44940575361251833,
      "path_length": 4.106880798353814,
      "start_to_goal_distance": 3.4196953773498535,
      "steps": 720.0,
      "control_effort": 0.7898020769986841,
      "episode_duration": 24.0,
      "time_to_goal": null
    },
    {
      "episode_return": -92.68643943550961,
      "success": 0.0,
      "collision": 0.0,
      "distance_to_goal": 2.3260202407836914,
      "route_line_lateral_error": 1.5098700523376465,
      "route_progress_ratio": 0.5319392467603368,
      "min_obstacle_distance": 0.9013541340827942,
      "min_clearance": 0.5513541340827942,
      "path_length": 2.5951021186754595,
      "start_to_goal_distance": 3.780210494995117,
      "steps": 720.0,
      "control_effort": 0.794743765807814,
      "episode_duration": 24.0,
      "time_to_goal": null
    },
    {
      "episode_return": -117.74886284701459,
      "success": 0.0,
      "collision": 0.0,
      "distance_to_goal": 2.6759302616119385,
      "route_line_lateral_error": 2.3900322914123535,
      "route_progress_ratio": 0.6847352678674594,
      "min_obstacle_distance": 1.0356847047805786,
      "min_clearance": 0.6856847047805786,
      "path_length": 3.8101691899937578,
      "start_to_goal_distance": 3.8173413276672363,
      "steps": 720.0,
      "control_effort": 0.812640904304054,
      "episode_duration": 24.0,
      "time_to_goal": null
    },
    {
      "episode_return": -115.15769067030737,
      "success": 0.0,
      "collision": 0.0,
      "distance_to_goal": 2.255188465118408,
      "route_line_lateral_error": 2.1532835960388184,
      "route_progress_ratio": 0.8048190382085528,
      "min_obstacle_distance": 0.5591315031051636,
      "min_clearance": 0.2091315031051636,
      "path_length": 3.8667826844757656,
      "start_to_goal_distance": 3.4340314865112305,
      "steps": 720.0,
      "control_effort": 0.7977245971560478,
      "episode_duration": 24.0,
      "time_to_goal": null
    },
    {
      "episode_return": -122.47539666762438,
      "success": 0.0,
      "collision": 0.0,
      "distance_to_goal": 2.1111955642700195,
      "route_line_lateral_error": 2.0132646560668945,
      "route_progress_ratio": 0.8281710388692707,
      "min_obstacle_distance": 0.4669071137905121,
      "min_clearance": 0.11690711379051211,
      "path_length": 3.9643495031341445,
      "start_to_goal_distance": 3.6986794471740723,
      "steps": 720.0,
      "control_effort": 0.7629692383938366,
      "episode_duration": 24.0,
      "time_to_goal": null
    },
    {
      "episode_return": -90.51340537186502,
      "success": 0.0,
      "collision": 0.0,
      "distance_to_goal": 2.345799684524536,
      "route_line_lateral_error": 1.9167535305023193,
      "route_progress_ratio": 0.654433853923925,
      "min_obstacle_distance": 0.850656270980835,
      "min_clearance": 0.500656270980835,
      "path_length": 3.314324795972311,
      "start_to_goal_distance": 3.913414478302002,
      "steps": 720.0,
      "control_effort": 0.7867983532448609,
      "episode_duration": 24.0,
      "time_to_goal": null
    },
    {
      "episode_return": -92.96808785870616,
      "success": 0.0,
      "collision": 0.0,
      "distance_to_goal": 2.452383041381836,
      "route_line_lateral_error": 1.4529649019241333,
      "route_progress_ratio": 0.49052757179668965,
      "min_obstacle_distance": 0.6431514024734497,
      "min_clearance": 0.29315140247344973,
      "path_length": 2.4503834437418774,
      "start_to_goal_distance": 3.8777763843536377,
      "steps": 720.0,
      "control_effort": 0.7966770927111307,
      "episode_duration": 24.0,
      "time_to_goal": null
    },
    {
      "episode_return": -120.04069574871622,
      "success": 0.0,
      "collision": 0.0,
      "distance_to_goal": 2.6611545085906982,
      "route_line_lateral_error": 2.548146963119507,
      "route_progress_ratio": 0.7956219737463986,
      "min_obstacle_distance": 0.7696521282196045,
      "min_clearance": 0.4196521282196045,
      "path_length": 4.089200886170147,
      "start_to_goal_distance": 3.7541279792785645,
      "steps": 720.0,
      "control_effort": 0.7963213678863313,
      "episode_duration": 24.0,
      "time_to_goal": null
    },
    {
      "episode_return": -89.76831031148023,
      "success": 0.0,
      "collision": 0.0,
      "distance_to_goal": 2.6347885131835938,
      "route_line_lateral_error": 2.277512788772583,
      "route_progress_ratio": 0.6940704076463982,
      "min_obstacle_distance": 0.8208832740783691,