{
  "summary": {
    "train_episode": 1200,
    "stage_index": 8,
    "stage_name": "target_bypass_commit_v2",
    "stage_episode": 220,
    "stage_eval_index": 21,
    "stage_target_hit": 0.0,
    "stage_success_streak": 0,
    "stage_best_success_rate": 0.4166666567325592,
    "stage_best_collision_rate": 0.1666666716337204,
    "stage_best_avg_return": 10.393216133117676,
    "stage_bad_eval_streak": 11,
    "stage_regression_active": 1.0,
    "stage_regression_bad_eval": 1.0,
    "stage_regression_absolute_drop": 0.4166666567325592,
    "stage_regression_relative_drop": 1.0,
    "stage_regression_detected": 1.0,
    "stage_rollback_applied": 0.0,
    "stage_plateau_recovery_applied": 0.0,
    "num_episodes": 12,
    "success_rate": 0.0,
    "collision_rate": 0.3333333432674408,
    "avg_episode_return": -96.3740005493164,
    "avg_path_length": 2.5224125385284424,
    "avg_episode_duration": 17.98333168029785,
    "avg_time_to_goal": 0.0,
    "avg_distance_to_goal": 2.568769931793213,
    "avg_route_line_lateral_error": 1.0796798467636108,
    "avg_min_obstacle_distance": 0.5211783051490784,
    "avg_min_clearance": 0.17117828130722046,
    "avg_control_effort": 0.606334924697876,
    "avg_path_efficiency": 0.0,
    "avg_steps": 539.5,
    "best_distance_to_goal": 1.9536124467849731,
    "best_route_line_lateral_error": 0.326958566904068,
    "best_episode_return": -42.98613739013672,
    "deterministic": 1.0,
    "seed_offset": 100000
  },
  "episodes": [
    {
      "episode_return": -115.22369561124518,
      "success": 0.0,
      "collision": 0.0,
      "distance_to_goal": 2.772956371307373,
      "route_line_lateral_error": 1.273815393447876,
      "route_progress_ratio": 0.35588468038564985,
      "min_obstacle_distance": 0.7171356678009033,
      "min_clearance": 0.36713566780090334,
      "path_length": 2.9552954904593207,
      "start_to_goal_distance": 3.8239474296569824,
      "steps": 720.0,
      "control_effort": 0.6247785904755195,
      "episode_duration": 24.0,
      "time_to_goal": null
    },
    {
      "episode_return": -101.9095020647423,
      "success": 0.0,
      "collision": 0.0,
      "distance_to_goal": 2.2081620693206787,
      "route_line_lateral_error": 1.4739642143249512,
      "route_progress_ratio": 0.5238180941008918,
      "min_obstacle_distance": 0.5796788930892944,
      "min_clearance": 0.22967889308929446,
      "path_length": 3.0837796490050096,
      "start_to_goal_distance": 3.4528915882110596,
      "steps": 720.0,
      "control_effort": 0.6458555822157197,
      "episode_duration": 24.0,
      "time_to_goal": null
    },
    {
      "episode_return": -42.98613576535048,
      "success": 0.0,
      "collision": 1.0,
      "distance_to_goal": 2.5162806510925293,
      "route_line_lateral_error": 0.4636646807193756,
      "route_progress_ratio": 0.3191781417101112,
      "min_obstacle_distance": 0.3492187261581421,
      "min_clearance": -0.000781273841857888,
      "path_length": 1.2764574099273887,
      "start_to_goal_distance": 3.632657766342163,
      "steps": 203.0,
      "control_effort": 0.5733777739731549,
      "episode_duration": 6.766666666666667,
      "time_to_goal": null
    },
    {
      "episode_return": -92.90888238989305,
      "success": 0.0,
      "collision": 0.0,
      "distance_to_goal": 1.9679064750671387,
      "route_line_lateral_error": 1.5522834062576294,
      "route_progress_ratio": 0.6462916124541439,
      "min_obstacle_distance": 0.6714161038398743,
      "min_clearance": 0.3214161038398743,
      "path_length": 3.5032587885507382,
      "start_to_goal_distance": 3.4196953773498535,
      "steps": 720.0,
      "control_effort": 0.5311027221795586,
      "episode_duration": 24.0,
      "time_to_goal": null
    },
    {
      "episode_return": -52.727744493579564,
      "success": 0.0,
      "collision": 1.0,
      "distance_to_goal": 2.645517110824585,
      "route_line_lateral_error": 0.326958566904068,
      "route_progress_ratio": 0.3055320058488768,
      "min_obstacle_distance": 0.34895747900009155,
      "min_clearance": -0.001042520999908425,
      "path_length": 1.2220128985936753,
      "start_to_goal_distance": 3.780210494995117,
      "steps": 189.0,
      "control_effort": 0.5930620072379945,
      "episode_duration": 6.3,
      "time_to_goal": null
    },
    {
      "episode_return": -55.42515370048025,
      "success": 0.0,
      "collision": 1.0,
      "distance_to_goal": 2.738732099533081,
      "route_line_lateral_error": 0.3535521328449249,
      "route_progress_ratio": 0.28855824306777367,
      "min_obstacle_distance": 0.34968459606170654,
      "min_clearance": -0.0003154039382934348,
      "path_length": 1.1821037598419935,
      "start_to_goal_distance": 3.8173413276672363,
      "steps": 183.0,
      "control_effort": 0.5936504237638797,
      "episode_duration": 6.1,
      "time_to_goal": null
    },
    {
      "episode_return": -49.98929751092176,
      "success": 0.0,
      "collision": 1.0,
      "distance_to_goal": 2.6724510192871094,
      "route_line_lateral_error": 0.3405652642250061,
      "route_progress_ratio": 0.22811944661291814,
      "min_obstacle_distance": 0.3483209013938904,
      "min_clearance": -0.001679098606109597,
      "path_length": 0.8656275238172384,
      "start_to_goal_distance": 3.4340314865112305,
      "steps": 139.0,
      "control_effort": 0.587818393604361,
      "episode_duration": 4.633333333333334,
      "time_to_goal": null
    },
    {
      "episode_return": -104.32629327566045,
      "success": 0.0,
      "collision": 0.0,
      "distance_to_goal": 2.3884048461914062,
      "route_line_lateral_error": 1.32707679271698,
      "route_progress_ratio": 0.4631096009600999,
      "min_obstacle_distance": 0.724530816078186,
      "min_clearance": 0.37453081607818606,
      "path_length": 3.2141716835831176,
      "start_to_goal_distance": 3.6986794471740723,
      "steps": 720.0,
      "control_effort": 0.6378200967692667,
      "episode_duration": 24.0,
      "time_to_goal": null
    },
    {
      "episode_return": -152.15687309073087,
      "success": 0.0,
      "collision": 0.0,
      "distance_to_goal": 3.517502546310425,
      "route_line_lateral_error": 1.6902157068252563,
      "route_progress_ratio": 0.21173675905702735,
      "min_obstacle_distance": 0.5805796980857849,
      "min_clearance": 0.23057969808578493,
      "path_length": 2.928712700268079,
      "start_to_goal_distance": 3.913414478302002,
      "steps": 720.0,
      "control_effort": 0.6814797672546572,
      "episode_duration": 24.0,
      "time_to_goal": null
    },
    {
      "episode_return": -181.7599194928546,
      "success": 0.0,
      "collision": 0.0,
      "distance_to_goal": 2.6536855697631836,
      "route_line_lateral_error": 1.3838685750961304,
      "route_progress_ratio": 0.4160885441013422,
      "min_obstacle_distance": 0.41723257303237915,
      "min_clearance": 0.06723257303237917,
      "path_length": 3.1475751481339103,
      "start_to_goal_distance": 3.8777763843536377,
      "steps": 720.0,
      "control_effort": 0.6169016120334466,
      "episode_duration": 24.0,
      "time_to_goal": null
    },
    {
      "episode_return": -113.00483446684063,
      "success": 0.0,
      "collision": 0.0,
      "distance_to_goal": 1.9536124467849731,
      "route_line_lateral_error": 1.2691235542297363,
      "route_progress_ratio": 0.6043723994113027,
      "min_obstacle_distance": 0.4655531644821167,
      "min_clearance": 0.11555316448211672,
      "path_length": 3.38336604543656,
      "start_to_goal_distance": 3.7541279792785645,
      "steps": 720.0,
      "control_effort": 0.6004378671861357,
      "episode_duration": 24.0,
      "time_to_goal": null
    },
    {
      "episode_return": -94.06968374250954,
      "success": 0.0,
      "collision": 0.0,
      "distance_to_goal": 2.790029764175415,
      "route_line_lateral_error": 1.5010703802108765,
      "route_progress_ratio": 0.45689835818265906,