{
  "summary": {
    "train_episode": 540,
    "stage_index": 7,
    "stage_name": "target_bypass_intro_v2",
    "stage_episode": 20,
    "stage_eval_index": 4,
    "stage_target_hit": 0.0,
    "stage_success_streak": 0,
    "stage_best_success_rate": 0.0,
    "stage_best_collision_rate": 0.0,
    "stage_best_avg_return": -76.09248352050781,
    "stage_bad_eval_streak": 1,
    "stage_regression_active": 0.0,
    "stage_regression_bad_eval": 0.0,
    "stage_regression_absolute_drop": 0.0,
    "stage_regression_relative_drop": 0.0,
    "stage_regression_detected": 0.0,
    "stage_rollback_applied": 0.0,
    "stage_plateau_recovery_applied": 0.0,
    "num_episodes": 12,
    "success_rate": 0.0,
    "collision_rate": 0.0,
    "avg_episode_return": -109.9197998046875,
    "avg_path_length": 3.4989731311798096,
    "avg_episode_duration": 22.66666603088379,
    "avg_time_to_goal": 0.0,
    "avg_distance_to_goal": 2.5768179893493652,
    "avg_route_line_lateral_error": 2.2828338146209717,
    "avg_min_obstacle_distance": 0.9747923016548157,
    "avg_min_clearance": 0.6247923970222473,
    "avg_control_effort": 0.5716326832771301,
    "avg_path_efficiency": 0.0,
    "avg_steps": 680.0,
    "best_distance_to_goal": 2.1131086349487305,
    "best_route_line_lateral_error": 1.9272618293762207,
    "best_episode_return": -84.10784912109375,
    "deterministic": 1.0,
    "seed_offset": 100000
  },
  "episodes": [
    {
      "episode_return": -84.10784542224577,
      "success": 0.0,
      "collision": 0.0,
      "distance_to_goal": 2.1131086349487305,
      "route_line_lateral_error": 1.9272618293762207,
      "route_progress_ratio": 0.7519334803451595,
      "min_obstacle_distance": 0.7659928202629089,
      "min_clearance": 0.41599282026290896,
      "path_length": 3.7501038052723743,
      "start_to_goal_distance": 3.4931728839874268,
      "steps": 680.0,
      "control_effort": 0.5844990886747837,
      "episode_duration": 22.666666666666668,
      "time_to_goal": null
    },
    {
      "episode_return": -120.02305040780121,
      "success": 0.0,
      "collision": 0.0,
      "distance_to_goal": 2.5575263500213623,
      "route_line_lateral_error": 2.3389177322387695,
      "route_progress_ratio": 0.6779419058657512,
      "min_obstacle_distance": 0.9642084836959839,
      "min_clearance": 0.6142084836959839,
      "path_length": 3.4159994332003407,
      "start_to_goal_distance": 3.212475061416626,
      "steps": 680.0,
      "control_effort": 0.56409762194928,
      "episode_duration": 22.666666666666668,
      "time_to_goal": null
    },
    {
      "episode_return": -115.65992418650882,
      "success": 0.0,
      "collision": 0.0,
      "distance_to_goal": 2.5708117485046387,
      "route_line_lateral_error": 2.270059108734131,
      "route_progress_ratio": 0.6378890180383521,
      "min_obstacle_distance": 1.188086986541748,
      "min_clearance": 0.8380869865417481,
      "path_length": 3.3717015315196477,
      "start_to_goal_distance": 3.332151174545288,
      "steps": 680.0,
      "control_effort": 0.5753513213027927,
      "episode_duration": 22.666666666666668,
      "time_to_goal": null
    },
    {
      "episode_return": -126.17623375656767,
      "success": 0.0,
      "collision": 0.0,
      "distance_to_goal": 2.6156044006347656,
      "route_line_lateral_error": 2.354004144668579,
      "route_progress_ratio": 0.6411998844897129,
      "min_obstacle_distance": 1.2749792337417603,
      "min_clearance": 0.9249792337417603,
      "path_length": 3.3330834685475565,
      "start_to_goal_distance": 3.1778056621551514,
      "steps": 680.0,
      "control_effort": 0.5590726750738481,
      "episode_duration": 22.666666666666668,
      "time_to_goal": null
    },
    {
      "episode_return": -105.32037756123205,
      "success": 0.0,
      "collision": 0.0,
      "distance_to_goal": 2.486910581588745,
      "route_line_lateral_error": 2.247511625289917,
      "route_progress_ratio": 0.6900404756004529,
      "min_obstacle_distance": 0.7292119860649109,
      "min_clearance": 0.3792119860649109,
      "path_length": 3.5044330158270895,
      "start_to_goal_distance": 3.4347081184387207,
      "steps": 680.0,
      "control_effort": 0.5704910235369907,
      "episode_duration": 22.666666666666668,
      "time_to_goal": null
    },
    {
      "episode_return": -92.15206124732248,
      "success": 0.0,
      "collision": 0.0,
      "distance_to_goal": 2.279170513153076,
      "route_line_lateral_error": 2.0256600379943848,
      "route_progress_ratio": 0.7007181862467463,
      "min_obstacle_distance": 0.8124966621398926,
      "min_clearance": 0.4624966621398926,
      "path_length": 3.5409334082505666,
      "start_to_goal_distance": 3.490565299987793,
      "steps": 680.0,
      "control_effort": 0.6000731009770842,
      "episode_duration": 22.666666666666668,
      "time_to_goal": null
    },
    {
      "episode_return": -123.96272898650466,
      "success": 0.0,
      "collision": 0.0,
      "distance_to_goal": 2.602539300918579,
      "route_line_lateral_error": 2.307051181793213,
      "route_progress_ratio": 0.6222962537189992,
      "min_obstacle_distance": 0.6775935888290405,
      "min_clearance": 0.32759358882904055,
      "path_length": 3.2760888551711105,
      "start_to_goal_distance": 3.1889052391052246,
      "steps": 680.0,
      "control_effort": 0.5719041869920842,
      "episode_duration": 22.666666666666668,
      "time_to_goal": null
    },
    {
      "episode_return": -115.06059662242937,
      "success": 0.0,
      "collision": 0.0,
      "distance_to_goal": 2.677098035812378,
      "route_line_lateral_error": 2.331718683242798,
      "route_progress_ratio": 0.6130770733864123,
      "min_obstacle_distance": 1.151516079902649,
      "min_clearance": 0.801516079902649,
      "path_length": 3.3920443643582985,
      "start_to_goal_distance": 3.399315357208252,
      "steps": 680.0,
      "control_effort": 0.5800287383882439,
      "episode_duration": 22.666666666666668,
      "time_to_goal": null
    },
    {
      "episode_return": -104.82332330831048,
      "success": 0.0,
      "collision": 0.0,
      "distance_to_goal": 2.64325213432312,
      "route_line_lateral_error": 2.257434844970703,
      "route_progress_ratio": 0.6178582848791945,
      "min_obstacle_distance": 1.118979811668396,
      "min_clearance": 0.768979811668396,
      "path_length": 3.4850048442021944,
      "start_to_goal_distance": 3.5982794761657715,
      "steps": 680.0,
      "control_effort": 0.5878446337493027,
      "episode_duration": 22.666666666666668,
      "time_to_goal": null
    },
    {
      "episode_return": -113.10710826270079,
      "success": 0.0,
      "collision": 0.0,
      "distance_to_goal": 2.692439556121826,
      "route_line_lateral_error": 2.391399621963501,
      "route_progress_ratio": 0.6550194995213712,
      "min_obstacle_distance": 0.5973941087722778,
      "min_clearance": 0.24739410877227785,
      "path_length": 3.5709588469471782,
      "start_to_goal_distance": 3.5860257148742676,
      "steps": 680.0,
      "control_effort": 0.5631524487015079,
      "episode_duration": 22.666666666666668,
      "time_to_goal": null
    },
    {
      "episode_return": -116.55453038742587,
      "success": 0.0,
      "collision": 0.0,
      "distance_to_goal": 2.7293593883514404,
      "route_line_lateral_error": 2.504709005355835,
      "route_progress_ratio": 0.6874072619036901,
      "min_obstacle_distance": 1.1431453227996826,
      "min_clearance": 0.7931453227996826,
      "path_length": 3.714064078172669,
      "start_to_goal_distance": 3.468921422958374,
      "steps": 680.0,
      "control_effort": 0.5467420474571341,
      "episode_duration": 22.666666666666668,
      "time_to_goal": null
    },
    {
      "episode_return": -102.08990394435173,
      "success": 0.0,
      "collision": 0.0,
      "distance_to_goal": 2.9539942741394043,
      "route_line_lateral_error": 2.4382758140563965,