{
  "summary": {
    "train_episode": 780,
    "stage_index": 7,
    "stage_name": "target_bypass_intro_v2",
    "stage_episode": 140,
    "stage_eval_index": 16,
    "stage_target_hit": 1.0,
    "stage_success_streak": 1,
    "stage_best_success_rate": 0.9166666865348816,
    "stage_best_collision_rate": 0.0833333358168602,
    "stage_best_avg_return": 118.81832885742188,
    "stage_bad_eval_streak": 0,
    "stage_regression_active": 1.0,
    "stage_regression_bad_eval": 0.0,
    "stage_regression_absolute_drop": 0.0,
    "stage_regression_relative_drop": 0.0,
    "stage_regression_detected": 0.0,
    "stage_rollback_applied": 0.0,
    "stage_plateau_recovery_applied": 0.0,
    "num_episodes": 12,
    "success_rate": 0.9166666865348816,
    "collision_rate": 0.0833333358168602,
    "avg_episode_return": 118.81832885742188,
    "avg_path_length": 3.092500686645508,
    "avg_episode_duration": 14.588890075683594,
    "avg_time_to_goal": 15.039395332336426,
    "avg_distance_to_goal": 0.9398260116577148,
    "avg_route_line_lateral_error": 0.6614712476730347,
    "avg_min_obstacle_distance": 0.620292603969574,
    "avg_min_clearance": 0.27029263973236084,
    "avg_control_effort": 0.6785423755645752,
    "avg_path_efficiency": 0.9111712574958801,
    "avg_steps": 437.6666564941406,
    "best_distance_to_goal": 0.8955748081207275,
    "best_route_line_lateral_error": 0.4661949574947357,
    "best_episode_return": 141.9388427734375,
    "deterministic": 1.0,
    "seed_offset": 100000
  },
  "episodes": [
    {
      "episode_return": 138.80357676054615,
      "success": 1.0,
      "collision": 0.0,
      "distance_to_goal": 0.8955748081207275,
      "route_line_lateral_error": 0.7591305375099182,
      "route_progress_ratio": 0.8639752477386335,
      "min_obstacle_distance": 0.7614758014678955,
      "min_clearance": 0.41147580146789553,
      "path_length": 3.365917787043145,
      "start_to_goal_distance": 3.4931728839874268,
      "steps": 476.0,
      "control_effort": 0.6796790653166651,
      "episode_duration": 15.866666666666667,
      "time_to_goal": 15.866666666666667
    },
    {
      "episode_return": -31.15027525876632,
      "success": 0.0,
      "collision": 1.0,
      "distance_to_goal": 1.400110125541687,
      "route_line_lateral_error": 0.7129148244857788,
      "route_progress_ratio": 0.6248951599502364,
      "min_obstacle_distance": 0.34796348214149475,
      "min_clearance": -0.002036517858505227,
      "path_length": 2.192536921967985,
      "start_to_goal_distance": 3.212475061416626,
      "steps": 289.0,
      "control_effort": 0.7033857278345366,
      "episode_duration": 9.633333333333333,
      "time_to_goal": null
    },
    {
      "episode_return": 133.42049939662547,
      "success": 1.0,
      "collision": 0.0,
      "distance_to_goal": 0.8995482921600342,
      "route_line_lateral_error": 0.7000024914741516,
      "route_progress_ratio": 0.8304508675731457,
      "min_obstacle_distance": 0.556889533996582,
      "min_clearance": 0.20688953399658205,
      "path_length": 3.068063477650867,
      "start_to_goal_distance": 3.332151174545288,
      "steps": 438.0,
      "control_effort": 0.6726831087510879,
      "episode_duration": 14.6,
      "time_to_goal": 14.6
    },
    {
      "episode_return": 138.18563298626572,
      "success": 1.0,
      "collision": 0.0,
      "distance_to_goal": 0.899307906627655,
      "route_line_lateral_error": 0.6661879420280457,
      "route_progress_ratio": 0.8098972719210142,
      "min_obstacle_distance": 0.7760609984397888,
      "min_clearance": 0.42606099843978884,
      "path_length": 2.842006593986298,
      "start_to_goal_distance": 3.1778056621551514,
      "steps": 398.0,
      "control_effort": 0.6882652002363349,
      "episode_duration": 13.266666666666667,
      "time_to_goal": 13.266666666666667
    },
    {
      "episode_return": 139.9580685204419,
      "success": 1.0,
      "collision": 0.0,
      "distance_to_goal": 0.8967342972755432,
      "route_line_lateral_error": 0.6223677396774292,
      "route_progress_ratio": 0.8120383501281739,
      "min_obstacle_distance": 0.617175817489624,
      "min_clearance": 0.26717581748962405,
      "path_length": 3.0978017207380617,
      "start_to_goal_distance": 3.4347081184387207,
      "steps": 441.0,
      "control_effort": 0.6820537239786179,
      "episode_duration": 14.7,
      "time_to_goal": 14.7
    },
    {
      "episode_return": 104.03460615100188,
      "success": 1.0,
      "collision": 0.0,
      "distance_to_goal": 0.8995756506919861,
      "route_line_lateral_error": 0.8847051858901978,
      "route_progress_ratio": 0.9533342185494859,
      "min_obstacle_distance": 0.534130871295929,
      "min_clearance": 0.18413087129592898,
      "path_length": 3.737001130644785,
      "start_to_goal_distance": 3.490565299987793,
      "steps": 547.0,
      "control_effort": 0.6801192404147258,
      "episode_duration": 18.233333333333334,
      "time_to_goal": 18.233333333333334
    },
    {
      "episode_return": 138.43425395063804,
      "success": 1.0,
      "collision": 0.0,
      "distance_to_goal": 0.8969771862030029,
      "route_line_lateral_error": 0.6574126482009888,
      "route_progress_ratio": 0.8086404892383972,
      "min_obstacle_distance": 0.8395787477493286,
      "min_clearance": 0.48957874774932864,
      "path_length": 2.860955423404448,
      "start_to_goal_distance": 3.1889052391052246,
      "steps": 410.0,
      "control_effort": 0.6815933836669457,
      "episode_duration": 13.666666666666666,
      "time_to_goal": 13.666666666666666
    },
    {
      "episode_return": 141.93883738299039,
      "success": 1.0,
      "collision": 0.0,
      "distance_to_goal": 0.8975316286087036,
      "route_line_lateral_error": 0.4661949574947357,
      "route_progress_ratio": 0.7743785455248867,
      "min_obstacle_distance": 0.5842076539993286,
      "min_clearance": 0.23420765399932864,
      "path_length": 2.7860441621378413,
      "start_to_goal_distance": 3.399315357208252,
      "steps": 395.0,
      "control_effort": 0.6688803929316847,
      "episode_duration": 13.166666666666666,
      "time_to_goal": 13.166666666666666
    },
    {
      "episode_return": 126.06731430435839,
      "success": 1.0,
      "collision": 0.0,
      "distance_to_goal": 0.896728515625,
      "route_line_lateral_error": 0.5302500128746033,
      "route_progress_ratio": 0.7990268268315758,
      "min_obstacle_distance": 0.5302072167396545,
      "min_clearance": 0.18020721673965456,
      "path_length": 3.0737480288080405,
      "start_to_goal_distance": 3.5982794761657715,
      "steps": 423.0,
      "control_effort": 0.664048365385538,
      "episode_duration": 14.1,
      "time_to_goal": 14.1
    },
    {
      "episode_return": 135.2226599562341,
      "success": 1.0,
      "collision": 0.0,
      "distance_to_goal": 0.8993078470230103,
      "route_line_lateral_error": 0.692743182182312,
      "route_progress_ratio": 0.8400836466904003,
      "min_obstacle_distance": 0.7412511706352234,
      "min_clearance": 0.3912511706352234,
      "path_length": 3.354353519360302,
      "start_to_goal_distance": 3.5860257148742676,
      "steps": 509.0,
      "control_effort": 0.6707474944165273,
      "episode_duration": 16.966666666666665,
      "time_to_goal": 16.966666666666665
    },
    {
      "episode_return": 140.01248717811106,
      "success": 1.0,
      "collision": 0.0,
      "distance_to_goal": 0.899093508720398,
      "route_line_lateral_error": 0.5844894051551819,
      "route_progress_ratio": 0.8030556070838796,
      "min_obstacle_distance": 0.6701545715332031,
      "min_clearance": 0.32015457153320315,
      "path_length": 3.0347740627621533,
      "start_to_goal_distance": 3.468921422958374,
      "steps": 415.0,
      "control_effort": 0.6802588727100786,
      "episode_duration": 13.833333333333334,
      "time_to_goal": 13.833333333333334
    },
    {
      "episode_return": 120.89238759466895,