{
  "summary": {
    "train_episode": 820,
    "stage_index": 8,
    "stage_name": "target_bypass_commit_v2",
    "stage_episode": 40,
    "stage_eval_index": 2,
    "stage_target_hit": 0.0,
    "stage_success_streak": 0,
    "stage_best_success_rate": 0.4166666567325592,
    "stage_best_collision_rate": 0.1666666716337204,
    "stage_best_avg_return": 10.393216133117676,
    "stage_bad_eval_streak": 0,
    "stage_regression_active": 1.0,
    "stage_regression_bad_eval": 1.0,
    "stage_regression_absolute_drop": 0.333333320915699,
    "stage_regression_relative_drop": 0.7999999892711637,
    "stage_regression_detected": 1.0,
    "stage_rollback_applied": 1.0,
    "stage_plateau_recovery_applied": 0.0,
    "num_episodes": 12,
    "success_rate": 0.0833333358168602,
    "collision_rate": 0.0833333358168602,
    "avg_episode_return": -54.624176025390625,
    "avg_path_length": 3.8322722911834717,
    "avg_episode_duration": 23.127777099609375,
    "avg_time_to_goal": 22.33333396911621,
    "avg_distance_to_goal": 1.530664324760437,
    "avg_route_line_lateral_error": 0.8933477997779846,
    "avg_min_obstacle_distance": 0.6522940993309021,
    "avg_min_clearance": 0.3022940456867218,
    "avg_control_effort": 0.6608757376670837,
    "avg_path_efficiency": 0.07773835211992264,
    "avg_steps": 693.8333129882812,
    "best_distance_to_goal": 0.7392258644104004,
    "best_route_line_lateral_error": 0.03636351600289345,
    "best_episode_return": 137.1496124267578,
    "deterministic": 1.0,
    "seed_offset": 100000
  },
  "episodes": [
    {
      "episode_return": 137.14961938308377,
      "success": 1.0,
      "collision": 0.0,
      "distance_to_goal": 0.7392258644104004,
      "route_line_lateral_error": 0.44329607486724854,
      "route_progress_ratio": 0.8453012501310884,
      "min_obstacle_distance": 1.1175614595413208,
      "min_clearance": 0.7675614595413208,
      "path_length": 4.099164646991994,
      "start_to_goal_distance": 3.8239474296569824,
      "steps": 670.0,
      "control_effort": 0.6498839518917141,
      "episode_duration": 22.333333333333332,
      "time_to_goal": 22.333333333333332
    },
    {
      "episode_return": -43.191366789500194,
      "success": 0.0,
      "collision": 1.0,
      "distance_to_goal": 1.415799856185913,
      "route_line_lateral_error": 0.976131021976471,
      "route_progress_ratio": 0.7030015652709133,
      "min_obstacle_distance": 0.3491576015949249,
      "min_clearance": -0.000842398405075051,
      "path_length": 2.867325298691867,
      "start_to_goal_distance": 3.4528915882110596,
      "steps": 456.0,
      "control_effort": 0.6305816135647004,
      "episode_duration": 15.2,
      "time_to_goal": null
    },
    {
      "episode_return": -8.872782863250574,
      "success": 0.0,
      "collision": 0.0,
      "distance_to_goal": 0.849003255367279,
      "route_line_lateral_error": 0.34663841128349304,
      "route_progress_ratio": 0.7866535498935416,
      "min_obstacle_distance": 0.6087068915367126,
      "min_clearance": 0.25870689153671267,
      "path_length": 4.184127496031579,
      "start_to_goal_distance": 3.632657766342163,
      "steps": 720.0,
      "control_effort": 0.6588345449003908,
      "episode_duration": 24.0,
      "time_to_goal": null
    },
    {
      "episode_return": -116.41203210988587,
      "success": 0.0,
      "collision": 0.0,
      "distance_to_goal": 2.491892099380493,
      "route_line_lateral_error": 1.8763211965560913,
      "route_progress_ratio": 0.5204836186965263,
      "min_obstacle_distance": 0.7050535678863525,
      "min_clearance": 0.35505356788635256,
      "path_length": 3.749832143948879,
      "start_to_goal_distance": 3.4196953773498535,
      "steps": 720.0,
      "control_effort": 0.686091195874744,
      "episode_duration": 24.0,
      "time_to_goal": null
    },
    {
      "episode_return": -51.9116827262686,
      "success": 0.0,
      "collision": 0.0,
      "distance_to_goal": 1.6004409790039062,
      "route_line_lateral_error": 0.5732983946800232,
      "route_progress_ratio": 0.6047214845813578,
      "min_obstacle_distance": 0.576819121837616,
      "min_clearance": 0.226819121837616,
      "path_length": 3.432757982169278,
      "start_to_goal_distance": 3.780210494995117,
      "steps": 720.0,
      "control_effort": 0.6566107326911556,
      "episode_duration": 24.0,
      "time_to_goal": null
    },
    {
      "episode_return": -233.77695788506003,
      "success": 0.0,
      "collision": 0.0,
      "distance_to_goal": 2.7398414611816406,
      "route_line_lateral_error": 1.8476364612579346,
      "route_progress_ratio": 0.4700213102293473,
      "min_obstacle_distance": 0.3645477592945099,
      "min_clearance": 0.01454775929450991,
      "path_length": 3.8432404132618103,
      "start_to_goal_distance": 3.8173413276672363,
      "steps": 720.0,
      "control_effort": 0.69352139002747,
      "episode_duration": 24.0,
      "time_to_goal": null
    },
    {
      "episode_return": -197.17324010792024,
      "success": 0.0,
      "collision": 0.0,
      "distance_to_goal": 2.019843101501465,
      "route_line_lateral_error": 1.3099805116653442,
      "route_progress_ratio": 0.5522934143476959,
      "min_obstacle_distance": 0.351127028465271,
      "min_clearance": 0.0011270284652710183,
      "path_length": 3.780628411019279,
      "start_to_goal_distance": 3.4340314865112305,
      "steps": 720.0,
      "control_effort": 0.6774423480033874,
      "episode_duration": 24.0,
      "time_to_goal": null
    },
    {
      "episode_return": -7.38737253001398,
      "success": 0.0,
      "collision": 0.0,
      "distance_to_goal": 0.822263240814209,
      "route_line_lateral_error": 0.5852382779121399,
      "route_progress_ratio": 0.8438382181684901,
      "min_obstacle_distance": 1.0142185688018799,
      "min_clearance": 0.6642185688018799,
      "path_length": 4.2325068173522595,
      "start_to_goal_distance": 3.6986794471740723,
      "steps": 720.0,
      "control_effort": 0.6621405694219801,
      "episode_duration": 24.0,
      "time_to_goal": null
    },
    {
      "episode_return": -47.001278379479025,
      "success": 0.0,
      "collision": 0.0,
      "distance_to_goal": 1.5314515829086304,
      "route_line_lateral_error": 0.6002763509750366,
      "route_progress_ratio": 0.6399806872770584,
      "min_obstacle_distance": 0.5331889986991882,
      "min_clearance": 0.18318899869918825,
      "path_length": 3.815515780239366,
      "start_to_goal_distance": 3.913414478302002,
      "steps": 720.0,
      "control_effort": 0.6642314001089997,
      "episode_duration": 24.0,
      "time_to_goal": null
    },
    {
      "episode_return": 0.2790182915734434,
      "success": 0.0,
      "collision": 0.0,
      "distance_to_goal": 0.8231874704360962,
      "route_line_lateral_error": 0.03636351600289345,
      "route_progress_ratio": 0.7879238514285004,
      "min_obstacle_distance": 0.8527287840843201,
      "min_clearance": 0.5027287840843201,
      "path_length": 3.7694383325288072,
      "start_to_goal_distance": 3.8777763843536377,
      "steps": 720.0,
      "control_effort": 0.6334927578767141,
      "episode_duration": 24.0,
      "time_to_goal": null
    },
    {
      "episode_return": -5.101317471912171,
      "success": 0.0,
      "collision": 0.0,
      "distance_to_goal": 0.8448923230171204,
      "route_line_lateral_error": 0.765222430229187,
      "route_progress_ratio": 0.9045961267256337,
      "min_obstacle_distance": 0.8017487525939941,
      "min_clearance": 0.45174875259399416,
      "path_length": 4.390807158779353,
      "start_to_goal_distance": 3.7541279792785645,
      "steps": 720.0,
      "control_effort": 0.6452026237216261,
      "episode_duration": 24.0,
      "time_to_goal": null
    },
    {
      "episode_return": -82.09070577779896,
      "success": 0.0,
      "collision": 0.0,
      "distance_to_goal": 2.490129232406616,
      "route_line_lateral_error": 1.359771490097046,