{
  "episode_return": 134.8057784361219,
  "success": 1.0,
  "collision": 0.0,
  "distance_to_goal": 0.8965657949447632,
  "route_line_lateral_error": 0.8010973930358887,
  "route_progress_ratio": 0.8815693514872811,
  "min_obstacle_distance": 0.6771807074546814,
  "min_clearance": 0.3271807074546814,
  "path_length": 3.1920446956901287,
  "start_to_goal_distance": 3.399315357208252,
  "steps": 478.0,
  "control_effort": 0.6288830458369714,
  "episode_duration": 15.933333333333334,
  "time_to_goal": 15.933333333333334
}