{
  "summary": {
    "train_episode": 60,
    "stage_index": 1,
    "stage_name": "corridor_dash",
    "stage_episode": 40,
    "stage_eval_index": 2,
    "stage_target_hit": 1.0,
    "stage_success_streak": 1,
    "stage_best_success_rate": 1.0,
    "stage_best_collision_rate": 0.0,
    "stage_best_avg_return": 87.70075225830078,
    "stage_bad_eval_streak": 0,
    "stage_regression_active": 1.0,
    "stage_regression_bad_eval": 0.0,
    "stage_regression_absolute_drop": 0.0,
    "stage_regression_relative_drop": 0.0,
    "stage_regression_detected": 0.0,
    "stage_rollback_applied": 0.0,
    "stage_plateau_recovery_applied": 0.0,
    "num_episodes": 12,
    "success_rate": 1.0,
    "collision_rate": 0.0,
    "avg_episode_return": 87.70075225830078,
    "avg_path_length": 0.5814585089683533,
    "avg_episode_duration": 2.633333444595337,
    "avg_time_to_goal": 2.633333444595337,
    "avg_distance_to_goal": 1.0947155952453613,
    "avg_route_line_lateral_error": 0.05380694195628166,
    "avg_min_obstacle_distance": 3.1209723949432373,
    "avg_min_clearance": 2.77097225189209,
    "avg_control_effort": 0.6803340315818787,
    "avg_path_efficiency": 1.0,
    "avg_steps": 79.0,
    "best_distance_to_goal": 1.090766191482544,
    "best_route_line_lateral_error": 0.005738744977861643,
    "best_episode_return": 94.93864440917969,
    "deterministic": 1.0,
    "seed_offset": 100000
  },
  "episodes": [
    {
      "episode_return": 90.42267365232894,
      "success": 1.0,
      "collision": 0.0,
      "distance_to_goal": 1.0933836698532104,
      "route_line_lateral_error": 0.048476312309503555,
      "route_progress_ratio": 0.3807333596414437,
      "min_obstacle_distance": 3.1890575885772705,
      "min_clearance": 2.8390575885772704,
      "path_length": 0.6800840459509345,
      "start_to_goal_distance": 1.7638744115829468,
      "steps": 88.0,
      "control_effort": 0.6803342611952261,
      "episode_duration": 2.933333333333333,
      "time_to_goal": 2.933333333333333
    },
    {
      "episode_return": 79.8943608807465,
      "success": 1.0,
      "collision": 0.0,
      "distance_to_goal": 1.0996454954147339,
      "route_line_lateral_error": 0.02423691563308239,
      "route_progress_ratio": 0.19974397199615068,
      "min_obstacle_distance": 3.6219136714935303,
      "min_clearance": 3.27191367149353,
      "path_length": 0.27839861704342184,
      "start_to_goal_distance": 1.3737833499908447,
      "steps": 43.0,
      "control_effort": 0.6803342797035394,
      "episode_duration": 1.4333333333333333,
      "time_to_goal": 1.4333333333333333
    },
    {
      "episode_return": 88.04080213406549,
      "success": 1.0,
      "collision": 0.0,
      "distance_to_goal": 1.090766191482544,
      "route_line_lateral_error": 0.0565682128071785,
      "route_progress_ratio": 0.30951143398122377,
      "min_obstacle_distance": 3.5016441345214844,
      "min_clearance": 3.1516441345214843,
      "path_length": 0.5001176137520815,
      "start_to_goal_distance": 1.5775760412216187,
      "steps": 64.0,
      "control_effort": 0.680334803648293,
      "episode_duration": 2.1333333333333333,
      "time_to_goal": 2.1333333333333333
    },
    {
      "episode_return": 79.11473500607843,
      "success": 1.0,
      "collision": 0.0,
      "distance_to_goal": 1.0985795259475708,
      "route_line_lateral_error": 0.03443985432386398,
      "route_progress_ratio": 0.18808810249227514,
      "min_obstacle_distance": 2.3767735958099365,
      "min_clearance": 2.0267735958099364,
      "path_length": 0.2585550827207044,
      "start_to_goal_distance": 1.3524121046066284,
      "steps": 41.0,
      "control_effort": 0.6803328569342451,
      "episode_duration": 1.3666666666666667,
      "time_to_goal": 1.3666666666666667
    },
    {
      "episode_return": 90.1355029356599,
      "success": 1.0,
      "collision": 0.0,
      "distance_to_goal": 1.0958905220031738,
      "route_line_lateral_error": 0.0978759303689003,
      "route_progress_ratio": 0.37257152387930137,
      "min_obstacle_distance": 3.288210391998291,
      "min_clearance": 2.938210391998291,
      "path_length": 0.6652634433012281,
      "start_to_goal_distance": 1.7396578788757324,
      "steps": 96.0,
      "control_effort": 0.6803342712422212,
      "episode_duration": 3.2,
      "time_to_goal": 3.2
    },
    {
      "episode_return": 90.27736684452195,
      "success": 1.0,
      "collision": 0.0,
      "distance_to_goal": 1.0973551273345947,
      "route_line_lateral_error": 0.07741466164588928,
      "route_progress_ratio": 0.37611342592985786,
      "min_obstacle_distance": 3.2092208862304688,
      "min_clearance": 2.8592208862304687,
      "path_length": 0.6726646860479377,
      "start_to_goal_distance": 1.7545193433761597,
      "steps": 89.0,
      "control_effort": 0.6803342686610275,
      "episode_duration": 2.966666666666667,
      "time_to_goal": 2.966666666666667
    },
    {
      "episode_return": 79.88205153040948,
      "success": 1.0,
      "collision": 0.0,
      "distance_to_goal": 1.0932483673095703,
      "route_line_lateral_error": 0.034364234656095505,
      "route_progress_ratio": 0.19969495372072907,
      "min_obstacle_distance": 2.756035566329956,
      "min_clearance": 2.406035566329956,
      "path_length": 0.27814208934796625,
      "start_to_goal_distance": 1.3653645515441895,
      "steps": 43.0,
      "control_effort": 0.68033327612766,
      "episode_duration": 1.4333333333333333,
      "time_to_goal": 1.4333333333333333
    },
    {
      "episode_return": 88.93512965713184,
      "success": 1.0,
      "collision": 0.0,
      "distance_to_goal": 1.096198320388794,
      "route_line_lateral_error": 0.005738744977861643,
      "route_progress_ratio": 0.32879505766348804,
      "min_obstacle_distance": 2.6024558544158936,
      "min_clearance": 2.2524558544158935,
      "path_length": 0.5402959991697571,
      "start_to_goal_distance": 1.6331573724746704,
      "steps": 70.0,
      "control_effort": 0.6803336722510201,
      "episode_duration": 2.3333333333333335,
      "time_to_goal": 2.3333333333333335
    },
    {
      "episode_return": 91.06331405677446,
      "success": 1.0,
      "collision": 0.0,
      "distance_to_goal": 1.092319369316101,
      "route_line_lateral_error": 0.05012368783354759,
      "route_progress_ratio": 0.40052922524052315,
      "min_obstacle_distance": 3.2778303623199463,
      "min_clearance": 2.927830362319946,
      "path_length": 0.7431052567917504,
      "start_to_goal_distance": 1.8202201128005981,
      "steps": 102.0,
      "control_effort": 0.6803342442886502,
      "episode_duration": 3.4,
      "time_to_goal": 3.4
    },
    {
      "episode_return": 90.44213653076534,
      "success": 1.0,
      "collision": 0.0,
      "distance_to_goal": 1.0925213098526,
      "route_line_lateral_error": 0.029593931511044502,
      "route_progress_ratio": 0.38100984357971446,
      "min_obstacle_distance": 3.3612194061279297,
      "min_clearance": 3.0112194061279296,
      "path_length": 0.679570354266616,
      "start_to_goal_distance": 1.7643582820892334,
      "steps": 93.0,
      "control_effort": 0.6803343103777978,
      "episode_duration": 3.1,
      "time_to_goal": 3.1
    },
    {
      "episode_return": 89.26237061497972,
      "success": 1.0,
      "collision": 0.0,
      "distance_to_goal": 1.0939120054244995,
      "route_line_lateral_error": 0.03584056347608566,
      "route_progress_ratio": 0.34111336555780025,
      "min_obstacle_distance": 3.4951388835906982,
      "min_clearance": 3.145138883590698,
      "path_length": 0.5713358040520689,
      "start_to_goal_distance": 1.6593517065048218,
      "steps": 74.0,
      "control_effort": 0.6803347532813614,
      "episode_duration": 2.466666666666667,
      "time_to_goal": 2.466666666666667
    },
    {
      "episode_return": 94.93864407511681,
      "success": 1.0,
      "collision": 0.0,
      "distance_to_goal": 1.0927667617797852,