{
  "episode_return": -55.55060240667504,
  "success": 0.0,
  "collision": 0.0,
  "distance_to_goal": 1.3571059703826904,
  "route_line_lateral_error": 1.3275343179702759,
  "route_progress_ratio": 0.9122917105316964,
  "min_obstacle_distance": 0.7388803958892822,
  "min_clearance": 0.38888039588928225,
  "path_length": 3.3577858729804007,
  "start_to_goal_distance": 3.212475061416626,
  "steps": 680.0,
  "control_effort": 0.7247325298540732,
  "episode_duration": 22.666666666666668,
  "time_to_goal": null
}