{
  "summary": {
    "train_episode": 900,
    "stage_index": 8,
    "stage_name": "target_bypass_commit_v2",
    "stage_episode": 40,
    "stage_eval_index": 6,
    "stage_target_hit": 0.0,
    "stage_success_streak": 0,
    "stage_best_success_rate": 0.4166666567325592,
    "stage_best_collision_rate": 0.1666666716337204,
    "stage_best_avg_return": 10.393216133117676,
    "stage_bad_eval_streak": 0,
    "stage_regression_active": 1.0,
    "stage_regression_bad_eval": 1.0,
    "stage_regression_absolute_drop": 0.4166666567325592,
    "stage_regression_relative_drop": 1.0,
    "stage_regression_detected": 1.0,
    "stage_rollback_applied": 1.0,
    "stage_plateau_recovery_applied": 0.0,
    "num_episodes": 12,
    "success_rate": 0.0,
    "collision_rate": 0.0833333358168602,
    "avg_episode_return": -70.57453155517578,
    "avg_path_length": 3.4464728832244873,
    "avg_episode_duration": 22.883333206176758,
    "avg_time_to_goal": 0.0,
    "avg_distance_to_goal": 1.806254267692566,
    "avg_route_line_lateral_error": 1.1435874700546265,
    "avg_min_obstacle_distance": 0.6438629031181335,
    "avg_min_clearance": 0.293862909078598,
    "avg_control_effort": 0.6470209956169128,
    "avg_path_efficiency": 0.0,
    "avg_steps": 686.5,
    "best_distance_to_goal": 0.9046471118927002,
    "best_route_line_lateral_error": 0.7628026604652405,
    "best_episode_return": -14.63806438446045,
    "deterministic": 1.0,
    "seed_offset": 100000
  },
  "episodes": [
    {
      "episode_return": -32.3923796399597,
      "success": 0.0,
      "collision": 0.0,
      "distance_to_goal": 1.3199340105056763,
      "route_line_lateral_error": 0.7930901646614075,
      "route_progress_ratio": 0.7240813183132552,
      "min_obstacle_distance": 1.0591983795166016,
      "min_clearance": 0.7091983795166016,
      "path_length": 3.6344306548165726,
      "start_to_goal_distance": 3.8239474296569824,
      "steps": 720.0,
      "control_effort": 0.6379358641803264,
      "episode_duration": 24.0,
      "time_to_goal": null
    },
    {
      "episode_return": -77.1723293844402,
      "success": 0.0,
      "collision": 0.0,
      "distance_to_goal": 1.7412856817245483,
      "route_line_lateral_error": 1.306962490081787,
      "route_progress_ratio": 0.6667664654326743,
      "min_obstacle_distance": 0.7688032984733582,
      "min_clearance": 0.4188032984733582,
      "path_length": 3.729120252667954,
      "start_to_goal_distance": 3.4528915882110596,
      "steps": 720.0,
      "control_effort": 0.6476652267906401,
      "episode_duration": 24.0,
      "time_to_goal": null
    },
    {
      "episode_return": -122.78829749649447,
      "success": 0.0,
      "collision": 0.0,
      "distance_to_goal": 1.3792465925216675,
      "route_line_lateral_error": 0.9646008610725403,
      "route_progress_ratio": 0.7286195077587192,
      "min_obstacle_distance": 0.4153904616832733,
      "min_clearance": 0.06539046168327334,
      "path_length": 3.414709156240974,
      "start_to_goal_distance": 3.632657766342163,
      "steps": 720.0,
      "control_effort": 0.6489463899698522,
      "episode_duration": 24.0,
      "time_to_goal": null
    },
    {
      "episode_return": -121.46627208071455,
      "success": 0.0,
      "collision": 0.0,
      "distance_to_goal": 2.657843589782715,
      "route_line_lateral_error": 2.184669017791748,
      "route_progress_ratio": 0.5573519222502137,
      "min_obstacle_distance": 0.8018531799316406,
      "min_clearance": 0.45185317993164065,
      "path_length": 4.282425671204692,
      "start_to_goal_distance": 3.4196953773498535,
      "steps": 720.0,
      "control_effort": 0.6587774084673987,
      "episode_duration": 24.0,
      "time_to_goal": null
    },
    {
      "episode_return": -72.09608435499091,
      "success": 0.0,
      "collision": 0.0,
      "distance_to_goal": 2.0351574420928955,
      "route_line_lateral_error": 0.8577287197113037,
      "route_progress_ratio": 0.5117782941684297,
      "min_obstacle_distance": 0.5908610224723816,
      "min_clearance": 0.24086102247238161,
      "path_length": 2.496723925835756,
      "start_to_goal_distance": 3.780210494995117,
      "steps": 720.0,
      "control_effort": 0.6553736147781213,
      "episode_duration": 24.0,
      "time_to_goal": null
    },
    {
      "episode_return": -124.33475676168607,
      "success": 0.0,
      "collision": 0.0,
      "distance_to_goal": 2.4659361839294434,
      "route_line_lateral_error": 1.8296619653701782,
      "route_progress_ratio": 0.5669151194578258,
      "min_obstacle_distance": 0.5023282170295715,
      "min_clearance": 0.15232821702957156,
      "path_length": 3.823926685527283,
      "start_to_goal_distance": 3.8173413276672363,
      "steps": 720.0,
      "control_effort": 0.6683101870947414,
      "episode_duration": 24.0,
      "time_to_goal": null
    },
    {
      "episode_return": -96.00771007106817,
      "success": 0.0,
      "collision": 0.0,
      "distance_to_goal": 1.8612719774246216,
      "route_line_lateral_error": 1.3777779340744019,
      "route_progress_ratio": 0.6355817929301555,
      "min_obstacle_distance": 0.5229364633560181,
      "min_clearance": 0.1729364633560181,
      "path_length": 3.2938209280328543,
      "start_to_goal_distance": 3.4340314865112305,
      "steps": 720.0,
      "control_effort": 0.6493430328038003,
      "episode_duration": 24.0,
      "time_to_goal": null
    },
    {
      "episode_return": -19.267723840872737,
      "success": 0.0,
      "collision": 0.0,
      "distance_to_goal": 1.0074070692062378,
      "route_line_lateral_error": 0.9217433333396912,
      "route_progress_ratio": 0.890090854440159,
      "min_obstacle_distance": 0.8441200852394104,
      "min_clearance": 0.4941200852394104,
      "path_length": 4.249745638575405,
      "start_to_goal_distance": 3.6986794471740723,
      "steps": 720.0,
      "control_effort": 0.6602191915942563,
      "episode_duration": 24.0,
      "time_to_goal": null
    },
    {
      "episode_return": -67.0644857988587,
      "success": 0.0,
      "collision": 0.0,
      "distance_to_goal": 1.873666524887085,
      "route_line_lateral_error": 1.0245205163955688,
      "route_progress_ratio": 0.5991345828726,
      "min_obstacle_distance": 0.5503681898117065,
      "min_clearance": 0.20036818981170657,
      "path_length": 3.2459641440012206,
      "start_to_goal_distance": 3.913414478302002,
      "steps": 720.0,
      "control_effort": 0.6568330824375153,
      "episode_duration": 24.0,
      "time_to_goal": null
    },
    {
      "episode_return": -50.793318918183594,
      "success": 0.0,
      "collision": 0.0,
      "distance_to_goal": 1.6829729080200195,
      "route_line_lateral_error": 0.7628026604652405,
      "route_progress_ratio": 0.6131348791019599,
      "min_obstacle_distance": 0.7685229778289795,
      "min_clearance": 0.4185229778289795,
      "path_length": 2.905333609795317,
      "start_to_goal_distance": 3.8777763843536377,
      "steps": 720.0,
      "control_effort": 0.6328038228882684,
      "episode_duration": 24.0,
      "time_to_goal": null
    },
    {
      "episode_return": -14.638064577890361,
      "success": 0.0,
      "collision": 0.0,
      "distance_to_goal": 0.9046471118927002,
      "route_line_lateral_error": 0.8012175559997559,
      "route_progress_ratio": 0.8881114475502723,
      "min_obstacle_distance": 0.5526623725891113,
      "min_clearance": 0.20266237258911135,
      "path_length": 4.219592557899887,
      "start_to_goal_distance": 3.7541279792785645,
      "steps": 720.0,
      "control_effort": 0.6437452303866545,
      "episode_duration": 24.0,
      "time_to_goal": null
    },
    {
      "episode_return": -48.87287942139173,
      "success": 0.0,
      "collision": 1.0,
      "distance_to_goal": 2.745680332183838,
      "route_line_lateral_error": 0.8982745409011841,
      "route_progress_ratio": 0.40083731583236065,
      "min_obstacle_distance": 0.3493099808692932,