{
  "summary": {
    "train_episode": 1380,
    "stage_index": 8,
    "stage_name": "target_bypass_commit_v2",
    "stage_episode": 400,
    "stage_eval_index": 30,
    "stage_target_hit": 0.0,
    "stage_success_streak": 0,
    "stage_best_success_rate": 0.4166666567325592,
    "stage_best_collision_rate": 0.1666666716337204,
    "stage_best_avg_return": 10.393216133117676,
    "stage_bad_eval_streak": 20,
    "stage_regression_active": 1.0,
    "stage_regression_bad_eval": 1.0,
    "stage_regression_absolute_drop": 0.4166666567325592,
    "stage_regression_relative_drop": 1.0,
    "stage_regression_detected": 1.0,
    "stage_rollback_applied": 0.0,
    "stage_plateau_recovery_applied": 0.0,
    "num_episodes": 12,
    "success_rate": 0.0,
    "collision_rate": 0.0,
    "avg_episode_return": -107.95751953125,
    "avg_path_length": 3.8151447772979736,
    "avg_episode_duration": 24.0,
    "avg_time_to_goal": 0.0,
    "avg_distance_to_goal": 2.4130733013153076,
    "avg_route_line_lateral_error": 2.1617069244384766,
    "avg_min_obstacle_distance": 0.7214563488960266,
    "avg_min_clearance": 0.3714563846588135,
    "avg_control_effort": 0.7468737959861755,
    "avg_path_efficiency": 0.0,
    "avg_steps": 720.0,
    "best_distance_to_goal": 1.4266542196273804,
    "best_route_line_lateral_error": 1.4132694005966187,
    "best_episode_return": -62.01100540161133,
    "deterministic": 1.0,
    "seed_offset": 100000
  },
  "episodes": [
    {
      "episode_return": -126.18004713046732,
      "success": 0.0,
      "collision": 0.0,
      "distance_to_goal": 2.264568328857422,
      "route_line_lateral_error": 1.5887688398361206,
      "route_progress_ratio": 0.5779971167415413,
      "min_obstacle_distance": 0.4541332721710205,
      "min_clearance": 0.10413327217102053,
      "path_length": 2.7698409989884247,
      "start_to_goal_distance": 3.8239474296569824,
      "steps": 720.0,
      "control_effort": 0.7989006482064724,
      "episode_duration": 24.0,
      "time_to_goal": null
    },
    {
      "episode_return": -86.22947260017352,
      "success": 0.0,
      "collision": 0.0,
      "distance_to_goal": 1.850936770439148,
      "route_line_lateral_error": 1.837087869644165,
      "route_progress_ratio": 0.9345480748907801,
      "min_obstacle_distance": 0.6251112222671509,
      "min_clearance": 0.2751112222671509,
      "path_length": 4.071279195399256,
      "start_to_goal_distance": 3.4528915882110596,
      "steps": 720.0,
      "control_effort": 0.6205238394853142,
      "episode_duration": 24.0,
      "time_to_goal": null
    },
    {
      "episode_return": -102.83359560598211,
      "success": 0.0,
      "collision": 0.0,
      "distance_to_goal": 2.321503162384033,
      "route_line_lateral_error": 2.006989002227783,
      "route_progress_ratio": 0.6788086296360883,
      "min_obstacle_distance": 0.8124077916145325,
      "min_clearance": 0.4624077916145325,
      "path_length": 3.2547719771894954,
      "start_to_goal_distance": 3.632657766342163,
      "steps": 720.0,
      "control_effort": 0.8015952549874783,
      "episode_duration": 24.0,
      "time_to_goal": null
    },
    {
      "episode_return": -62.01100419484475,
      "success": 0.0,
      "collision": 0.0,
      "distance_to_goal": 1.4266542196273804,
      "route_line_lateral_error": 1.4132694005966187,
      "route_progress_ratio": 0.9429874361737743,
      "min_obstacle_distance": 0.695107638835907,
      "min_clearance": 0.345107638835907,
      "path_length": 4.000967076804955,
      "start_to_goal_distance": 3.4196953773498535,
      "steps": 720.0,
      "control_effort": 0.6207326381156842,
      "episode_duration": 24.0,
      "time_to_goal": null
    },
    {
      "episode_return": -100.14354952284714,
      "success": 0.0,
      "collision": 0.0,
      "distance_to_goal": 2.4987552165985107,
      "route_line_lateral_error": 1.7019227743148804,
      "route_progress_ratio": 0.5160201741342608,
      "min_obstacle_distance": 0.9294905662536621,
      "min_clearance": 0.5794905662536621,
      "path_length": 2.6303349690374453,
      "start_to_goal_distance": 3.780210494995117,
      "steps": 720.0,
      "control_effort": 0.8277453154325485,
      "episode_duration": 24.0,
      "time_to_goal": null
    },
    {
      "episode_return": -148.1812332690527,
      "success": 0.0,
      "collision": 0.0,
      "distance_to_goal": 3.1413280963897705,
      "route_line_lateral_error": 3.0328009128570557,
      "route_progress_ratio": 0.7855645680587643,
      "min_obstacle_distance": 1.0339558124542236,
      "min_clearance": 0.6839558124542237,
      "path_length": 4.394321501594014,
      "start_to_goal_distance": 3.8173413276672363,
      "steps": 720.0,
      "control_effort": 0.8392215563191308,
      "episode_duration": 24.0,
      "time_to_goal": null
    },
    {
      "episode_return": -95.23144358443021,
      "success": 0.0,
      "collision": 0.0,
      "distance_to_goal": 1.8128405809402466,
      "route_line_lateral_error": 1.774865984916687,
      "route_progress_ratio": 0.8925142667980803,
      "min_obstacle_distance": 0.5270627737045288,
      "min_clearance": 0.17706277370452883,
      "path_length": 3.9016147274232935,
      "start_to_goal_distance": 3.4340314865112305,
      "steps": 720.0,
      "control_effort": 0.6099371409664551,
      "episode_duration": 24.0,
      "time_to_goal": null
    },
    {
      "episode_return": -106.29184490128273,
      "success": 0.0,
      "collision": 0.0,
      "distance_to_goal": 2.3561863899230957,
      "route_line_lateral_error": 2.3429882526397705,
      "route_progress_ratio": 0.9326689221811408,
      "min_obstacle_distance": 0.5746832489967346,
      "min_clearance": 0.22468324899673464,
      "path_length": 4.459663616580656,
      "start_to_goal_distance": 3.6986794471740723,
      "steps": 720.0,
      "control_effort": 0.6898751067204608,
      "episode_duration": 24.0,
      "time_to_goal": null
    },
    {
      "episode_return": -94.33182845159342,
      "success": 0.0,
      "collision": 0.0,
      "distance_to_goal": 2.383301019668579,
      "route_line_lateral_error": 2.129122257232666,
      "route_progress_ratio": 0.7263352432824318,
      "min_obstacle_distance": 0.7621412873268127,
      "min_clearance": 0.41214128732681277,
      "path_length": 3.621891540449951,
      "start_to_goal_distance": 3.913414478302002,
      "steps": 720.0,
      "control_effort": 0.7283734657698208,
      "episode_duration": 24.0,
      "time_to_goal": null
    },
    {
      "episode_return": -89.8716151910735,
      "success": 0.0,
      "collision": 0.0,
      "distance_to_goal": 2.331209659576416,
      "route_line_lateral_error": 1.6539289951324463,
      "route_progress_ratio": 0.576334343360874,
      "min_obstacle_distance": 0.6103541254997253,
      "min_clearance": 0.26035412549972536,
      "path_length": 2.833841934106104,
      "start_to_goal_distance": 3.8777763843536377,
      "steps": 720.0,
      "control_effort": 0.8122842677765423,
      "episode_duration": 24.0,
      "time_to_goal": null
    },
    {
      "episode_return": -154.73593807729026,
      "success": 0.0,
      "collision": 0.0,
      "distance_to_goal": 3.3237156867980957,
      "route_line_lateral_error": 3.315354824066162,
      "route_progress_ratio": 0.9372415923481041,
      "min_obstacle_distance": 0.8053014278411865,
      "min_clearance": 0.45530142784118655,
      "path_length": 4.9639366735355,
      "start_to_goal_distance": 3.7541279792785645,
      "steps": 720.0,
      "control_effort": 0.7921594494746791,
      "episode_duration": 24.0,
      "time_to_goal": null
    },
    {
      "episode_return": -129.44861282266154,
      "success": 0.0,
      "collision": 0.0,
      "distance_to_goal": 3.245880365371704,
      "route_line_lateral_error": 3.1433844566345215,
      "route_progress_ratio": 0.813122811460788,
      "min_obstacle_distance": 0.827727198600769,
      "min_clearance": 0.47772719860076907,