{
  "summary": {
    "train_episode": 280,
    "stage_index": 4,
    "stage_name": "bridge_crossing_commit",
    "stage_episode": 40,
    "stage_eval_index": 2,
    "stage_target_hit": 0.0,
    "stage_success_streak": 0,
    "stage_best_success_rate": 1.0,
    "stage_best_collision_rate": 0.0,
    "stage_best_avg_return": 96.04788970947266,
    "stage_bad_eval_streak": 0,
    "stage_regression_active": 1.0,
    "stage_regression_bad_eval": 0.0,
    "stage_regression_absolute_drop": 0.0,
    "stage_regression_relative_drop": 0.0,
    "stage_regression_detected": 0.0,
    "stage_rollback_applied": 0.0,
    "stage_plateau_recovery_applied": 0.0,
    "num_episodes": 12,
    "success_rate": 1.0,
    "collision_rate": 0.0,
    "avg_episode_return": 95.9380111694336,
    "avg_path_length": 1.9577449560165405,
    "avg_episode_duration": 8.033333778381348,
    "avg_time_to_goal": 8.033333778381348,
    "avg_distance_to_goal": 0.9164085388183594,
    "avg_route_line_lateral_error": 0.2630894184112549,
    "avg_min_obstacle_distance": 2.0530903339385986,
    "avg_min_clearance": 1.7030905485153198,
    "avg_control_effort": 0.7030112147331238,
    "avg_path_efficiency": 1.0,
    "avg_steps": 241.0,
    "best_distance_to_goal": 0.9131682515144348,
    "best_route_line_lateral_error": 0.15324589610099792,
    "best_episode_return": 100.94110107421875,
    "deterministic": 1.0,
    "seed_offset": 100000
  },
  "episodes": [
    {
      "episode_return": 96.72095188778637,
      "success": 1.0,
      "collision": 0.0,
      "distance_to_goal": 0.9147905707359314,
      "route_line_lateral_error": 0.28791067004203796,
      "route_progress_ratio": 0.6979988732353255,
      "min_obstacle_distance": 1.9679478406906128,
      "min_clearance": 1.6179478406906127,
      "path_length": 2.046321589659783,
      "start_to_goal_distance": 2.8751626014709473,
      "steps": 249.0,
      "control_effort": 0.7027746465311472,
      "episode_duration": 8.3,
      "time_to_goal": 8.3
    },
    {
      "episode_return": 93.06483333331347,
      "success": 1.0,
      "collision": 0.0,
      "distance_to_goal": 0.9189340472221375,
      "route_line_lateral_error": 0.2643798291683197,
      "route_progress_ratio": 0.6471470781101537,
      "min_obstacle_distance": 1.7082997560501099,
      "min_clearance": 1.3582997560501098,
      "path_length": 1.6561109526955988,
      "start_to_goal_distance": 2.494187355041504,
      "steps": 224.0,
      "control_effort": 0.702969998919538,
      "episode_duration": 7.466666666666667,
      "time_to_goal": 7.466666666666667
    },
    {
      "episode_return": 94.9529236085415,
      "success": 1.0,
      "collision": 0.0,
      "distance_to_goal": 0.9131682515144348,
      "route_line_lateral_error": 0.28333309292793274,
      "route_progress_ratio": 0.6755496247024004,
      "min_obstacle_distance": 1.925008773803711,
      "min_clearance": 1.5750087738037108,
      "path_length": 1.857469374925131,
      "start_to_goal_distance": 2.6756033897399902,
      "steps": 229.0,
      "control_effort": 0.7027470243029199,
      "episode_duration": 7.633333333333334,
      "time_to_goal": 7.633333333333334
    },
    {
      "episode_return": 93.23335818529131,
      "success": 1.0,
      "collision": 0.0,
      "distance_to_goal": 0.9149909615516663,
      "route_line_lateral_error": 0.25446462631225586,
      "route_progress_ratio": 0.6442919143888959,
      "min_obstacle_distance": 2.4257349967956543,
      "min_clearance": 2.075734996795654,
      "path_length": 1.6240507576439995,
      "start_to_goal_distance": 2.470832347869873,
      "steps": 200.0,
      "control_effort": 0.702976371049881,
      "episode_duration": 6.666666666666667,
      "time_to_goal": 6.666666666666667
    },
    {
      "episode_return": 96.35462760621311,
      "success": 1.0,
      "collision": 0.0,
      "distance_to_goal": 0.9185288548469543,
      "route_line_lateral_error": 0.17706194519996643,
      "route_progress_ratio": 0.6804344104764364,
      "min_obstacle_distance": 1.4427446126937866,
      "min_clearance": 1.0927446126937865,
      "path_length": 1.9548767170053907,
      "start_to_goal_distance": 2.8203952312469482,
      "steps": 233.0,
      "control_effort": 0.7029779793878481,
      "episode_duration": 7.766666666666667,
      "time_to_goal": 7.766666666666667
    },
    {
      "episode_return": 96.57692824226616,
      "success": 1.0,
      "collision": 0.0,
      "distance_to_goal": 0.9178347587585449,
      "route_line_lateral_error": 0.2988223731517792,
      "route_progress_ratio": 0.6970418702098071,
      "min_obstacle_distance": 3.1912875175476074,
      "min_clearance": 2.8412875175476073,
      "path_length": 2.0474194998969324,
      "start_to_goal_distance": 2.864516258239746,
      "steps": 249.0,
      "control_effort": 0.7029939777401077,
      "episode_duration": 8.3,
      "time_to_goal": 8.3
    },
    {
      "episode_return": 93.50647248452901,
      "success": 1.0,
      "collision": 0.0,
      "distance_to_goal": 0.9188148379325867,
      "route_line_lateral_error": 0.2394663393497467,
      "route_progress_ratio": 0.6425298511377531,
      "min_obstacle_distance": 2.626455068588257,
      "min_clearance": 2.2764550685882567,
      "path_length": 1.628287481609732,
      "start_to_goal_distance": 2.4814953804016113,
      "steps": 187.0,
      "control_effort": 0.7033938089794016,
      "episode_duration": 6.233333333333333,
      "time_to_goal": 6.233333333333333
    },
    {
      "episode_return": 95.51862972760202,
      "success": 1.0,
      "collision": 0.0,
      "distance_to_goal": 0.9143997430801392,
      "route_line_lateral_error": 0.29133903980255127,
      "route_progress_ratio": 0.6849831174496231,
      "min_obstacle_distance": 1.6255475282669067,
      "min_clearance": 1.2755475282669066,
      "path_length": 1.9318088137952145,
      "start_to_goal_distance": 2.7514262199401855,
      "steps": 243.0,
      "control_effort": 0.7030026991180922,
      "episode_duration": 8.1,
      "time_to_goal": 8.1
    },
    {
      "episode_return": 97.46539627355335,
      "success": 1.0,
      "collision": 0.0,
      "distance_to_goal": 0.9196890592575073,
      "route_line_lateral_error": 0.2603274881839752,
      "route_progress_ratio": 0.7025813658195026,
      "min_obstacle_distance": 2.3257462978363037,
      "min_clearance": 1.9757462978363036,
      "path_length": 2.1316178776323795,
      "start_to_goal_distance": 2.965770959854126,
      "steps": 259.0,
      "control_effort": 0.7030607588502892,
      "episode_duration": 8.633333333333333,
      "time_to_goal": 8.633333333333333
    },
    {
      "episode_return": 96.91909343761208,
      "success": 1.0,
      "collision": 0.0,
      "distance_to_goal": 0.9171260595321655,
      "route_line_lateral_error": 0.2977868914604187,
      "route_progress_ratio": 0.7027834446609356,
      "min_obstacle_distance": 1.8642654418945312,
      "min_clearance": 1.5142654418945312,
      "path_length": 2.1031656068516895,
      "start_to_goal_distance": 2.9185292720794678,
      "steps": 264.0,
      "control_effort": 0.702757798586831,
      "episode_duration": 8.8,
      "time_to_goal": 8.8
    },
    {
      "episode_return": 96.00191966223716,
      "success": 1.0,
      "collision": 0.0,
      "distance_to_goal": 0.9144963026046753,
      "route_line_lateral_error": 0.15324589610099792,
      "route_progress_ratio": 0.6773976374002872,
      "min_obstacle_distance": 1.6096923351287842,
      "min_clearance": 1.259692335128784,
      "path_length": 1.9296683017164469,
      "start_to_goal_distance": 2.7946624755859375,
      "steps": 241.0,
      "control_effort": 0.7035893394739301,
      "episode_duration": 8.033333333333333,
      "time_to_goal": 8.033333333333333
    },
    {
      "episode_return": 100.94110424917935,
      "success": 1.0,
      "collision": 0.0,
      "distance_to_goal": 0.9141294956207275,
      "route_line_lateral_error": 0.3489345908164978,