{
  "summary": {
    "train_episode": 980,
    "stage_index": 8,
    "stage_name": "target_bypass_commit_v2",
    "stage_episode": 40,
    "stage_eval_index": 10,
    "stage_target_hit": 0.0,
    "stage_success_streak": 0,
    "stage_best_success_rate": 0.4166666567325592,
    "stage_best_collision_rate": 0.1666666716337204,
    "stage_best_avg_return": 10.393216133117676,
    "stage_bad_eval_streak": 0,
    "stage_regression_active": 1.0,
    "stage_regression_bad_eval": 1.0,
    "stage_regression_absolute_drop": 0.4166666567325592,
    "stage_regression_relative_drop": 1.0,
    "stage_regression_detected": 1.0,
    "stage_rollback_applied": 0.0,
    "stage_plateau_recovery_applied": 1.0,
    "num_episodes": 12,
    "success_rate": 0.0,
    "collision_rate": 0.0833333358168602,
    "avg_episode_return": -82.04236602783203,
    "avg_path_length": 3.901280641555786,
    "avg_episode_duration": 23.69444465637207,
    "avg_time_to_goal": 0.0,
    "avg_distance_to_goal": 1.7463072538375854,
    "avg_route_line_lateral_error": 1.627249836921692,
    "avg_min_obstacle_distance": 0.6230545043945312,
    "avg_min_clearance": 0.2730545103549957,
    "avg_control_effort": 0.6074982285499573,
    "avg_path_efficiency": 0.0,
    "avg_steps": 710.8333129882812,
    "best_distance_to_goal": 1.3572725057601929,
    "best_route_line_lateral_error": 1.2185546159744263,
    "best_episode_return": -36.21816635131836,
    "deterministic": 1.0,
    "seed_offset": 100000
  },
  "episodes": [
    {
      "episode_return": -36.218167251536784,
      "success": 0.0,
      "collision": 0.0,
      "distance_to_goal": 1.3572725057601929,
      "route_line_lateral_error": 1.2185546159744263,
      "route_progress_ratio": 0.8436807421603539,
      "min_obstacle_distance": 0.9851882457733154,
      "min_clearance": 0.6351882457733155,
      "path_length": 3.7176679578988114,
      "start_to_goal_distance": 3.8239474296569824,
      "steps": 720.0,
      "control_effort": 0.6097115361856089,
      "episode_duration": 24.0,
      "time_to_goal": null
    },
    {
      "episode_return": -92.87465700537007,
      "success": 0.0,
      "collision": 0.0,
      "distance_to_goal": 2.133481740951538,
      "route_line_lateral_error": 2.1120193004608154,
      "route_progress_ratio": 0.912578352446201,
      "min_obstacle_distance": 0.6205241680145264,
      "min_clearance": 0.2705241680145264,
      "path_length": 4.01469602069119,
      "start_to_goal_distance": 3.4528915882110596,
      "steps": 720.0,
      "control_effort": 0.6260638703902562,
      "episode_duration": 24.0,
      "time_to_goal": null
    },
    {
      "episode_return": -132.04363379584555,
      "success": 0.0,
      "collision": 0.0,
      "distance_to_goal": 1.9409137964248657,
      "route_line_lateral_error": 1.9044369459152222,
      "route_progress_ratio": 0.8969015200435849,
      "min_obstacle_distance": 0.46195098757743835,
      "min_clearance": 0.11195098757743838,
      "path_length": 3.932466338177619,
      "start_to_goal_distance": 3.632657766342163,
      "steps": 720.0,
      "control_effort": 0.6151806525058217,
      "episode_duration": 24.0,
      "time_to_goal": null
    },
    {
      "episode_return": -69.69867069956028,
      "success": 0.0,
      "collision": 0.0,
      "distance_to_goal": 1.6466219425201416,
      "route_line_lateral_error": 1.6431294679641724,
      "route_progress_ratio": 0.9686560402452946,
      "min_obstacle_distance": 0.5591726899147034,
      "min_clearance": 0.2091726899147034,
      "path_length": 4.154457932745572,
      "start_to_goal_distance": 3.4196953773498535,
      "steps": 720.0,
      "control_effort": 0.6061363986796803,
      "episode_duration": 24.0,
      "time_to_goal": null
    },
    {
      "episode_return": -65.69935641321729,
      "success": 0.0,
      "collision": 0.0,
      "distance_to_goal": 1.8109012842178345,
      "route_line_lateral_error": 1.7383337020874023,
      "route_progress_ratio": 0.8657474145007944,
      "min_obstacle_distance": 0.5938544273376465,
      "min_clearance": 0.2438544273376465,
      "path_length": 3.963420455773303,
      "start_to_goal_distance": 3.780210494995117,
      "steps": 720.0,
      "control_effort": 0.6214529197249148,
      "episode_duration": 24.0,
      "time_to_goal": null
    },
    {
      "episode_return": -58.249204880764275,
      "success": 0.0,
      "collision": 0.0,
      "distance_to_goal": 1.583219051361084,
      "route_line_lateral_error": 1.5187782049179077,
      "route_progress_ratio": 0.8828774305809286,
      "min_obstacle_distance": 0.5639459490776062,
      "min_clearance": 0.21394594907760622,
      "path_length": 4.02750592213124,
      "start_to_goal_distance": 3.8173413276672363,
      "steps": 720.0,
      "control_effort": 0.600439736743768,
      "episode_duration": 24.0,
      "time_to_goal": null
    },
    {
      "episode_return": -71.75018239943964,
      "success": 0.0,
      "collision": 0.0,
      "distance_to_goal": 1.741267442703247,
      "route_line_lateral_error": 1.720155119895935,
      "route_progress_ratio": 0.9212787811076462,
      "min_obstacle_distance": 0.5980982184410095,
      "min_clearance": 0.24809821844100954,
      "path_length": 3.964739731338341,
      "start_to_goal_distance": 3.4340314865112305,
      "steps": 720.0,
      "control_effort": 0.5964341341621346,
      "episode_duration": 24.0,
      "time_to_goal": null
    },
    {
      "episode_return": -55.67724045046318,
      "success": 0.0,
      "collision": 0.0,
      "distance_to_goal": 1.590937614440918,
      "route_line_lateral_error": 1.5342283248901367,
      "route_progress_ratio": 0.8861804895462538,
      "min_obstacle_distance": 0.8840070962905884,
      "min_clearance": 0.5340070962905884,
      "path_length": 3.907913001748966,
      "start_to_goal_distance": 3.6986794471740723,
      "steps": 720.0,
      "control_effort": 0.5964620183739398,
      "episode_duration": 24.0,
      "time_to_goal": null
    },
    {
      "episode_return": -74.12440164321252,
      "success": 0.0,
      "collision": 0.0,
      "distance_to_goal": 2.088366746902466,
      "route_line_lateral_error": 1.905990719795227,
      "route_progress_ratio": 0.781901968130961,
      "min_obstacle_distance": 0.5715034008026123,
      "min_clearance": 0.22150340080261233,
      "path_length": 3.7335234801721526,
      "start_to_goal_distance": 3.913414478302002,
      "steps": 720.0,
      "control_effort": 0.6259626457260714,
      "episode_duration": 24.0,
      "time_to_goal": null
    },
    {
      "episode_return": -50.194676695305255,
      "success": 0.0,
      "collision": 0.0,
      "distance_to_goal": 1.6280803680419922,
      "route_line_lateral_error": 1.5391820669174194,
      "route_progress_ratio": 0.8631622852933182,
      "min_obstacle_distance": 0.9377756118774414,
      "min_clearance": 0.5877756118774414,
      "path_length": 3.9507648984726984,
      "start_to_goal_distance": 3.8777763843536377,
      "steps": 720.0,
      "control_effort": 0.6069981759621037,
      "episode_duration": 24.0,
      "time_to_goal": null
    },
    {
      "episode_return": -216.76852123890538,
      "success": 0.0,
      "collision": 0.0,
      "distance_to_goal": 1.4898730516433716,
      "route_line_lateral_error": 1.455152153968811,
      "route_progress_ratio": 0.9148212296314342,
      "min_obstacle_distance": 0.3512616455554962,
      "min_clearance": 0.001261645555496238,
      "path_length": 4.043991456826916,
      "start_to_goal_distance": 3.7541279792785645,
      "steps": 720.0,
      "control_effort": 0.6079449690050549,
      "episode_duration": 24.0,
      "time_to_goal": null
    },
    {
      "episode_return": -61.209676301077934,
      "success": 0.0,
      "collision": 1.0,
      "distance_to_goal": 1.9447523355484009,
      "route_line_lateral_error": 1.237038254737854,
      "route_progress_ratio": 0.6534691237033937,
      "min_obstacle_distance": 0.3493715524673462,