{
  "episode_return": -92.62704952086153,
  "success": 0.0,
  "collision": 0.0,
  "distance_to_goal": 2.4496841430664062,
  "route_line_lateral_error": 1.579166054725647,
  "route_progress_ratio": 0.521453998251498,
  "min_obstacle_distance": 0.8739543557167053,
  "min_clearance": 0.5239543557167053,
  "path_length": 2.6986435465169833,
  "start_to_goal_distance": 3.913414478302002,
  "steps": 720.0,
  "control_effort": 0.772209367238813,
  "episode_duration": 24.0,
  "time_to_goal": null
}