{
  "summary": {
    "train_episode": 380,
    "stage_index": 5,
    "stage_name": "medium_crossing_intro",
    "stage_episode": 40,
    "stage_eval_index": 2,
    "stage_target_hit": 1.0,
    "stage_success_streak": 1,
    "stage_best_success_rate": 1.0,
    "stage_best_collision_rate": 0.0,
    "stage_best_avg_return": 141.1602020263672,
    "stage_bad_eval_streak": 0,
    "stage_regression_active": 1.0,
    "stage_regression_bad_eval": 0.0,
    "stage_regression_absolute_drop": 0.0,
    "stage_regression_relative_drop": 0.0,
    "stage_regression_detected": 0.0,
    "stage_rollback_applied": 0.0,
    "stage_plateau_recovery_applied": 0.0,
    "num_episodes": 12,
    "success_rate": 1.0,
    "collision_rate": 0.0,
    "avg_episode_return": 141.1443328857422,
    "avg_path_length": 2.21915864944458,
    "avg_episode_duration": 8.916666984558105,
    "avg_time_to_goal": 8.916666984558105,
    "avg_distance_to_goal": 0.9162736535072327,
    "avg_route_line_lateral_error": 0.29740259051322937,
    "avg_min_obstacle_distance": 1.7886093854904175,
    "avg_min_clearance": 1.43860924243927,
    "avg_control_effort": 0.7089124321937561,
    "avg_path_efficiency": 1.0,
    "avg_steps": 267.5,
    "best_distance_to_goal": 0.9122064113616943,
    "best_route_line_lateral_error": 0.19824764132499695,
    "best_episode_return": 147.5911865234375,
    "deterministic": 1.0,
    "seed_offset": 100000
  },
  "episodes": [
    {
      "episode_return": 142.41815802170473,
      "success": 1.0,
      "collision": 0.0,
      "distance_to_goal": 0.9143388271331787,
      "route_line_lateral_error": 0.19824764132499695,
      "route_progress_ratio": 0.7138237523478661,
      "min_obstacle_distance": 1.674859642982483,
      "min_clearance": 1.3248596429824828,
      "path_length": 2.2646396619966254,
      "start_to_goal_distance": 3.119013786315918,
      "steps": 267.0,
      "control_effort": 0.7082825530780835,
      "episode_duration": 8.9,
      "time_to_goal": 8.9
    },
    {
      "episode_return": 137.74866402279406,
      "success": 1.0,
      "collision": 0.0,
      "distance_to_goal": 0.9124361276626587,
      "route_line_lateral_error": 0.2744590938091278,
      "route_progress_ratio": 0.6817971546894686,
      "min_obstacle_distance": 1.1197361946105957,
      "min_clearance": 0.7697361946105957,
      "path_length": 1.9055939462268725,
      "start_to_goal_distance": 2.734668493270874,
      "steps": 230.0,
      "control_effort": 0.7085592223250348,
      "episode_duration": 7.666666666666667,
      "time_to_goal": 7.666666666666667
    },
    {
      "episode_return": 139.82545316824437,
      "success": 1.0,
      "collision": 0.0,
      "distance_to_goal": 0.9174476265907288,
      "route_line_lateral_error": 0.26013487577438354,
      "route_progress_ratio": 0.6983336167318484,
      "min_obstacle_distance": 2.000140905380249,
      "min_clearance": 1.650140905380249,
      "path_length": 2.087082445854321,
      "start_to_goal_distance": 2.9164505004882812,
      "steps": 252.0,
      "control_effort": 0.7086240074464253,
      "episode_duration": 8.4,
      "time_to_goal": 8.4
    },
    {
      "episode_return": 137.41255354012378,
      "success": 1.0,
      "collision": 0.0,
      "distance_to_goal": 0.9152416586875916,
      "route_line_lateral_error": 0.1983964741230011,
      "route_progress_ratio": 0.6707579376437871,
      "min_obstacle_distance": 1.8751235008239746,
      "min_clearance": 1.5251235008239745,
      "path_length": 1.8528956231602933,
      "start_to_goal_distance": 2.713747501373291,
      "steps": 229.0,
      "control_effort": 0.7094423221708905,
      "episode_duration": 7.633333333333334,
      "time_to_goal": 7.633333333333334
    },
    {
      "episode_return": 141.47866249308242,
      "success": 1.0,
      "collision": 0.0,
      "distance_to_goal": 0.914933443069458,
      "route_line_lateral_error": 0.28326985239982605,
      "route_progress_ratio": 0.715750105144243,
      "min_obstacle_distance": 1.6188710927963257,
      "min_clearance": 1.2688710927963256,
      "path_length": 2.233509622688871,
      "start_to_goal_distance": 3.0606095790863037,
      "steps": 274.0,
      "control_effort": 0.7090686770686268,
      "episode_duration": 9.133333333333333,
      "time_to_goal": 9.133333333333333
    },
    {
      "episode_return": 141.79481116604182,
      "success": 1.0,
      "collision": 0.0,
      "distance_to_goal": 0.9176118969917297,
      "route_line_lateral_error": 0.4648277163505554,
      "route_progress_ratio": 0.7453429209320858,
      "min_obstacle_distance": 3.2667696475982666,
      "min_clearance": 2.9167696475982665,
      "path_length": 2.3888091696135234,
      "start_to_goal_distance": 3.106799364089966,
      "steps": 289.0,
      "control_effort": 0.7091065663779895,
      "episode_duration": 9.633333333333333,
      "time_to_goal": 9.633333333333333
    },
    {
      "episode_return": 137.6679667719573,
      "success": 1.0,
      "collision": 0.0,
      "distance_to_goal": 0.9122064113616943,
      "route_line_lateral_error": 0.2939373850822449,
      "route_progress_ratio": 0.6829207418505223,
      "min_obstacle_distance": 2.052229166030884,
      "min_clearance": 1.7022291660308837,
      "path_length": 1.902779853407992,
      "start_to_goal_distance": 2.7234559059143066,
      "steps": 226.0,
      "control_effort": 0.7093746226973239,
      "episode_duration": 7.533333333333333,
      "time_to_goal": 7.533333333333333
    },
    {
      "episode_return": 140.73692085984766,
      "success": 1.0,
      "collision": 0.0,
      "distance_to_goal": 0.9164039492607117,
      "route_line_lateral_error": 0.29169243574142456,
      "route_progress_ratio": 0.7099263568245778,
      "min_obstacle_distance": 1.5675963163375854,
      "min_clearance": 1.2175963163375854,
      "path_length": 2.169438300014008,
      "start_to_goal_distance": 2.994899034500122,
      "steps": 263.0,
      "control_effort": 0.708788186198405,
      "episode_duration": 8.766666666666667,
      "time_to_goal": 8.766666666666667
    },
    {
      "episode_return": 143.07446222318586,
      "success": 1.0,
      "collision": 0.0,
      "distance_to_goal": 0.9176214933395386,
      "route_line_lateral_error": 0.3041900098323822,
      "route_progress_ratio": 0.7302357575133076,
      "min_obstacle_distance": 1.04335618019104,
      "min_clearance": 0.6933561801910401,
      "path_length": 2.3920994789223187,
      "start_to_goal_distance": 3.2092292308807373,
      "steps": 296.0,
      "control_effort": 0.7087654906350214,
      "episode_duration": 9.866666666666667,
      "time_to_goal": 9.866666666666667
    },
    {
      "episode_return": 142.74092387612023,
      "success": 1.0,
      "collision": 0.0,
      "distance_to_goal": 0.9193930625915527,
      "route_line_lateral_error": 0.2396029531955719,
      "route_progress_ratio": 0.7189941161716629,
      "min_obstacle_distance": 1.633631706237793,
      "min_clearance": 1.2836317062377929,
      "path_length": 2.3115014120412525,
      "start_to_goal_distance": 3.1587331295013428,
      "steps": 274.0,
      "control_effort": 0.70839838194151,
      "episode_duration": 9.133333333333333,
      "time_to_goal": 9.133333333333333
    },
    {
      "episode_return": 141.2421300814907,
      "success": 1.0,
      "collision": 0.0,
      "distance_to_goal": 0.918449878692627,
      "route_line_lateral_error": 0.25618937611579895,
      "route_progress_ratio": 0.7093919254481755,
      "min_obstacle_distance": 1.9338775873184204,
      "min_clearance": 1.5838775873184203,
      "path_length": 2.19422454512096,
      "start_to_goal_distance": 3.0350022315979004,
      "steps": 264.0,
      "control_effort": 0.709473239201488,
      "episode_duration": 8.8,
      "time_to_goal": 8.8
    },
    {
      "episode_return": 147.59118109946638,
      "success": 1.0,
      "collision": 0.0,
      "distance_to_goal": 0.9191998243331909,