{
  "summary": {
    "train_episode": 1040,
    "stage_index": 8,
    "stage_name": "target_bypass_commit_v2",
    "stage_episode": 60,
    "stage_eval_index": 13,
    "stage_target_hit": 0.0,
    "stage_success_streak": 0,
    "stage_best_success_rate": 0.4166666567325592,
    "stage_best_collision_rate": 0.1666666716337204,
    "stage_best_avg_return": 10.393216133117676,
    "stage_bad_eval_streak": 3,
    "stage_regression_active": 1.0,
    "stage_regression_bad_eval": 1.0,
    "stage_regression_absolute_drop": 0.4166666567325592,
    "stage_regression_relative_drop": 1.0,
    "stage_regression_detected": 1.0,
    "stage_rollback_applied": 0.0,
    "stage_plateau_recovery_applied": 0.0,
    "num_episodes": 12,
    "success_rate": 0.0,
    "collision_rate": 0.25,
    "avg_episode_return": -84.46692657470703,
    "avg_path_length": 3.220262289047241,
    "avg_episode_duration": 22.09722328186035,
    "avg_time_to_goal": 0.0,
    "avg_distance_to_goal": 1.9906387329101562,
    "avg_route_line_lateral_error": 1.5252717733383179,
    "avg_min_obstacle_distance": 0.5501472353935242,
    "avg_min_clearance": 0.20014719665050507,
    "avg_control_effort": 0.5739973187446594,
    "avg_path_efficiency": 0.0,
    "avg_steps": 662.9166870117188,
    "best_distance_to_goal": 1.3559441566467285,
    "best_route_line_lateral_error": 0.7034764885902405,
    "best_episode_return": -39.248756408691406,
    "deterministic": 1.0,
    "seed_offset": 100000
  },
  "episodes": [
    {
      "episode_return": -72.26417128081451,
      "success": 0.0,
      "collision": 0.0,
      "distance_to_goal": 1.915099024772644,
      "route_line_lateral_error": 1.56674063205719,
      "route_progress_ratio": 0.7119913225417516,
      "min_obstacle_distance": 0.769599437713623,
      "min_clearance": 0.41959943771362307,
      "path_length": 3.430433739144064,
      "start_to_goal_distance": 3.8239474296569824,
      "steps": 720.0,
      "control_effort": 0.5760182773487436,
      "episode_duration": 24.0,
      "time_to_goal": null
    },
    {
      "episode_return": -86.26277123322423,
      "success": 0.0,
      "collision": 0.0,
      "distance_to_goal": 1.9936212301254272,
      "route_line_lateral_error": 1.7646903991699219,
      "route_progress_ratio": 0.7313631501020164,
      "min_obstacle_distance": 0.7194093465805054,
      "min_clearance": 0.3694093465805054,
      "path_length": 3.3871539927931735,
      "start_to_goal_distance": 3.4528915882110596,
      "steps": 720.0,
      "control_effort": 0.5682930190530088,
      "episode_duration": 24.0,
      "time_to_goal": null
    },
    {
      "episode_return": -108.68331264560945,
      "success": 0.0,
      "collision": 1.0,
      "distance_to_goal": 2.3535964488983154,
      "route_line_lateral_error": 0.7034764885902405,
      "route_progress_ratio": 0.3817186079374942,
      "min_obstacle_distance": 0.3494410514831543,
      "min_clearance": -0.0005589485168456809,
      "path_length": 1.606895780278137,
      "start_to_goal_distance": 3.632657766342163,
      "steps": 305.0,
      "control_effort": 0.5571389829526182,
      "episode_duration": 10.166666666666666,
      "time_to_goal": null
    },
    {
      "episode_return": -75.19583094776985,
      "success": 0.0,
      "collision": 0.0,
      "distance_to_goal": 1.7486735582351685,
      "route_line_lateral_error": 1.560580849647522,
      "route_progress_ratio": 0.769291698487692,
      "min_obstacle_distance": 0.5793156623840332,
      "min_clearance": 0.22931566238403323,
      "path_length": 3.3406031550621265,
      "start_to_goal_distance": 3.4196953773498535,
      "steps": 720.0,
      "control_effort": 0.5738298994799454,
      "episode_duration": 24.0,
      "time_to_goal": null
    },
    {
      "episode_return": -118.38855136517456,
      "success": 0.0,
      "collision": 0.0,
      "distance_to_goal": 2.5630557537078857,
      "route_line_lateral_error": 2.1679303646087646,
      "route_progress_ratio": 0.6383175851283529,
      "min_obstacle_distance": 0.5186448097229004,
      "min_clearance": 0.1686448097229004,
      "path_length": 3.407028384757723,
      "start_to_goal_distance": 3.780210494995117,
      "steps": 720.0,
      "control_effort": 0.5818190834588475,
      "episode_duration": 24.0,
      "time_to_goal": null
    },
    {
      "episode_return": -117.61118667262195,
      "success": 0.0,
      "collision": 1.0,
      "distance_to_goal": 2.3700902462005615,
      "route_line_lateral_error": 2.048905372619629,
      "route_progress_ratio": 0.6879110041852241,
      "min_obstacle_distance": 0.34703293442726135,
      "min_clearance": -0.0029670655727386253,
      "path_length": 3.459686882182723,
      "start_to_goal_distance": 3.8173413276672363,
      "steps": 628.0,
      "control_effort": 0.5939256970290165,
      "episode_duration": 20.933333333333334,
      "time_to_goal": null
    },
    {
      "episode_return": -92.27746453440744,
      "success": 0.0,
      "collision": 0.0,
      "distance_to_goal": 2.1403515338897705,
      "route_line_lateral_error": 1.938873291015625,
      "route_progress_ratio": 0.7360032775658366,
      "min_obstacle_distance": 0.6219720244407654,
      "min_clearance": 0.2719720244407654,
      "path_length": 3.3591594094796164,
      "start_to_goal_distance": 3.4340314865112305,
      "steps": 720.0,
      "control_effort": 0.5859757356345654,
      "episode_duration": 24.0,
      "time_to_goal": null
    },
    {
      "episode_return": -39.24875530704447,
      "success": 0.0,
      "collision": 0.0,
      "distance_to_goal": 1.3559441566467285,
      "route_line_lateral_error": 1.0264521837234497,
      "route_progress_ratio": 0.7604575171403587,
      "min_obstacle_distance": 0.6206021308898926,
      "min_clearance": 0.2706021308898926,
      "path_length": 3.33163159484684,
      "start_to_goal_distance": 3.6986794471740723,
      "steps": 720.0,
      "control_effort": 0.5703459954924054,
      "episode_duration": 24.0,
      "time_to_goal": null
    },
    {
      "episode_return": -148.0709841485012,
      "success": 0.0,
      "collision": 0.0,
      "distance_to_goal": 2.0269229412078857,
      "route_line_lateral_error": 1.5049240589141846,
      "route_progress_ratio": 0.6530396215437384,
      "min_obstacle_distance": 0.4548410177230835,
      "min_clearance": 0.10484101772308352,
      "path_length": 3.2836688395618694,
      "start_to_goal_distance": 3.913414478302002,
      "steps": 720.0,
      "control_effort": 0.5598391877280341,
      "episode_duration": 24.0,
      "time_to_goal": null
    },
    {
      "episode_return": -60.92852599115183,
      "success": 0.0,
      "collision": 0.0,
      "distance_to_goal": 1.8151320219039917,
      "route_line_lateral_error": 1.3976324796676636,
      "route_progress_ratio": 0.7013347353170599,
      "min_obstacle_distance": 0.7148556113243103,
      "min_clearance": 0.3648556113243103,
      "path_length": 3.283010872448358,
      "start_to_goal_distance": 3.8777763843536377,
      "steps": 720.0,
      "control_effort": 0.5796220405234231,
      "episode_duration": 24.0,
      "time_to_goal": null
    },
    {
      "episode_return": -44.23610854758685,
      "success": 0.0,
      "collision": 0.0,
      "distance_to_goal": 1.497013807296753,
      "route_line_lateral_error": 1.2769091129302979,
      "route_progress_ratio": 0.7918613251378736,
      "min_obstacle_distance": 0.55698561668396,
      "min_clearance": 0.20698561668395998,
      "path_length": 3.5738030699139927,
      "start_to_goal_distance": 3.7541279792785645,
      "steps": 720.0,
      "control_effort": 0.5584187888850768,
      "episode_duration": 24.0,
      "time_to_goal": null
    },
    {
      "episode_return": -50.43557339342149,
      "success": 0.0,
      "collision": 1.0,
      "distance_to_goal": 2.108166456222534,
      "route_line_lateral_error": 1.3461452722549438,
      "route_progress_ratio": 0.6253365119915432,