{
  "episode_return": 144.55679583106865,
  "success": 1.0,
  "collision": 0.0,
  "distance_to_goal": 0.737484335899353,
  "route_line_lateral_error": 0.34678009152412415,
  "route_progress_ratio": 0.832154831239652,
  "min_obstacle_distance": 0.9929752945899963,
  "min_clearance": 0.6429752945899964,
  "path_length": 3.92097037791973,
  "start_to_goal_distance": 3.8777763843536377,
  "steps": 607.0,
  "control_effort": 0.6521671458563263,
  "episode_duration": 20.233333333333334,
  "time_to_goal": 20.233333333333334
}