{
  "summary": {
    "train_episode": 1240,
    "stage_index": 8,
    "stage_name": "target_bypass_commit_v2",
    "stage_episode": 260,
    "stage_eval_index": 23,
    "stage_target_hit": 0.0,
    "stage_success_streak": 0,
    "stage_best_success_rate": 0.4166666567325592,
    "stage_best_collision_rate": 0.1666666716337204,
    "stage_best_avg_return": 10.393216133117676,
    "stage_bad_eval_streak": 13,
    "stage_regression_active": 1.0,
    "stage_regression_bad_eval": 1.0,
    "stage_regression_absolute_drop": 0.4166666567325592,
    "stage_regression_relative_drop": 1.0,
    "stage_regression_detected": 1.0,
    "stage_rollback_applied": 0.0,
    "stage_plateau_recovery_applied": 0.0,
    "num_episodes": 12,
    "success_rate": 0.0,
    "collision_rate": 0.5833333134651184,
    "avg_episode_return": -110.15691375732422,
    "avg_path_length": 2.205422878265381,
    "avg_episode_duration": 13.213889122009277,
    "avg_time_to_goal": 0.0,
    "avg_distance_to_goal": 2.5016071796417236,
    "avg_route_line_lateral_error": 0.6716471314430237,
    "avg_min_obstacle_distance": 0.3772830665111542,
    "avg_min_clearance": 0.027283096686005592,
    "avg_control_effort": 0.5698520541191101,
    "avg_path_efficiency": 0.0,
    "avg_steps": 396.4166564941406,
    "best_distance_to_goal": 1.8167672157287598,
    "best_route_line_lateral_error": 0.07846968621015549,
    "best_episode_return": -39.16519546508789,
    "deterministic": 1.0,
    "seed_offset": 100000
  },
  "episodes": [
    {
      "episode_return": -138.8525908821428,
      "success": 0.0,
      "collision": 0.0,
      "distance_to_goal": 2.71284556388855,
      "route_line_lateral_error": 1.147809386253357,
      "route_progress_ratio": 0.3571927896342357,
      "min_obstacle_distance": 0.4998115003108978,
      "min_clearance": 0.14981150031089785,
      "path_length": 3.1904237759335956,
      "start_to_goal_distance": 3.8239474296569824,
      "steps": 720.0,
      "control_effort": 0.5891195803880691,
      "episode_duration": 24.0,
      "time_to_goal": null
    },
    {
      "episode_return": -48.85054965116668,
      "success": 0.0,
      "collision": 1.0,
      "distance_to_goal": 2.482290506362915,
      "route_line_lateral_error": 0.13371886312961578,
      "route_progress_ratio": 0.28214191191189186,
      "min_obstacle_distance": 0.3477512001991272,
      "min_clearance": -0.0022487998008727805,
      "path_length": 1.0196575738536922,
      "start_to_goal_distance": 3.4528915882110596,
      "steps": 151.0,
      "control_effort": 0.600118929976659,
      "episode_duration": 5.033333333333333,
      "time_to_goal": null
    },
    {
      "episode_return": -46.0532919669007,
      "success": 0.0,
      "collision": 1.0,
      "distance_to_goal": 2.36671781539917,
      "route_line_lateral_error": 0.17463092505931854,
      "route_progress_ratio": 0.3502646052356875,
      "min_obstacle_distance": 0.34552645683288574,
      "min_clearance": -0.004473543167114236,
      "path_length": 1.3529173264687415,
      "start_to_goal_distance": 3.632657766342163,
      "steps": 194.0,
      "control_effort": 0.5905187329680649,
      "episode_duration": 6.466666666666667,
      "time_to_goal": null
    },
    {
      "episode_return": -209.45796755138065,
      "success": 0.0,
      "collision": 0.0,
      "distance_to_goal": 1.8167672157287598,
      "route_line_lateral_error": 1.3575798273086548,
      "route_progress_ratio": 0.6469512959482939,
      "min_obstacle_distance": 0.3787845969200134,
      "min_clearance": 0.02878459692001345,
      "path_length": 3.6592086902965093,
      "start_to_goal_distance": 3.4196953773498535,
      "steps": 720.0,
      "control_effort": 0.5869107097387314,
      "episode_duration": 24.0,
      "time_to_goal": null
    },
    {
      "episode_return": -118.01499767613105,
      "success": 0.0,
      "collision": 0.0,
      "distance_to_goal": 2.129972457885742,
      "route_line_lateral_error": 1.1529994010925293,
      "route_progress_ratio": 0.5262394363745441,
      "min_obstacle_distance": 0.4796102046966553,
      "min_clearance": 0.1296102046966553,
      "path_length": 3.7295694470521994,
      "start_to_goal_distance": 3.780210494995117,
      "steps": 720.0,
      "control_effort": 0.5079565832598342,
      "episode_duration": 24.0,
      "time_to_goal": null
    },
    {
      "episode_return": -324.6727512211286,
      "success": 0.0,
      "collision": 0.0,
      "distance_to_goal": 2.255474328994751,
      "route_line_lateral_error": 1.571099042892456,
      "route_progress_ratio": 0.5760728969732853,
      "min_obstacle_distance": 0.3711361289024353,
      "min_clearance": 0.021136128902435325,
      "path_length": 4.04954579481273,
      "start_to_goal_distance": 3.8173413276672363,
      "steps": 720.0,
      "control_effort": 0.5191957023408678,
      "episode_duration": 24.0,
      "time_to_goal": null
    },
    {
      "episode_return": -39.76808710547927,
      "success": 0.0,
      "collision": 1.0,
      "distance_to_goal": 2.7654876708984375,
      "route_line_lateral_error": 0.08032945543527603,
      "route_progress_ratio": 0.19502174560234922,
      "min_obstacle_distance": 0.3460903763771057,
      "min_clearance": -0.003909623622894265,
      "path_length": 0.695557091923547,
      "start_to_goal_distance": 3.4340314865112305,
      "steps": 100.0,
      "control_effort": 0.6071127903461456,
      "episode_duration": 3.3333333333333335,
      "time_to_goal": null
    },
    {
      "episode_return": -39.165194172840444,
      "success": 0.0,
      "collision": 1.0,
      "distance_to_goal": 2.610819101333618,
      "route_line_lateral_error": 0.07846968621015549,
      "route_progress_ratio": 0.2944402337439422,
      "min_obstacle_distance": 0.34834811091423035,
      "min_clearance": -0.0016518890857696311,
      "path_length": 1.12360570704368,
      "start_to_goal_distance": 3.6986794471740723,
      "steps": 168.0,
      "control_effort": 0.5658726929908707,
      "episode_duration": 5.6,
      "time_to_goal": null
    },
    {
      "episode_return": -43.75268196756101,
      "success": 0.0,
      "collision": 1.0,
      "distance_to_goal": 2.8805103302001953,
      "route_line_lateral_error": 0.16302604973316193,
      "route_progress_ratio": 0.26511905958614723,
      "min_obstacle_distance": 0.3464832901954651,
      "min_clearance": -0.00351670980453489,
      "path_length": 1.0971201799638948,
      "start_to_goal_distance": 3.913414478302002,
      "steps": 163.0,
      "control_effort": 0.5303256365419166,
      "episode_duration": 5.433333333333334,
      "time_to_goal": null
    },
    {
      "episode_return": -42.43154892595509,
      "success": 0.0,
      "collision": 1.0,
      "distance_to_goal": 2.9345619678497314,
      "route_line_lateral_error": 0.1705612987279892,
      "route_progress_ratio": 0.24451525717890044,
      "min_obstacle_distance": 0.34948834776878357,
      "min_clearance": -0.0005116522312164085,
      "path_length": 1.0115979297406739,
      "start_to_goal_distance": 3.8777763843536377,
      "steps": 143.0,
      "control_effort": 0.5904849684321797,
      "episode_duration": 4.766666666666667,
      "time_to_goal": null
    },
    {
      "episode_return": -48.848469572310016,
      "success": 0.0,
      "collision": 1.0,
      "distance_to_goal": 2.335864305496216,
      "route_line_lateral_error": 0.5324660539627075,
      "route_progress_ratio": 0.3941692577026454,
      "min_obstacle_distance": 0.34981194138526917,
      "min_clearance": -0.00018805861473081276,
      "path_length": 1.6516852711574757,
      "start_to_goal_distance": 3.7541279792785645,
      "steps": 238.0,
      "control_effort": 0.6204145002264937,
      "episode_duration": 7.933333333333334,
      "time_to_goal": null
    },
    {
      "episode_return": -222.0147411411324,
      "success": 0.0,
      "collision": 0.0,
      "distance_to_goal": 2.7279751300811768,