{
  "summary": {
    "train_episode": 420,
    "stage_index": 6,
    "stage_name": "medium_crossing",
    "stage_episode": 40,
    "stage_eval_index": 2,
    "stage_target_hit": 0.0,
    "stage_success_streak": 0,
    "stage_best_success_rate": 1.0,
    "stage_best_collision_rate": 0.0,
    "stage_best_avg_return": 130.2810516357422,
    "stage_bad_eval_streak": 0,
    "stage_regression_active": 1.0,
    "stage_regression_bad_eval": 0.0,
    "stage_regression_absolute_drop": 0.0,
    "stage_regression_relative_drop": 0.0,
    "stage_regression_detected": 0.0,
    "stage_rollback_applied": 0.0,
    "stage_plateau_recovery_applied": 0.0,
    "num_episodes": 12,
    "success_rate": 1.0,
    "collision_rate": 0.0,
    "avg_episode_return": 130.1364288330078,
    "avg_path_length": 2.7147462368011475,
    "avg_episode_duration": 11.41388988494873,
    "avg_time_to_goal": 11.41388988494873,
    "avg_distance_to_goal": 0.8372361660003662,
    "avg_route_line_lateral_error": 0.43440723419189453,
    "avg_min_obstacle_distance": 1.2649279832839966,
    "avg_min_clearance": 0.9149280190467834,
    "avg_control_effort": 0.6761816143989563,
    "avg_path_efficiency": 1.0,
    "avg_steps": 342.4166564941406,
    "best_distance_to_goal": 0.8346193432807922,
    "best_route_line_lateral_error": 0.1632518321275711,
    "best_episode_return": 135.87506103515625,
    "deterministic": 1.0,
    "seed_offset": 100000
  },
  "episodes": [
    {
      "episode_return": 131.02365946460694,
      "success": 1.0,
      "collision": 0.0,
      "distance_to_goal": 0.8377529382705688,
      "route_line_lateral_error": 0.39590567350387573,
      "route_progress_ratio": 0.7823386696069978,
      "min_obstacle_distance": 0.9145978689193726,
      "min_clearance": 0.5645978689193726,
      "path_length": 2.7376983682624996,
      "start_to_goal_distance": 3.3919737339019775,
      "steps": 342.0,
      "control_effort": 0.6892092325534039,
      "episode_duration": 11.4,
      "time_to_goal": 11.4
    },
    {
      "episode_return": 126.71726992183692,
      "success": 1.0,
      "collision": 0.0,
      "distance_to_goal": 0.8388037085533142,
      "route_line_lateral_error": 0.5781913995742798,
      "route_progress_ratio": 0.7984149750493615,
      "min_obstacle_distance": 1.3809473514556885,
      "min_clearance": 1.0309473514556884,
      "path_length": 2.516392095363699,
      "start_to_goal_distance": 3.0145561695098877,
      "steps": 328.0,
      "control_effort": 0.6828885200183566,
      "episode_duration": 10.933333333333334,
      "time_to_goal": 10.933333333333334
    },
    {
      "episode_return": 128.6301483175912,
      "success": 1.0,
      "collision": 0.0,
      "distance_to_goal": 0.8370625972747803,
      "route_line_lateral_error": 0.4773932695388794,
      "route_progress_ratio": 0.783395868904453,
      "min_obstacle_distance": 1.8106935024261475,
      "min_clearance": 1.4606935024261474,
      "path_length": 2.5717430531512946,
      "start_to_goal_distance": 3.1743738651275635,
      "steps": 330.0,
      "control_effort": 0.6935788548353946,
      "episode_duration": 11.0,
      "time_to_goal": 11.0
    },
    {
      "episode_return": 127.48789324187806,
      "success": 1.0,
      "collision": 0.0,
      "distance_to_goal": 0.8389745950698853,
      "route_line_lateral_error": 0.1632518321275711,
      "route_progress_ratio": 0.7250086740097985,
      "min_obstacle_distance": 1.3847373723983765,
      "min_clearance": 1.0347373723983764,
      "path_length": 2.199638707068516,
      "start_to_goal_distance": 2.992597818374634,
      "steps": 273.0,
      "control_effort": 0.6864397078206688,
      "episode_duration": 9.1,
      "time_to_goal": 9.1
    },
    {
      "episode_return": 130.15324116632493,
      "success": 1.0,
      "collision": 0.0,
      "distance_to_goal": 0.8382425308227539,
      "route_line_lateral_error": 0.4024900197982788,
      "route_progress_ratio": 0.7772807489297635,
      "min_obstacle_distance": 1.5055986642837524,
      "min_clearance": 1.1555986642837524,
      "path_length": 2.6517457584268413,
      "start_to_goal_distance": 3.3014233112335205,
      "steps": 332.0,
      "control_effort": 0.66915294222803,
      "episode_duration": 11.066666666666666,
      "time_to_goal": 11.066666666666666
    },
    {
      "episode_return": 130.05114396860694,
      "success": 1.0,
      "collision": 0.0,
      "distance_to_goal": 0.839505672454834,
      "route_line_lateral_error": 0.7160676121711731,
      "route_progress_ratio": 0.8702379703394539,
      "min_obstacle_distance": 1.3553982973098755,
      "min_clearance": 1.0053982973098754,
      "path_length": 3.066770449047908,
      "start_to_goal_distance": 3.3769288063049316,
      "steps": 385.0,
      "control_effort": 0.6774856500811391,
      "episode_duration": 12.833333333333334,
      "time_to_goal": 12.833333333333334
    },
    {
      "episode_return": 127.6137275822582,
      "success": 1.0,
      "collision": 0.0,
      "distance_to_goal": 0.8352606296539307,
      "route_line_lateral_error": 0.21026842296123505,
      "route_progress_ratio": 0.730468893154272,
      "min_obstacle_distance": 1.5407692193984985,
      "min_clearance": 1.1907692193984984,
      "path_length": 2.2322430573403835,
      "start_to_goal_distance": 2.9991400241851807,
      "steps": 274.0,
      "control_effort": 0.6787085198137882,
      "episode_duration": 9.133333333333333,
      "time_to_goal": 9.133333333333333
    },
    {
      "episode_return": 129.92264527998293,
      "success": 1.0,
      "collision": 0.0,
      "distance_to_goal": 0.8360978960990906,
      "route_line_lateral_error": 0.31726640462875366,
      "route_progress_ratio": 0.7636759419203846,
      "min_obstacle_distance": 1.5535180568695068,
      "min_clearance": 1.2035180568695067,
      "path_length": 2.5554724958492443,
      "start_to_goal_distance": 3.273318290710449,
      "steps": 330.0,
      "control_effort": 0.6563137086954984,
      "episode_duration": 11.0,
      "time_to_goal": 11.0
    },
    {
      "episode_return": 132.12789430014675,
      "success": 1.0,
      "collision": 0.0,
      "distance_to_goal": 0.8347799777984619,
      "route_line_lateral_error": 0.5483894348144531,
      "route_progress_ratio": 0.8209196483023281,
      "min_obstacle_distance": 0.775775671005249,
      "min_clearance": 0.42577567100524905,
      "path_length": 2.9937407979741693,
      "start_to_goal_distance": 3.51454496383667,
      "steps": 365.0,
      "control_effort": 0.6583226866918067,
      "episode_duration": 12.166666666666666,
      "time_to_goal": 12.166666666666666
    },
    {
      "episode_return": 131.50895980814676,
      "success": 1.0,
      "collision": 0.0,
      "distance_to_goal": 0.8398540616035461,
      "route_line_lateral_error": 0.5007750988006592,
      "route_progress_ratio": 0.8058794819800958,
      "min_obstacle_distance": 0.7512430548667908,
      "min_clearance": 0.4012430548667908,
      "path_length": 2.8990852177375928,
      "start_to_goal_distance": 3.47322940826416,
      "steps": 367.0,
      "control_effort": 0.6782400749359858,
      "episode_duration": 12.233333333333333,
      "time_to_goal": 12.233333333333333
    },
    {
      "episode_return": 130.52555579660012,
      "success": 1.0,
      "collision": 0.0,
      "distance_to_goal": 0.8346193432807922,
      "route_line_lateral_error": 0.26947760581970215,
      "route_progress_ratio": 0.7628034903810055,
      "min_obstacle_distance": 1.6006520986557007,
      "min_clearance": 1.2506520986557006,
      "path_length": 2.6133814900531434,
      "start_to_goal_distance": 3.330227851867676,
      "steps": 331.0,
      "control_effort": 0.6748341700101547,
      "episode_duration": 11.033333333333333,
      "time_to_goal": 11.033333333333333
    },
    {
      "episode_return": 135.87506546318372,
      "success": 1.0,
      "collision": 0.0,
      "distance_to_goal": 0.835879385471344,