{
  "summary": {
    "train_episode": 1100,
    "stage_index": 8,
    "stage_name": "target_bypass_commit_v2",
    "stage_episode": 120,
    "stage_eval_index": 16,
    "stage_target_hit": 0.0,
    "stage_success_streak": 0,
    "stage_best_success_rate": 0.4166666567325592,
    "stage_best_collision_rate": 0.1666666716337204,
    "stage_best_avg_return": 10.393216133117676,
    "stage_bad_eval_streak": 6,
    "stage_regression_active": 1.0,
    "stage_regression_bad_eval": 1.0,
    "stage_regression_absolute_drop": 0.4166666567325592,
    "stage_regression_relative_drop": 1.0,
    "stage_regression_detected": 1.0,
    "stage_rollback_applied": 0.0,
    "stage_plateau_recovery_applied": 0.0,
    "num_episodes": 12,
    "success_rate": 0.0,
    "collision_rate": 0.0,
    "avg_episode_return": -140.11962890625,
    "avg_path_length": 3.512080192565918,
    "avg_episode_duration": 24.0,
    "avg_time_to_goal": 0.0,
    "avg_distance_to_goal": 2.915303945541382,
    "avg_route_line_lateral_error": 1.9781044721603394,
    "avg_min_obstacle_distance": 0.5920828580856323,
    "avg_min_clearance": 0.24208283424377441,
    "avg_control_effort": 0.48594748973846436,
    "avg_path_efficiency": 0.0,
    "avg_steps": 720.0,
    "best_distance_to_goal": 2.025775194168091,
    "best_route_line_lateral_error": 1.4206212759017944,
    "best_episode_return": -86.22896575927734,
    "deterministic": 1.0,
    "seed_offset": 100000
  },
  "episodes": [
    {
      "episode_return": -140.72120297979455,
      "success": 0.0,
      "collision": 0.0,
      "distance_to_goal": 3.328566551208496,
      "route_line_lateral_error": 1.9384765625,
      "route_progress_ratio": 0.292391611890118,
      "min_obstacle_distance": 0.6932649612426758,
      "min_clearance": 0.3432649612426758,
      "path_length": 3.5249215133371763,
      "start_to_goal_distance": 3.8239474296569824,
      "steps": 720.0,
      "control_effort": 0.5263372122413582,
      "episode_duration": 24.0,
      "time_to_goal": null
    },
    {
      "episode_return": -129.64207269156444,
      "success": 0.0,
      "collision": 0.0,
      "distance_to_goal": 2.8347721099853516,
      "route_line_lateral_error": 1.9852769374847412,
      "route_progress_ratio": 0.41396554608717834,
      "min_obstacle_distance": 0.5889790058135986,
      "min_clearance": 0.23897900581359866,
      "path_length": 3.580364387074951,
      "start_to_goal_distance": 3.4528915882110596,
      "steps": 720.0,
      "control_effort": 0.4884127750164933,
      "episode_duration": 24.0,
      "time_to_goal": null
    },
    {
      "episode_return": -250.64575282710803,
      "success": 0.0,
      "collision": 0.0,
      "distance_to_goal": 3.4902868270874023,
      "route_line_lateral_error": 2.3108808994293213,
      "route_progress_ratio": 0.2799462552713158,
      "min_obstacle_distance": 0.4155014753341675,
      "min_clearance": 0.0655014753341675,
      "path_length": 3.4367683742239024,
      "start_to_goal_distance": 3.632657766342163,
      "steps": 720.0,
      "control_effort": 0.43119147767623267,
      "episode_duration": 24.0,
      "time_to_goal": null
    },
    {
      "episode_return": -121.2973299301207,
      "success": 0.0,
      "collision": 0.0,
      "distance_to_goal": 2.5614235401153564,
      "route_line_lateral_error": 2.1121413707733154,
      "route_progress_ratio": 0.5762631279594947,
      "min_obstacle_distance": 0.7310922741889954,
      "min_clearance": 0.3810922741889954,
      "path_length": 3.691138133610366,
      "start_to_goal_distance": 3.4196953773498535,
      "steps": 720.0,
      "control_effort": 0.5274569098320272,
      "episode_duration": 24.0,
      "time_to_goal": null
    },
    {
      "episode_return": -134.41781840564244,
      "success": 0.0,
      "collision": 0.0,
      "distance_to_goal": 3.1536498069763184,
      "route_line_lateral_error": 2.029337167739868,
      "route_progress_ratio": 0.3614166055726798,
      "min_obstacle_distance": 0.6342809796333313,
      "min_clearance": 0.2842809796333313,
      "path_length": 3.4656069613120053,
      "start_to_goal_distance": 3.780210494995117,
      "steps": 720.0,
      "control_effort": 0.547994790184829,
      "episode_duration": 24.0,
      "time_to_goal": null
    },
    {
      "episode_return": -121.55301076414425,
      "success": 0.0,
      "collision": 0.0,
      "distance_to_goal": 2.884523868560791,
      "route_line_lateral_error": 2.0402133464813232,
      "route_progress_ratio": 0.4658272172600366,
      "min_obstacle_distance": 0.6213999390602112,
      "min_clearance": 0.2713999390602112,
      "path_length": 3.6470599560125265,
      "start_to_goal_distance": 3.8173413276672363,
      "steps": 720.0,
      "control_effort": 0.5360060333791706,
      "episode_duration": 24.0,
      "time_to_goal": null
    },
    {
      "episode_return": -203.78673500665766,
      "success": 0.0,
      "collision": 0.0,
      "distance_to_goal": 3.1998980045318604,
      "route_line_lateral_error": 2.410876989364624,
      "route_progress_ratio": 0.387295002864607,
      "min_obstacle_distance": 0.4539927840232849,
      "min_clearance": 0.10399278402328493,
      "path_length": 3.6033546446997207,
      "start_to_goal_distance": 3.4340314865112305,
      "steps": 720.0,
      "control_effort": 0.4790596383313338,
      "episode_duration": 24.0,
      "time_to_goal": null
    },
    {
      "episode_return": -86.22896705209257,
      "success": 0.0,
      "collision": 0.0,
      "distance_to_goal": 2.1221654415130615,
      "route_line_lateral_error": 1.4206212759017944,
      "route_progress_ratio": 0.5737610087185351,
      "min_obstacle_distance": 0.593232274055481,
      "min_clearance": 0.24323227405548098,
      "path_length": 3.284592897472976,
      "start_to_goal_distance": 3.6986794471740723,
      "steps": 720.0,
      "control_effort": 0.46043264994190797,
      "episode_duration": 24.0,
      "time_to_goal": null
    },
    {
      "episode_return": -180.22761741776034,
      "success": 0.0,
      "collision": 0.0,
      "distance_to_goal": 4.13010835647583,
      "route_line_lateral_error": 2.6406595706939697,
      "route_progress_ratio": 0.1885235514696251,
      "min_obstacle_distance": 0.7098569869995117,
      "min_clearance": 0.35985698699951174,
      "path_length": 3.438812503023655,
      "start_to_goal_distance": 3.913414478302002,
      "steps": 720.0,
      "control_effort": 0.38897262383252384,
      "episode_duration": 24.0,
      "time_to_goal": null
    },
    {
      "episode_return": -118.25686127716413,
      "success": 0.0,
      "collision": 0.0,
      "distance_to_goal": 2.9290292263031006,
      "route_line_lateral_error": 1.8097010850906372,
      "route_progress_ratio": 0.4060814261770045,
      "min_obstacle_distance": 0.6571711301803589,
      "min_clearance": 0.3071711301803589,
      "path_length": 3.333905208914075,
      "start_to_goal_distance": 3.8777763843536377,
      "steps": 720.0,
      "control_effort": 0.5044478428860505,
      "episode_duration": 24.0,
      "time_to_goal": null
    },
    {
      "episode_return": -103.11820794258844,
      "success": 0.0,
      "collision": 0.0,
      "distance_to_goal": 2.025775194168091,
      "route_line_lateral_error": 1.5366142988204956,
      "route_progress_ratio": 0.6483686539411966,
      "min_obstacle_distance": 0.49419885873794556,
      "min_clearance": 0.14419885873794558,
      "path_length": 3.5280016709584743,
      "start_to_goal_distance": 3.7541279792785645,
      "steps": 720.0,
      "control_effort": 0.48064717778729066,
      "episode_duration": 24.0,
      "time_to_goal": null
    },
    {
      "episode_return": -91.53991248852364,
      "success": 0.0,
      "collision": 0.0,
      "distance_to_goal": 2.323446750640869,
      "route_line_lateral_error": 1.5024529695510864,
      "route_progress_ratio": 0.5907262096152576,
      "min_obstacle_distance": 0.512023389339447,