{
  "summary": {
    "train_episode": 840,
    "stage_index": 8,
    "stage_name": "target_bypass_commit_v2",
    "stage_episode": 60,
    "stage_eval_index": 3,
    "stage_target_hit": 0.0,
    "stage_success_streak": 0,
    "stage_best_success_rate": 0.4166666567325592,
    "stage_best_collision_rate": 0.1666666716337204,
    "stage_best_avg_return": 10.393216133117676,
    "stage_bad_eval_streak": 1,
    "stage_regression_active": 1.0,
    "stage_regression_bad_eval": 0.0,
    "stage_regression_absolute_drop": 0.08333331346511841,
    "stage_regression_relative_drop": 0.19999995708465473,
    "stage_regression_detected": 0.0,
    "stage_rollback_applied": 0.0,
    "stage_plateau_recovery_applied": 0.0,
    "num_episodes": 12,
    "success_rate": 0.3333333432674408,
    "collision_rate": 0.25,
    "avg_episode_return": 1.0825003385543823,
    "avg_path_length": 3.771791696548462,
    "avg_episode_duration": 20.663888931274414,
    "avg_time_to_goal": 20.183334350585938,
    "avg_distance_to_goal": 1.0246273279190063,
    "avg_route_line_lateral_error": 0.5531068444252014,
    "avg_min_obstacle_distance": 0.6080222129821777,
    "avg_min_clearance": 0.2580222189426422,
    "avg_control_effort": 0.6615629196166992,
    "avg_path_efficiency": 0.32562947273254395,
    "avg_steps": 619.9166870117188,
    "best_distance_to_goal": 0.7362383008003235,
    "best_route_line_lateral_error": 0.1941985785961151,
    "best_episode_return": 145.5559539794922,
    "deterministic": 1.0,
    "seed_offset": 100000
  },
  "episodes": [
    {
      "episode_return": 143.1755595628577,
      "success": 1.0,
      "collision": 0.0,
      "distance_to_goal": 0.7387955784797668,
      "route_line_lateral_error": 0.1941985785961151,
      "route_progress_ratio": 0.8135918290136206,
      "min_obstacle_distance": 1.048761010169983,
      "min_clearance": 0.6987610101699829,
      "path_length": 3.9512992189847864,
      "start_to_goal_distance": 3.8239474296569824,
      "steps": 600.0,
      "control_effort": 0.6530156681934992,
      "episode_duration": 20.0,
      "time_to_goal": 20.0
    },
    {
      "episode_return": -33.461545210895174,
      "success": 0.0,
      "collision": 1.0,
      "distance_to_goal": 1.4027283191680908,
      "route_line_lateral_error": 0.8448764085769653,
      "route_progress_ratio": 0.675707891681789,
      "min_obstacle_distance": 0.34941530227661133,
      "min_clearance": -0.0005846977233886497,
      "path_length": 2.666475878097117,
      "start_to_goal_distance": 3.4528915882110596,
      "steps": 416.0,
      "control_effort": 0.6370570426090405,
      "episode_duration": 13.866666666666667,
      "time_to_goal": null
    },
    {
      "episode_return": -40.774867705474755,
      "success": 0.0,
      "collision": 0.0,
      "distance_to_goal": 0.7965276837348938,
      "route_line_lateral_error": 0.5160826444625854,
      "route_progress_ratio": 0.8329804191534903,
      "min_obstacle_distance": 0.4920085072517395,
      "min_clearance": 0.14200850725173952,
      "path_length": 4.182469214196317,
      "start_to_goal_distance": 3.632657766342163,
      "steps": 720.0,
      "control_effort": 0.6778670783672068,
      "episode_duration": 24.0,
      "time_to_goal": null
    },
    {
      "episode_return": -75.46644177542579,
      "success": 0.0,
      "collision": 1.0,
      "distance_to_goal": 0.8268083333969116,
      "route_line_lateral_error": 0.4660818576812744,
      "route_progress_ratio": 0.8002980776591513,
      "min_obstacle_distance": 0.34816691279411316,
      "min_clearance": -0.0018330872058868186,
      "path_length": 3.646713800582802,
      "start_to_goal_distance": 3.4196953773498535,
      "steps": 608.0,
      "control_effort": 0.669289583732423,
      "episode_duration": 20.266666666666666,
      "time_to_goal": null
    },
    {
      "episode_return": -75.02953991982065,
      "success": 0.0,
      "collision": 0.0,
      "distance_to_goal": 1.1597129106521606,
      "route_line_lateral_error": 0.7554513812065125,
      "route_progress_ratio": 0.767234622101105,
      "min_obstacle_distance": 0.47203877568244934,
      "min_clearance": 0.12203877568244936,
      "path_length": 4.148407540982589,
      "start_to_goal_distance": 3.780210494995117,
      "steps": 720.0,
      "control_effort": 0.6929527830746439,
      "episode_duration": 24.0,
      "time_to_goal": null
    },
    {
      "episode_return": -170.34117365165397,
      "success": 0.0,
      "collision": 1.0,
      "distance_to_goal": 1.6352267265319824,
      "route_line_lateral_error": 0.6942357420921326,
      "route_progress_ratio": 0.612153700966018,
      "min_obstacle_distance": 0.34883952140808105,
      "min_clearance": -0.001160478591918923,
      "path_length": 2.6653132945448306,
      "start_to_goal_distance": 3.8173413276672363,
      "steps": 393.0,
      "control_effort": 0.6341467567982565,
      "episode_duration": 13.1,
      "time_to_goal": null
    },
    {
      "episode_return": -28.095010367809657,
      "success": 0.0,
      "collision": 0.0,
      "distance_to_goal": 0.9151210188865662,
      "route_line_lateral_error": 0.5134950280189514,
      "route_progress_ratio": 0.7794208189582272,
      "min_obstacle_distance": 0.5875452756881714,
      "min_clearance": 0.2375452756881714,
      "path_length": 4.122792556852801,
      "start_to_goal_distance": 3.4340314865112305,
      "steps": 720.0,
      "control_effort": 0.6755465152362983,
      "episode_duration": 24.0,
      "time_to_goal": null
    },
    {
      "episode_return": 145.55594635868235,
      "success": 1.0,
      "collision": 0.0,
      "distance_to_goal": 0.7367454767227173,
      "route_line_lateral_error": 0.4328935742378235,
      "route_progress_ratio": 0.8388204225692573,
      "min_obstacle_distance": 0.8771262168884277,
      "min_clearance": 0.5271262168884278,
      "path_length": 3.6064984196564183,
      "start_to_goal_distance": 3.6986794471740723,
      "steps": 546.0,
      "control_effort": 0.6474127499830156,
      "episode_duration": 18.2,
      "time_to_goal": 18.2
    },
    {
      "episode_return": -116.54868984615533,
      "success": 0.0,
      "collision": 0.0,
      "distance_to_goal": 1.3434388637542725,
      "route_line_lateral_error": 0.7913322448730469,
      "route_progress_ratio": 0.7225841276223723,
      "min_obstacle_distance": 0.41453152894973755,
      "min_clearance": 0.06453152894973757,
      "path_length": 4.150433552102186,
      "start_to_goal_distance": 3.913414478302002,
      "steps": 720.0,
      "control_effort": 0.6902324776682589,
      "episode_duration": 24.0,
      "time_to_goal": null
    },
    {
      "episode_return": 141.56856961018366,
      "success": 1.0,
      "collision": 0.0,
      "distance_to_goal": 0.7362383008003235,
      "route_line_lateral_error": 0.2328076958656311,
      "route_progress_ratio": 0.819881222827061,
      "min_obstacle_distance": 0.8525039553642273,
      "min_clearance": 0.5025039553642273,
      "path_length": 3.7986224202322774,
      "start_to_goal_distance": 3.8777763843536377,
      "steps": 638.0,
      "control_effort": 0.6446654582658905,
      "episode_duration": 21.266666666666666,
      "time_to_goal": 21.266666666666666
    },
    {
      "episode_return": 137.28194485346918,
      "success": 1.0,
      "collision": 0.0,
      "distance_to_goal": 0.7382628917694092,
      "route_line_lateral_error": 0.5982571840286255,
      "route_progress_ratio": 0.8847737647398183,
      "min_obstacle_distance": 0.7087632417678833,
      "min_clearance": 0.3587632417678833,
      "path_length": 3.994670861924533,
      "start_to_goal_distance": 3.7541279792785645,
      "steps": 638.0,
      "control_effort": 0.6433565235436897,
      "episode_duration": 21.266666666666666,
      "time_to_goal": 21.266666666666666
    },
    {
      "episode_return": -14.874758092587527,
      "success": 0.0,
      "collision": 0.0,
      "distance_to_goal": 1.2659215927124023,