{
  "summary": {
    "train_episode": 560,
    "stage_index": 7,
    "stage_name": "target_bypass_intro_v2",
    "stage_episode": 40,
    "stage_eval_index": 5,
    "stage_target_hit": 0.0,
    "stage_success_streak": 0,
    "stage_best_success_rate": 0.0,
    "stage_best_collision_rate": 0.0,
    "stage_best_avg_return": -73.68253326416016,
    "stage_bad_eval_streak": 0,
    "stage_regression_active": 0.0,
    "stage_regression_bad_eval": 0.0,
    "stage_regression_absolute_drop": 0.0,
    "stage_regression_relative_drop": 0.0,
    "stage_regression_detected": 0.0,
    "stage_rollback_applied": 0.0,
    "stage_plateau_recovery_applied": 0.0,
    "num_episodes": 12,
    "success_rate": 0.0,
    "collision_rate": 0.0,
    "avg_episode_return": -73.68253326416016,
    "avg_path_length": 3.454993963241577,
    "avg_episode_duration": 22.66666603088379,
    "avg_time_to_goal": 0.0,
    "avg_distance_to_goal": 1.9006624221801758,
    "avg_route_line_lateral_error": 1.7004553079605103,
    "avg_min_obstacle_distance": 0.8641948103904724,
    "avg_min_clearance": 0.514194905757904,
    "avg_control_effort": 0.5858986973762512,
    "avg_path_efficiency": 0.0,
    "avg_steps": 680.0,
    "best_distance_to_goal": 1.7231515645980835,
    "best_route_line_lateral_error": 1.5534685850143433,
    "best_episode_return": -58.560123443603516,
    "deterministic": 1.0,
    "seed_offset": 100000
  },
  "episodes": [
    {
      "episode_return": -58.56012323286222,
      "success": 0.0,
      "collision": 0.0,
      "distance_to_goal": 1.7231515645980835,
      "route_line_lateral_error": 1.5534685850143433,
      "route_progress_ratio": 0.7865421864310983,
      "min_obstacle_distance": 0.920711874961853,
      "min_clearance": 0.570711874961853,
      "path_length": 3.59026333145448,
      "start_to_goal_distance": 3.4931728839874268,
      "steps": 680.0,
      "control_effort": 0.5659532899803975,
      "episode_duration": 22.666666666666668,
      "time_to_goal": null
    },
    {
      "episode_return": -97.83732336590064,
      "success": 0.0,
      "collision": 0.0,
      "distance_to_goal": 1.9211829900741577,
      "route_line_lateral_error": 1.7646328210830688,
      "route_progress_ratio": 0.7635420763261538,
      "min_obstacle_distance": 0.5367314219474792,
      "min_clearance": 0.18673142194747927,
      "path_length": 3.304315877787303,
      "start_to_goal_distance": 3.212475061416626,
      "steps": 680.0,
      "control_effort": 0.5908151595031514,
      "episode_duration": 22.666666666666668,
      "time_to_goal": null
    },
    {
      "episode_return": -75.81325037002213,
      "success": 0.0,
      "collision": 0.0,
      "distance_to_goal": 1.8707791566848755,
      "route_line_lateral_error": 1.6887362003326416,
      "route_progress_ratio": 0.7584217434748217,
      "min_obstacle_distance": 0.9559003710746765,
      "min_clearance": 0.6059003710746765,
      "path_length": 3.3533504783990793,
      "start_to_goal_distance": 3.332151174545288,
      "steps": 680.0,
      "control_effort": 0.6027004016234594,
      "episode_duration": 22.666666666666668,
      "time_to_goal": null
    },
    {
      "episode_return": -83.05332520909243,
      "success": 0.0,
      "collision": 0.0,
      "distance_to_goal": 1.8641389608383179,
      "route_line_lateral_error": 1.7620360851287842,
      "route_progress_ratio": 0.8085234677724723,
      "min_obstacle_distance": 1.1034213304519653,
      "min_clearance": 0.7534213304519654,
      "path_length": 3.4118774995440617,
      "start_to_goal_distance": 3.1778056621551514,
      "steps": 680.0,
      "control_effort": 0.5842353343963623,
      "episode_duration": 22.666666666666668,
      "time_to_goal": null
    },
    {
      "episode_return": -68.00980988233705,
      "success": 0.0,
      "collision": 0.0,
      "distance_to_goal": 1.8284204006195068,
      "route_line_lateral_error": 1.653753638267517,
      "route_progress_ratio": 0.7729399335425486,
      "min_obstacle_distance": 0.64060378074646,
      "min_clearance": 0.29060378074646,
      "path_length": 3.5318116199050564,
      "start_to_goal_distance": 3.4347081184387207,
      "steps": 680.0,
      "control_effort": 0.5823200737728792,
      "episode_duration": 22.666666666666668,
      "time_to_goal": null
    },
    {
      "episode_return": -76.39806000148906,
      "success": 0.0,
      "collision": 0.0,
      "distance_to_goal": 1.9318394660949707,
      "route_line_lateral_error": 1.744760274887085,
      "route_progress_ratio": 0.7624034083007593,
      "min_obstacle_distance": 0.7303548455238342,
      "min_clearance": 0.38035484552383425,
      "path_length": 3.515590537310345,
      "start_to_goal_distance": 3.490565299987793,
      "steps": 680.0,
      "control_effort": 0.5962394674911219,
      "episode_duration": 22.666666666666668,
      "time_to_goal": null
    },
    {
      "episode_return": -86.43020804745487,
      "success": 0.0,
      "collision": 0.0,
      "distance_to_goal": 1.933497428894043,
      "route_line_lateral_error": 1.785219430923462,
      "route_progress_ratio": 0.7671407417198857,
      "min_obstacle_distance": 0.9380583167076111,
      "min_clearance": 0.5880583167076111,
      "path_length": 3.3174654946196824,
      "start_to_goal_distance": 3.1889052391052246,
      "steps": 680.0,
      "control_effort": 0.5937574897618855,
      "episode_duration": 22.666666666666668,
      "time_to_goal": null
    },
    {
      "episode_return": -71.9006355353615,
      "success": 0.0,
      "collision": 0.0,
      "distance_to_goal": 1.8611425161361694,
      "route_line_lateral_error": 1.707237958908081,
      "route_progress_ratio": 0.7819933450986206,
      "min_obstacle_distance": 0.8256791830062866,
      "min_clearance": 0.47567918300628664,
      "path_length": 3.4393541909521446,
      "start_to_goal_distance": 3.399315357208252,
      "steps": 680.0,
      "control_effort": 0.5973328686812345,
      "episode_duration": 22.666666666666668,
      "time_to_goal": null
    },
    {
      "episode_return": -66.78151394848516,
      "success": 0.0,
      "collision": 0.0,
      "distance_to_goal": 1.9391165971755981,
      "route_line_lateral_error": 1.5780795812606812,
      "route_progress_ratio": 0.6868305102781701,
      "min_obstacle_distance": 0.9045826196670532,
      "min_clearance": 0.5545826196670532,
      "path_length": 3.2608534422470257,
      "start_to_goal_distance": 3.5982794761657715,
      "steps": 680.0,
      "control_effort": 0.609247490193914,
      "episode_duration": 22.666666666666668,
      "time_to_goal": null
    },
    {
      "episode_return": -68.90836462894981,
      "success": 0.0,
      "collision": 0.0,
      "distance_to_goal": 1.8766462802886963,
      "route_line_lateral_error": 1.6828233003616333,
      "route_progress_ratio": 0.7683768146043564,
      "min_obstacle_distance": 0.5790826082229614,
      "min_clearance": 0.22908260822296145,
      "path_length": 3.552985182701377,
      "start_to_goal_distance": 3.5860257148742676,
      "steps": 680.0,
      "control_effort": 0.5846325794125304,
      "episode_duration": 22.666666666666668,
      "time_to_goal": null
    },
    {
      "episode_return": -64.36204087620654,
      "success": 0.0,
      "collision": 0.0,
      "distance_to_goal": 1.8021384477615356,
      "route_line_lateral_error": 1.6909724473953247,
      "route_progress_ratio": 0.8203621364025718,
      "min_obstacle_distance": 1.0726643800735474,
      "min_clearance": 0.7226643800735474,
      "path_length": 3.610231751430547,
      "start_to_goal_distance": 3.468921422958374,
      "steps": 680.0,
      "control_effort": 0.5571938966127002,
      "episode_duration": 22.666666666666668,
      "time_to_goal": null
    },
    {
      "episode_return": -66.13568020115181,
      "success": 0.0,
      "collision": 0.0,
      "distance_to_goal": 2.255892753601074,
      "route_line_lateral_error": 1.7937425374984741,