{
  "summary": {
    "train_episode": 940,
    "stage_index": 8,
    "stage_name": "target_bypass_commit_v2",
    "stage_episode": 80,
    "stage_eval_index": 8,
    "stage_target_hit": 0.0,
    "stage_success_streak": 0,
    "stage_best_success_rate": 0.4166666567325592,
    "stage_best_collision_rate": 0.1666666716337204,
    "stage_best_avg_return": 10.393216133117676,
    "stage_bad_eval_streak": 0,
    "stage_regression_active": 1.0,
    "stage_regression_bad_eval": 1.0,
    "stage_regression_absolute_drop": 0.4166666567325592,
    "stage_regression_relative_drop": 1.0,
    "stage_regression_detected": 1.0,
    "stage_rollback_applied": 0.0,
    "stage_plateau_recovery_applied": 1.0,
    "num_episodes": 12,
    "success_rate": 0.0,
    "collision_rate": 0.4166666567325592,
    "avg_episode_return": -89.36751556396484,
    "avg_path_length": 2.654013156890869,
    "avg_episode_duration": 16.96388816833496,
    "avg_time_to_goal": 0.0,
    "avg_distance_to_goal": 2.2786865234375,
    "avg_route_line_lateral_error": 0.9962324500083923,
    "avg_min_obstacle_distance": 0.483100026845932,
    "avg_min_clearance": 0.1331000179052353,
    "avg_control_effort": 0.6723584532737732,
    "avg_path_efficiency": 0.0,
    "avg_steps": 508.9166564941406,
    "best_distance_to_goal": 1.4080286026000977,
    "best_route_line_lateral_error": 0.16345709562301636,
    "best_episode_return": -36.004676818847656,
    "deterministic": 1.0,
    "seed_offset": 100000
  },
  "episodes": [
    {
      "episode_return": -38.73045676578164,
      "success": 0.0,
      "collision": 0.0,
      "distance_to_goal": 1.4080286026000977,
      "route_line_lateral_error": 0.7383984923362732,
      "route_progress_ratio": 0.6864811814451433,
      "min_obstacle_distance": 0.7026710510253906,
      "min_clearance": 0.35267105102539065,
      "path_length": 3.74991134161246,
      "start_to_goal_distance": 3.8239474296569824,
      "steps": 720.0,
      "control_effort": 0.6956199627783564,
      "episode_duration": 24.0,
      "time_to_goal": null
    },
    {
      "episode_return": -75.91121153492233,
      "success": 0.0,
      "collision": 0.0,
      "distance_to_goal": 1.7228158712387085,
      "route_line_lateral_error": 1.2844327688217163,
      "route_progress_ratio": 0.6674717315276938,
      "min_obstacle_distance": 0.5578411817550659,
      "min_clearance": 0.20784118175506594,
      "path_length": 3.5354063418635633,
      "start_to_goal_distance": 3.4528915882110596,
      "steps": 720.0,
      "control_effort": 0.7293307747277948,
      "episode_duration": 24.0,
      "time_to_goal": null
    },
    {
      "episode_return": -42.27310126703918,
      "success": 0.0,
      "collision": 1.0,
      "distance_to_goal": 2.5385682582855225,
      "route_line_lateral_error": 0.274288535118103,
      "route_progress_ratio": 0.3052727235854024,
      "min_obstacle_distance": 0.3457922041416168,
      "min_clearance": -0.0042077958583831565,
      "path_length": 1.2390712354681455,
      "start_to_goal_distance": 3.632657766342163,
      "steps": 216.0,
      "control_effort": 0.6156075221520884,
      "episode_duration": 7.2,
      "time_to_goal": null
    },
    {
      "episode_return": -147.84449268012946,
      "success": 0.0,
      "collision": 0.0,
      "distance_to_goal": 3.0330488681793213,
      "route_line_lateral_error": 2.6624698638916016,
      "route_progress_ratio": 0.5751657121869658,
      "min_obstacle_distance": 1.0109148025512695,
      "min_clearance": 0.6609148025512696,
      "path_length": 3.5691023943945765,
      "start_to_goal_distance": 3.4196953773498535,
      "steps": 720.0,
      "control_effort": 0.7589877109560702,
      "episode_duration": 24.0,
      "time_to_goal": null
    },
    {
      "episode_return": -38.637620972763195,
      "success": 0.0,
      "collision": 1.0,
      "distance_to_goal": 2.779209613800049,
      "route_line_lateral_error": 0.4619569778442383,
      "route_progress_ratio": 0.27502776349588454,
      "min_obstacle_distance": 0.3446930944919586,
      "min_clearance": -0.00530690550804136,
      "path_length": 1.2682218782429118,
      "start_to_goal_distance": 3.780210494995117,
      "steps": 207.0,
      "control_effort": 0.580684100660149,
      "episode_duration": 6.9,
      "time_to_goal": null
    },
    {
      "episode_return": -125.69248877745494,
      "success": 0.0,
      "collision": 0.0,
      "distance_to_goal": 2.4589200019836426,
      "route_line_lateral_error": 2.0129153728485107,
      "route_progress_ratio": 0.6300426142130235,
      "min_obstacle_distance": 0.4980293810367584,
      "min_clearance": 0.14802938103675845,
      "path_length": 3.5666433012964127,
      "start_to_goal_distance": 3.8173413276672363,
      "steps": 720.0,
      "control_effort": 0.7061813072197967,
      "episode_duration": 24.0,
      "time_to_goal": null
    },
    {
      "episode_return": -37.0575517745451,
      "success": 0.0,
      "collision": 1.0,
      "distance_to_goal": 2.750023126602173,
      "route_line_lateral_error": 0.18912790715694427,
      "route_progress_ratio": 0.20108121209394578,
      "min_obstacle_distance": 0.3462252914905548,
      "min_clearance": -0.0037747085094451682,
      "path_length": 0.7428516583768214,
      "start_to_goal_distance": 3.4340314865112305,
      "steps": 119.0,
      "control_effort": 0.597583037965438,
      "episode_duration": 3.966666666666667,
      "time_to_goal": null
    },
    {
      "episode_return": -189.77834375550006,
      "success": 0.0,
      "collision": 0.0,
      "distance_to_goal": 1.6356185674667358,
      "route_line_lateral_error": 1.0019291639328003,
      "route_progress_ratio": 0.6504643151404857,
      "min_obstacle_distance": 0.35093817114830017,
      "min_clearance": 0.0009381711483001931,
      "path_length": 3.4198534487368306,
      "start_to_goal_distance": 3.6986794471740723,
      "steps": 720.0,
      "control_effort": 0.7177659841047392,
      "episode_duration": 24.0,
      "time_to_goal": null
    },
    {
      "episode_return": -36.00467811370143,
      "success": 0.0,
      "collision": 1.0,
      "distance_to_goal": 2.854449987411499,
      "route_line_lateral_error": 0.2541294991970062,
      "route_progress_ratio": 0.2734950545416884,
      "min_obstacle_distance": 0.349067747592926,
      "min_clearance": -0.0009322524070739524,
      "path_length": 1.1455735680938233,
      "start_to_goal_distance": 3.913414478302002,
      "steps": 185.0,
      "control_effort": 0.6215169864731867,
      "episode_duration": 6.166666666666667,
      "time_to_goal": null
    },
    {
      "episode_return": -73.26343960118392,
      "success": 0.0,
      "collision": 1.0,
      "distance_to_goal": 2.1001474857330322,
      "route_line_lateral_error": 0.16345709562301636,
      "route_progress_ratio": 0.46005742050529086,
      "min_obstacle_distance": 0.34996849298477173,
      "min_clearance": -3.150701522824928e-05,
      "path_length": 2.2412706699687988,
      "start_to_goal_distance": 3.8777763843536377,
      "steps": 340.0,
      "control_effort": 0.6235792011022567,
      "episode_duration": 11.333333333333334,
      "time_to_goal": null
    },
    {
      "episode_return": -170.11860283402217,
      "success": 0.0,
      "collision": 0.0,
      "distance_to_goal": 1.470923662185669,
      "route_line_lateral_error": 0.8169373273849487,
      "route_progress_ratio": 0.6741707107743361,
      "min_obstacle_distance": 0.41688570380210876,
      "min_clearance": 0.06688570380210879,
      "path_length": 3.4789125380048063,
      "start_to_goal_distance": 3.7541279792785645,
      "steps": 720.0,
      "control_effort": 0.6969236591623889,
      "episode_duration": 24.0,
      "time_to_goal": null
    },
    {
      "episode_return": -97.09816066522735,
      "success": 0.0,
      "collision": 0.0,
      "distance_to_goal": 2.5924832820892334,
      "route_line_lateral_error": 2.0947465896606445,