{
  "summary": {
    "train_episode": 1460,
    "stage_index": 8,
    "stage_name": "target_bypass_commit_v2",
    "stage_episode": 480,
    "stage_eval_index": 34,
    "stage_target_hit": 0.0,
    "stage_success_streak": 0,
    "stage_best_success_rate": 0.4166666567325592,
    "stage_best_collision_rate": 0.1666666716337204,
    "stage_best_avg_return": 10.393216133117676,
    "stage_bad_eval_streak": 24,
    "stage_regression_active": 1.0,
    "stage_regression_bad_eval": 1.0,
    "stage_regression_absolute_drop": 0.4166666567325592,
    "stage_regression_relative_drop": 1.0,
    "stage_regression_detected": 1.0,
    "stage_rollback_applied": 0.0,
    "stage_plateau_recovery_applied": 0.0,
    "num_episodes": 12,
    "success_rate": 0.0,
    "collision_rate": 0.0,
    "avg_episode_return": -115.10059356689453,
    "avg_path_length": 3.6104938983917236,
    "avg_episode_duration": 24.0,
    "avg_time_to_goal": 0.0,
    "avg_distance_to_goal": 2.5511624813079834,
    "avg_route_line_lateral_error": 2.1975924968719482,
    "avg_min_obstacle_distance": 0.7664827704429626,
    "avg_min_clearance": 0.4164828062057495,
    "avg_control_effort": 0.8160450458526611,
    "avg_path_efficiency": 0.0,
    "avg_steps": 720.0,
    "best_distance_to_goal": 2.1931817531585693,
    "best_route_line_lateral_error": 1.4395042657852173,
    "best_episode_return": -90.22679138183594,
    "deterministic": 1.0,
    "seed_offset": 100000
  },
  "episodes": [
    {
      "episode_return": -121.86647032561935,
      "success": 0.0,
      "collision": 0.0,
      "distance_to_goal": 2.329674482345581,
      "route_line_lateral_error": 1.544880986213684,
      "route_progress_ratio": 0.54398758560336,
      "min_obstacle_distance": 0.4685077965259552,
      "min_clearance": 0.11850779652595522,
      "path_length": 2.6414642646757507,
      "start_to_goal_distance": 3.8239474296569824,
      "steps": 720.0,
      "control_effort": 0.8203139334917069,
      "episode_duration": 24.0,
      "time_to_goal": null
    },
    {
      "episode_return": -106.30558999502921,
      "success": 0.0,
      "collision": 0.0,
      "distance_to_goal": 2.1931817531585693,
      "route_line_lateral_error": 2.073585271835327,
      "route_progress_ratio": 0.7931165366256062,
      "min_obstacle_distance": 0.6727094054222107,
      "min_clearance": 0.3227094054222107,
      "path_length": 3.53389166022221,
      "start_to_goal_distance": 3.4528915882110596,
      "steps": 720.0,
      "control_effort": 0.8173032389746772,
      "episode_duration": 24.0,
      "time_to_goal": null
    },
    {
      "episode_return": -95.56321642479028,
      "success": 0.0,
      "collision": 0.0,
      "distance_to_goal": 2.2199838161468506,
      "route_line_lateral_error": 1.7218316793441772,
      "route_progress_ratio": 0.614251160915149,
      "min_obstacle_distance": 0.8994116187095642,
      "min_clearance": 0.5494116187095642,
      "path_length": 2.883640245398194,
      "start_to_goal_distance": 3.632657766342163,
      "steps": 720.0,
      "control_effort": 0.8233134442733394,
      "episode_duration": 24.0,
      "time_to_goal": null
    },
    {
      "episode_return": -133.88575179923444,
      "success": 0.0,
      "collision": 0.0,
      "distance_to_goal": 2.58166241645813,
      "route_line_lateral_error": 2.570472002029419,
      "route_progress_ratio": 0.929785051385175,
      "min_obstacle_distance": 0.8250627517700195,
      "min_clearance": 0.47506275177001955,
      "path_length": 4.318358190706931,
      "start_to_goal_distance": 3.4196953773498535,
      "steps": 720.0,
      "control_effort": 0.8090732859240638,
      "episode_duration": 24.0,
      "time_to_goal": null
    },
    {
      "episode_return": -97.64961595525615,
      "success": 0.0,
      "collision": 0.0,
      "distance_to_goal": 2.4222705364227295,
      "route_line_lateral_error": 1.5105235576629639,
      "route_progress_ratio": 0.49907599023976257,
      "min_obstacle_distance": 0.8991650342941284,
      "min_clearance": 0.5491650342941284,
      "path_length": 2.4894756234333357,
      "start_to_goal_distance": 3.780210494995117,
      "steps": 720.0,
      "control_effort": 0.8231410605212053,
      "episode_duration": 24.0,
      "time_to_goal": null
    },
    {
      "episode_return": -125.0443876742904,
      "success": 0.0,
      "collision": 0.0,
      "distance_to_goal": 2.724661111831665,
      "route_line_lateral_error": 2.5466418266296387,
      "route_progress_ratio": 0.7462349533979261,
      "min_obstacle_distance": 0.9984661340713501,
      "min_clearance": 0.6484661340713501,
      "path_length": 4.101562712196028,
      "start_to_goal_distance": 3.8173413276672363,
      "steps": 720.0,
      "control_effort": 0.829430898030599,
      "episode_duration": 24.0,
      "time_to_goal": null
    },
    {
      "episode_return": -129.66419795191032,
      "success": 0.0,
      "collision": 0.0,
      "distance_to_goal": 2.516583204269409,
      "route_line_lateral_error": 2.4401957988739014,
      "route_progress_ratio": 0.8208129318606782,
      "min_obstacle_distance": 0.5676898956298828,
      "min_clearance": 0.21768989562988283,
      "path_length": 3.868708744783767,
      "start_to_goal_distance": 3.4340314865112305,
      "steps": 720.0,
      "control_effort": 0.8194064583215449,
      "episode_duration": 24.0,
      "time_to_goal": null
    },
    {
      "episode_return": -125.79138309676082,
      "success": 0.0,
      "collision": 0.0,
      "distance_to_goal": 2.6689088344573975,
      "route_line_lateral_error": 2.6562306880950928,
      "route_progress_ratio": 0.929749765782918,
      "min_obstacle_distance": 0.6231533288955688,
      "min_clearance": 0.27315332889556887,
      "path_length": 4.5239369119517505,
      "start_to_goal_distance": 3.6986794471740723,
      "steps": 720.0,
      "control_effort": 0.7833553687565856,
      "episode_duration": 24.0,
      "time_to_goal": null
    },
    {
      "episode_return": -90.88272238551028,
      "success": 0.0,
      "collision": 0.0,
      "distance_to_goal": 2.318211317062378,
      "route_line_lateral_error": 1.975163221359253,
      "route_progress_ratio": 0.6898861645967936,
      "min_obstacle_distance": 0.817633330821991,
      "min_clearance": 0.467633330821991,
      "path_length": 3.441454568090485,
      "start_to_goal_distance": 3.913414478302002,
      "steps": 720.0,
      "control_effort": 0.7967497250272169,
      "episode_duration": 24.0,
      "time_to_goal": null
    },
    {
      "episode_return": -90.22679160486781,
      "success": 0.0,
      "collision": 0.0,
      "distance_to_goal": 2.3859920501708984,
      "route_line_lateral_error": 1.4395042657852173,
      "route_progress_ratio": 0.5092971699902604,
      "min_obstacle_distance": 0.6425628662109375,
      "min_clearance": 0.2925628662109375,
      "path_length": 2.4931485160186355,
      "start_to_goal_distance": 3.8777763843536377,
      "steps": 720.0,
      "control_effort": 0.8237497441470623,
      "episode_duration": 24.0,
      "time_to_goal": null
    },
    {
      "episode_return": -147.64915210513976,
      "success": 0.0,
      "collision": 0.0,
      "distance_to_goal": 3.1219711303710938,
      "route_line_lateral_error": 3.096508741378784,
      "route_progress_ratio": 0.8940059141542012,
      "min_obstacle_distance": 0.7912172079086304,
      "min_clearance": 0.4412172079086304,
      "path_length": 4.743750080757309,
      "start_to_goal_distance": 3.7541279792785645,
      "steps": 720.0,
      "control_effort": 0.822294994112518,
      "episode_duration": 24.0,
      "time_to_goal": null
    },
    {
      "episode_return": -116.67787229512993,
      "success": 0.0,
      "collision": 0.0,
      "distance_to_goal": 3.1308493614196777,
      "route_line_lateral_error": 2.795574903488159,
      "route_progress_ratio": 0.6744830642852424,
      "min_obstacle_distance": 0.9922143816947937,
      "min_clearance": 0.6422143816947937,