{
  "summary": {
    "train_episode": 1420,
    "stage_index": 8,
    "stage_name": "target_bypass_commit_v2",
    "stage_episode": 440,
    "stage_eval_index": 32,
    "stage_target_hit": 0.0,
    "stage_success_streak": 0,
    "stage_best_success_rate": 0.4166666567325592,
    "stage_best_collision_rate": 0.1666666716337204,
    "stage_best_avg_return": 10.393216133117676,
    "stage_bad_eval_streak": 22,
    "stage_regression_active": 1.0,
    "stage_regression_bad_eval": 1.0,
    "stage_regression_absolute_drop": 0.4166666567325592,
    "stage_regression_relative_drop": 1.0,
    "stage_regression_detected": 1.0,
    "stage_rollback_applied": 0.0,
    "stage_plateau_recovery_applied": 0.0,
    "num_episodes": 12,
    "success_rate": 0.0,
    "collision_rate": 0.0,
    "avg_episode_return": -102.67403411865234,
    "avg_path_length": 3.413447141647339,
    "avg_episode_duration": 24.0,
    "avg_time_to_goal": 0.0,
    "avg_distance_to_goal": 2.324037790298462,
    "avg_route_line_lateral_error": 1.8668766021728516,
    "avg_min_obstacle_distance": 0.7019447684288025,
    "avg_min_clearance": 0.35194480419158936,
    "avg_control_effort": 0.7680811285972595,
    "avg_path_efficiency": 0.0,
    "avg_steps": 720.0,
    "best_distance_to_goal": 1.8401938676834106,
    "best_route_line_lateral_error": 1.101793646812439,
    "best_episode_return": -82.662353515625,
    "deterministic": 1.0,
    "seed_offset": 100000
  },
  "episodes": [
    {
      "episode_return": -102.90308527528842,
      "success": 0.0,
      "collision": 0.0,
      "distance_to_goal": 2.414592742919922,
      "route_line_lateral_error": 1.2102932929992676,
      "route_progress_ratio": 0.45361030171961764,
      "min_obstacle_distance": 0.5247688293457031,
      "min_clearance": 0.17476882934570315,
      "path_length": 2.221109134971435,
      "start_to_goal_distance": 3.8239474296569824,
      "steps": 720.0,
      "control_effort": 0.7771950223379664,
      "episode_duration": 24.0,
      "time_to_goal": null
    },
    {
      "episode_return": -89.56505066706717,
      "success": 0.0,
      "collision": 0.0,
      "distance_to_goal": 1.89850914478302,
      "route_line_lateral_error": 1.7630621194839478,
      "route_progress_ratio": 0.7960444887984286,
      "min_obstacle_distance": 0.6433911323547363,
      "min_clearance": 0.29339113235473635,
      "path_length": 3.3371964193652843,
      "start_to_goal_distance": 3.4528915882110596,
      "steps": 720.0,
      "control_effort": 0.762155905779865,
      "episode_duration": 24.0,
      "time_to_goal": null
    },
    {
      "episode_return": -85.64493005698566,
      "success": 0.0,
      "collision": 0.0,
      "distance_to_goal": 2.1063241958618164,
      "route_line_lateral_error": 1.383726954460144,
      "route_progress_ratio": 0.562840765423962,
      "min_obstacle_distance": 0.8977393507957458,
      "min_clearance": 0.5477393507957459,
      "path_length": 2.5096502111573127,
      "start_to_goal_distance": 3.632657766342163,
      "steps": 720.0,
      "control_effort": 0.7774231813848018,
      "episode_duration": 24.0,
      "time_to_goal": null
    },
    {
      "episode_return": -94.37059143636287,
      "success": 0.0,
      "collision": 0.0,
      "distance_to_goal": 1.9059869050979614,
      "route_line_lateral_error": 1.9059869050979614,
      "route_progress_ratio": 1.0,
      "min_obstacle_distance": 0.6517413854598999,
      "min_clearance": 0.3017413854598999,
      "path_length": 4.180747653736034,
      "start_to_goal_distance": 3.4196953773498535,
      "steps": 720.0,
      "control_effort": 0.6687869038018915,
      "episode_duration": 24.0,
      "time_to_goal": null
    },
    {
      "episode_return": -92.79594610586247,
      "success": 0.0,
      "collision": 0.0,
      "distance_to_goal": 2.3393068313598633,
      "route_line_lateral_error": 1.1755114793777466,
      "route_progress_ratio": 0.46497529666954096,
      "min_obstacle_distance": 0.8532928824424744,
      "min_clearance": 0.5032928824424744,
      "path_length": 2.159772506590784,
      "start_to_goal_distance": 3.780210494995117,
      "steps": 720.0,
      "control_effort": 0.7873259216547013,
      "episode_duration": 24.0,
      "time_to_goal": null
    },
    {
      "episode_return": -115.09478670274196,
      "success": 0.0,
      "collision": 0.0,
      "distance_to_goal": 2.5475902557373047,
      "route_line_lateral_error": 2.4424614906311035,
      "route_progress_ratio": 0.8102628240800596,
      "min_obstacle_distance": 0.9233243465423584,
      "min_clearance": 0.5733243465423584,
      "path_length": 4.063904022544989,
      "start_to_goal_distance": 3.8173413276672363,
      "steps": 720.0,
      "control_effort": 0.7956517942249774,
      "episode_duration": 24.0,
      "time_to_goal": null
    },
    {
      "episode_return": -110.11993473221071,
      "success": 0.0,
      "collision": 0.0,
      "distance_to_goal": 1.8401938676834106,
      "route_line_lateral_error": 1.793638825416565,
      "route_progress_ratio": 0.8802262414662344,
      "min_obstacle_distance": 0.4768250584602356,
      "min_clearance": 0.12682505846023562,
      "path_length": 3.6111711793439554,
      "start_to_goal_distance": 3.4340314865112305,
      "steps": 720.0,
      "control_effort": 0.729291519936588,
      "episode_duration": 24.0,
      "time_to_goal": null
    },
    {
      "episode_return": -127.0720870380915,
      "success": 0.0,
      "collision": 0.0,
      "distance_to_goal": 2.638451099395752,
      "route_line_lateral_error": 2.6264114379882812,
      "route_progress_ratio": 0.931930334228775,
      "min_obstacle_distance": 0.5723599195480347,
      "min_clearance": 0.2223599195480347,
      "path_length": 4.5149225842324086,
      "start_to_goal_distance": 3.6986794471740723,
      "steps": 720.0,
      "control_effort": 0.7758539973033799,
      "episode_duration": 24.0,
      "time_to_goal": null
    },
    {
      "episode_return": -82.66235372988675,
      "success": 0.0,
      "collision": 0.0,
      "distance_to_goal": 2.1615288257598877,
      "route_line_lateral_error": 1.5129365921020508,
      "route_progress_ratio": 0.605518138424094,
      "min_obstacle_distance": 0.7085061073303223,
      "min_clearance": 0.3585061073303223,
      "path_length": 2.944355917692093,
      "start_to_goal_distance": 3.913414478302002,
      "steps": 720.0,
      "control_effort": 0.7824715395768483,
      "episode_duration": 24.0,
      "time_to_goal": null
    },
    {
      "episode_return": -92.57079726654072,
      "success": 0.0,
      "collision": 0.0,
      "distance_to_goal": 2.395772695541382,
      "route_line_lateral_error": 1.101793646812439,
      "route_progress_ratio": 0.45138983974556235,
      "min_obstacle_distance": 0.5729808211326599,
      "min_clearance": 0.22298082113265993,
      "path_length": 2.102855376273144,
      "start_to_goal_distance": 3.8777763843536377,
      "steps": 720.0,
      "control_effort": 0.7897751956350274,
      "episode_duration": 24.0,
      "time_to_goal": null
    },
    {
      "episode_return": -146.46699117964204,
      "success": 0.0,
      "collision": 0.0,
      "distance_to_goal": 3.0602681636810303,
      "route_line_lateral_error": 3.0569710731506348,
      "route_progress_ratio": 0.9621696468819864,
      "min_obstacle_distance": 0.8360639810562134,
      "min_clearance": 0.4860639810562134,
      "path_length": 4.877665078380232,
      "start_to_goal_distance": 3.7541279792785645,
      "steps": 720.0,
      "control_effort": 0.7918932389881875,
      "episode_duration": 24.0,
      "time_to_goal": null
    },
    {
      "episode_return": -92.82176159496885,
      "success": 0.0,
      "collision": 0.0,
      "distance_to_goal": 2.579928398132324,
      "route_line_lateral_error": 2.429725170135498,
      "route_progress_ratio": 0.7996816570132358,
      "min_obstacle_distance": 0.7623438239097595,
      "min_clearance": 0.41234382390975954,