{
  "episode_return": -21.850110571894852,
  "success": 0.0,
  "collision": 0.0,
  "distance_to_goal": 1.0067816972732544,
  "route_line_lateral_error": 0.3092324733734131,
  "route_progress_ratio": 0.7490097800961708,
  "min_obstacle_distance": 0.7397482991218567,
  "min_clearance": 0.3897482991218567,
  "path_length": 3.943539054103894,
  "start_to_goal_distance": 3.8173413276672363,
  "steps": 720.0,
  "control_effort": 0.6509580252485143,
  "episode_duration": 24.0,
  "time_to_goal": null
}