{
  "summary": {
    "train_episode": 400,
    "stage_index": 6,
    "stage_name": "medium_crossing",
    "stage_episode": 20,
    "stage_eval_index": 1,
    "stage_target_hit": 0.0,
    "stage_success_streak": 0,
    "stage_best_success_rate": 1.0,
    "stage_best_collision_rate": 0.0,
    "stage_best_avg_return": 130.2810516357422,
    "stage_bad_eval_streak": 0,
    "stage_regression_active": 1.0,
    "stage_regression_bad_eval": 0.0,
    "stage_regression_absolute_drop": 0.0,
    "stage_regression_relative_drop": 0.0,
    "stage_regression_detected": 0.0,
    "stage_rollback_applied": 0.0,
    "stage_plateau_recovery_applied": 0.0,
    "num_episodes": 12,
    "success_rate": 1.0,
    "collision_rate": 0.0,
    "avg_episode_return": 130.2810516357422,
    "avg_path_length": 2.731281280517578,
    "avg_episode_duration": 11.105555534362793,
    "avg_time_to_goal": 11.105555534362793,
    "avg_distance_to_goal": 0.8371260166168213,
    "avg_route_line_lateral_error": 0.4784577190876007,
    "avg_min_obstacle_distance": 1.3466405868530273,
    "avg_min_clearance": 0.9966404438018799,
    "avg_control_effort": 0.7009822726249695,
    "avg_path_efficiency": 1.0,
    "avg_steps": 333.1666564941406,
    "best_distance_to_goal": 0.8324475288391113,
    "best_route_line_lateral_error": 0.2954545319080353,
    "best_episode_return": 135.54812622070312,
    "deterministic": 1.0,
    "seed_offset": 100000
  },
  "episodes": [
    {
      "episode_return": 131.2100599989566,
      "success": 1.0,
      "collision": 0.0,
      "distance_to_goal": 0.8374619483947754,
      "route_line_lateral_error": 0.3805358111858368,
      "route_progress_ratio": 0.7800653111706366,
      "min_obstacle_distance": 1.113377571105957,
      "min_clearance": 0.763377571105957,
      "path_length": 2.7089212661376223,
      "start_to_goal_distance": 3.3919737339019775,
      "steps": 332.0,
      "control_effort": 0.6979262627750994,
      "episode_duration": 11.066666666666666,
      "time_to_goal": 11.066666666666666
    },
    {
      "episode_return": 127.42807674278436,
      "success": 1.0,
      "collision": 0.0,
      "distance_to_goal": 0.8393759727478027,
      "route_line_lateral_error": 0.47818389534950256,
      "route_progress_ratio": 0.7711604706276868,
      "min_obstacle_distance": 1.372239589691162,
      "min_clearance": 1.022239589691162,
      "path_length": 2.4056282811507117,
      "start_to_goal_distance": 3.0145561695098877,
      "steps": 289.0,
      "control_effort": 0.7015185725317694,
      "episode_duration": 9.633333333333333,
      "time_to_goal": 9.633333333333333
    },
    {
      "episode_return": 128.87166309167785,
      "success": 1.0,
      "collision": 0.0,
      "distance_to_goal": 0.8341764211654663,
      "route_line_lateral_error": 0.45582255721092224,
      "route_progress_ratio": 0.7799173504495809,
      "min_obstacle_distance": 1.812380075454712,
      "min_clearance": 1.4623800754547118,
      "path_length": 2.5509324427694082,
      "start_to_goal_distance": 3.1743738651275635,
      "steps": 320.0,
      "control_effort": 0.6971696324646472,
      "episode_duration": 10.666666666666666,
      "time_to_goal": 10.666666666666666
    },
    {
      "episode_return": 127.5759606677297,
      "success": 1.0,
      "collision": 0.0,
      "distance_to_goal": 0.8356528282165527,
      "route_line_lateral_error": 0.2954545319080353,
      "route_progress_ratio": 0.7387957885142965,
      "min_obstacle_distance": 1.720165491104126,
      "min_clearance": 1.3701654911041259,
      "path_length": 2.2542005472350866,
      "start_to_goal_distance": 2.992597818374634,
      "steps": 270.0,
      "control_effort": 0.70353234189528,
      "episode_duration": 9.0,
      "time_to_goal": 9.0
    },
    {
      "episode_return": 130.3988117817863,
      "success": 1.0,
      "collision": 0.0,
      "distance_to_goal": 0.8387964963912964,
      "route_line_lateral_error": 0.4177645146846771,
      "route_progress_ratio": 0.7796828998958849,
      "min_obstacle_distance": 1.4856117963790894,
      "min_clearance": 1.1356117963790893,
      "path_length": 2.632734993880149,
      "start_to_goal_distance": 3.3014233112335205,
      "steps": 316.0,
      "control_effort": 0.7014978988261162,
      "episode_duration": 10.533333333333333,
      "time_to_goal": 10.533333333333333
    },
    {
      "episode_return": 130.78334687005662,
      "success": 1.0,
      "collision": 0.0,
      "distance_to_goal": 0.8365440368652344,
      "route_line_lateral_error": 0.579586923122406,
      "route_progress_ratio": 0.8213676972092224,
      "min_obstacle_distance": 1.297929048538208,
      "min_clearance": 0.947929048538208,
      "path_length": 2.880978124041576,
      "start_to_goal_distance": 3.3769288063049316,
      "steps": 346.0,
      "control_effort": 0.7028264403343201,
      "episode_duration": 11.533333333333333,
      "time_to_goal": 11.533333333333333
    },
    {
      "episode_return": 127.37552177172944,
      "success": 1.0,
      "collision": 0.0,
      "distance_to_goal": 0.8390026688575745,
      "route_line_lateral_error": 0.45441925525665283,
      "route_progress_ratio": 0.7648370875815477,
      "min_obstacle_distance": 1.7615495920181274,
      "min_clearance": 1.4115495920181274,
      "path_length": 2.365869009605376,
      "start_to_goal_distance": 2.9991400241851807,
      "steps": 282.0,
      "control_effort": 0.7024533803581346,
      "episode_duration": 9.4,
      "time_to_goal": 9.4
    },
    {
      "episode_return": 130.28457660827843,
      "success": 1.0,
      "collision": 0.0,
      "distance_to_goal": 0.8324475288391113,
      "route_line_lateral_error": 0.3441489636898041,
      "route_progress_ratio": 0.7684375858565758,
      "min_obstacle_distance": 1.518872857093811,
      "min_clearance": 1.168872857093811,
      "path_length": 2.571905307995621,
      "start_to_goal_distance": 3.273318290710449,
      "steps": 310.0,
      "control_effort": 0.7030281643713674,
      "episode_duration": 10.333333333333334,
      "time_to_goal": 10.333333333333334
    },
    {
      "episode_return": 132.01485290470436,
      "success": 1.0,
      "collision": 0.0,
      "distance_to_goal": 0.839763343334198,
      "route_line_lateral_error": 0.5075488090515137,
      "route_progress_ratio": 0.8096405484812161,
      "min_obstacle_distance": 0.8360840082168579,
      "min_clearance": 0.48608400821685793,
      "path_length": 2.92856704298174,
      "start_to_goal_distance": 3.51454496383667,
      "steps": 365.0,
      "control_effort": 0.6988317375313746,
      "episode_duration": 12.166666666666666,
      "time_to_goal": 12.166666666666666
    },
    {
      "episode_return": 131.65225049451817,
      "success": 1.0,
      "collision": 0.0,
      "distance_to_goal": 0.8394249081611633,
      "route_line_lateral_error": 0.47739243507385254,
      "route_progress_ratio": 0.8012060176636385,
      "min_obstacle_distance": 0.816222071647644,
      "min_clearance": 0.46622207164764407,
      "path_length": 2.8679431550554,
      "start_to_goal_distance": 3.47322940826416,
      "steps": 358.0,
      "control_effort": 0.6992293982532437,
      "episode_duration": 11.933333333333334,
      "time_to_goal": 11.933333333333334
    },
    {
      "episode_return": 130.22950158361462,
      "success": 1.0,
      "collision": 0.0,
      "distance_to_goal": 0.8348435759544373,
      "route_line_lateral_error": 0.5825853943824768,
      "route_progress_ratio": 0.8204442185946895,
      "min_obstacle_distance": 1.8289390802383423,
      "min_clearance": 1.4789390802383422,
      "path_length": 2.829594024165999,
      "start_to_goal_distance": 3.330227851867676,
      "steps": 347.0,
      "control_effort": 0.7013677611131146,
      "episode_duration": 11.566666666666666,
      "time_to_goal": 11.566666666666666
    },
    {
      "episode_return": 135.54811943948238,
      "success": 1.0,
      "collision": 0.0,