{
  "summary": {
    "train_episode": 1160,
    "stage_index": 8,
    "stage_name": "target_bypass_commit_v2",
    "stage_episode": 180,
    "stage_eval_index": 19,
    "stage_target_hit": 0.0,
    "stage_success_streak": 0,
    "stage_best_success_rate": 0.4166666567325592,
    "stage_best_collision_rate": 0.1666666716337204,
    "stage_best_avg_return": 10.393216133117676,
    "stage_bad_eval_streak": 9,
    "stage_regression_active": 1.0,
    "stage_regression_bad_eval": 1.0,
    "stage_regression_absolute_drop": 0.4166666567325592,
    "stage_regression_relative_drop": 1.0,
    "stage_regression_detected": 1.0,
    "stage_rollback_applied": 0.0,
    "stage_plateau_recovery_applied": 0.0,
    "num_episodes": 12,
    "success_rate": 0.0,
    "collision_rate": 0.0833333358168602,
    "avg_episode_return": -162.82424926757812,
    "avg_path_length": 3.289006233215332,
    "avg_episode_duration": 23.024999618530273,
    "avg_time_to_goal": 0.0,
    "avg_distance_to_goal": 3.342728853225708,
    "avg_route_line_lateral_error": 1.9452190399169922,
    "avg_min_obstacle_distance": 0.6613443493843079,
    "avg_min_clearance": 0.31134435534477234,
    "avg_control_effort": 0.5747814774513245,
    "avg_path_efficiency": 0.0,
    "avg_steps": 690.75,
    "best_distance_to_goal": 2.502851724624634,
    "best_route_line_lateral_error": 1.497079610824585,
    "best_episode_return": -103.78472137451172,
    "deterministic": 1.0,
    "seed_offset": 100000
  },
  "episodes": [
    {
      "episode_return": -146.9261648419361,
      "success": 0.0,
      "collision": 0.0,
      "distance_to_goal": 3.3865091800689697,
      "route_line_lateral_error": 1.8023444414138794,
      "route_progress_ratio": 0.2502370813573436,
      "min_obstacle_distance": 0.7661219835281372,
      "min_clearance": 0.41612198352813723,
      "path_length": 3.137745465122862,
      "start_to_goal_distance": 3.8239474296569824,
      "steps": 720.0,
      "control_effort": 0.5865025641603603,
      "episode_duration": 24.0,
      "time_to_goal": null
    },
    {
      "episode_return": -135.3676832462004,
      "success": 0.0,
      "collision": 0.0,
      "distance_to_goal": 2.8396449089050293,
      "route_line_lateral_error": 1.933397650718689,
      "route_progress_ratio": 0.39766512316919267,
      "min_obstacle_distance": 0.7117535471916199,
      "min_clearance": 0.3617535471916199,
      "path_length": 3.1695956818875857,
      "start_to_goal_distance": 3.4528915882110596,
      "steps": 720.0,
      "control_effort": 0.6248594519164827,
      "episode_duration": 24.0,
      "time_to_goal": null
    },
    {
      "episode_return": -154.2886090977965,
      "success": 0.0,
      "collision": 0.0,
      "distance_to_goal": 3.306309223175049,
      "route_line_lateral_error": 2.03495454788208,
      "route_progress_ratio": 0.28265042476043173,
      "min_obstacle_distance": 0.5592471957206726,
      "min_clearance": 0.20924719572067263,
      "path_length": 3.180536808227771,
      "start_to_goal_distance": 3.632657766342163,
      "steps": 720.0,
      "control_effort": 0.6186902454743782,
      "episode_duration": 24.0,
      "time_to_goal": null
    },
    {
      "episode_return": -134.79248336909617,
      "success": 0.0,
      "collision": 0.0,
      "distance_to_goal": 2.7218964099884033,
      "route_line_lateral_error": 1.9123960733413696,
      "route_progress_ratio": 0.43361364885288833,
      "min_obstacle_distance": 0.8611992597579956,
      "min_clearance": 0.5111992597579956,
      "path_length": 3.4261605283245444,
      "start_to_goal_distance": 3.4196953773498535,
      "steps": 720.0,
      "control_effort": 0.5863843022535244,
      "episode_duration": 24.0,
      "time_to_goal": null
    },
    {
      "episode_return": -215.07389271743344,
      "success": 0.0,
      "collision": 0.0,
      "distance_to_goal": 3.125317335128784,
      "route_line_lateral_error": 1.5906689167022705,
      "route_progress_ratio": 0.28833639265782307,
      "min_obstacle_distance": 0.3991754353046417,
      "min_clearance": 0.049175435304641746,
      "path_length": 3.3124098635744303,
      "start_to_goal_distance": 3.780210494995117,
      "steps": 720.0,
      "control_effort": 0.6478725485089752,
      "episode_duration": 24.0,
      "time_to_goal": null
    },
    {
      "episode_return": -253.9210226401038,
      "success": 0.0,
      "collision": 0.0,
      "distance_to_goal": 3.9529638290405273,
      "route_line_lateral_error": 2.2172462940216064,
      "route_progress_ratio": 0.14270847581270232,
      "min_obstacle_distance": 0.40988847613334656,
      "min_clearance": 0.05988847613334658,
      "path_length": 3.626407901349012,
      "start_to_goal_distance": 3.8173413276672363,
      "steps": 720.0,
      "control_effort": 0.5367718322409524,
      "episode_duration": 24.0,
      "time_to_goal": null
    },
    {
      "episode_return": -152.48163512193594,
      "success": 0.0,
      "collision": 1.0,
      "distance_to_goal": 2.900033712387085,
      "route_line_lateral_error": 1.497079610824585,
      "route_progress_ratio": 0.27672855009229785,
      "min_obstacle_distance": 0.34872668981552124,
      "min_clearance": -0.0012733101844787376,
      "path_length": 2.2387341299909167,
      "start_to_goal_distance": 3.4340314865112305,
      "steps": 369.0,
      "control_effort": 0.5277446146579939,
      "episode_duration": 12.3,
      "time_to_goal": null
    },
    {
      "episode_return": -118.3118498171843,
      "success": 0.0,
      "collision": 0.0,
      "distance_to_goal": 2.661529064178467,
      "route_line_lateral_error": 1.8420642614364624,
      "route_progress_ratio": 0.4806047499881715,
      "min_obstacle_distance": 0.7966172695159912,
      "min_clearance": 0.44661726951599123,
      "path_length": 3.2840827134787105,
      "start_to_goal_distance": 3.6986794471740723,
      "steps": 720.0,
      "control_effort": 0.5712760937296681,
      "episode_duration": 24.0,
      "time_to_goal": null
    },
    {
      "episode_return": -208.223732040906,
      "success": 0.0,
      "collision": 0.0,
      "distance_to_goal": 4.68503475189209,
      "route_line_lateral_error": 2.345590114593506,
      "route_progress_ratio": 0.0,
      "min_obstacle_distance": 0.7099924087524414,
      "min_clearance": 0.35999240875244143,
      "path_length": 3.3834286822238937,
      "start_to_goal_distance": 3.913414478302002,
      "steps": 720.0,
      "control_effort": 0.5758015628904104,
      "episode_duration": 24.0,
      "time_to_goal": null
    },
    {
      "episode_return": -202.26069586577165,
      "success": 0.0,
      "collision": 0.0,
      "distance_to_goal": 4.502861022949219,
      "route_line_lateral_error": 2.265934944152832,
      "route_progress_ratio": 0.0,
      "min_obstacle_distance": 0.8217228055000305,
      "min_clearance": 0.47172280550003054,
      "path_length": 3.2662998304585926,
      "start_to_goal_distance": 3.8777763843536377,
      "steps": 720.0,
      "control_effort": 0.5128520975510279,
      "episode_duration": 24.0,
      "time_to_goal": null
    },
    {
      "episode_return": -103.78472343940747,
      "success": 0.0,
      "collision": 0.0,
      "distance_to_goal": 2.502851724624634,
      "route_line_lateral_error": 1.999655842781067,
      "route_progress_ratio": 0.5990532552044798,
      "min_obstacle_distance": 0.7959476113319397,
      "min_clearance": 0.4459476113319397,
      "path_length": 3.6941531344491523,
      "start_to_goal_distance": 3.7541279792785645,
      "steps": 720.0,
      "control_effort": 0.5919198800706201,
      "episode_duration": 24.0,
      "time_to_goal": null
    },
    {
      "episode_return": -128.45852121671007,
      "success": 0.0,
      "collision": 0.0,
      "distance_to_goal": 3.527792453765869,
      "route_line_lateral_error": 1.9012939929962158,
      "route_progress_ratio": 0.3137737573501883,
      "min_obstacle_distance": 0.7557393312454224,