{
  "summary": {
    "train_episode": 360,
    "stage_index": 5,
    "stage_name": "medium_crossing_intro",
    "stage_episode": 20,
    "stage_eval_index": 1,
    "stage_target_hit": 0.0,
    "stage_success_streak": 0,
    "stage_best_success_rate": 1.0,
    "stage_best_collision_rate": 0.0,
    "stage_best_avg_return": 141.1602020263672,
    "stage_bad_eval_streak": 0,
    "stage_regression_active": 1.0,
    "stage_regression_bad_eval": 0.0,
    "stage_regression_absolute_drop": 0.0,
    "stage_regression_relative_drop": 0.0,
    "stage_regression_detected": 0.0,
    "stage_rollback_applied": 0.0,
    "stage_plateau_recovery_applied": 0.0,
    "num_episodes": 12,
    "success_rate": 1.0,
    "collision_rate": 0.0,
    "avg_episode_return": 141.1602020263672,
    "avg_path_length": 2.223280191421509,
    "avg_episode_duration": 8.897221565246582,
    "avg_time_to_goal": 8.897221565246582,
    "avg_distance_to_goal": 0.915975034236908,
    "avg_route_line_lateral_error": 0.3118687570095062,
    "avg_min_obstacle_distance": 1.8038749694824219,
    "avg_min_clearance": 1.453874945640564,
    "avg_control_effort": 0.7082977294921875,
    "avg_path_efficiency": 1.0,
    "avg_steps": 266.9166564941406,
    "best_distance_to_goal": 0.9108059406280518,
    "best_route_line_lateral_error": 0.21844644844532013,
    "best_episode_return": 147.56430053710938,
    "deterministic": 1.0,
    "seed_offset": 100000
  },
  "episodes": [
    {
      "episode_return": 142.3745432572093,
      "success": 1.0,
      "collision": 0.0,
      "distance_to_goal": 0.9157713055610657,
      "route_line_lateral_error": 0.29285407066345215,
      "route_progress_ratio": 0.7218086373341511,
      "min_obstacle_distance": 1.8290057182312012,
      "min_clearance": 1.479005718231201,
      "path_length": 2.292046771806781,
      "start_to_goal_distance": 3.119013786315918,
      "steps": 268.0,
      "control_effort": 0.7075017517182365,
      "episode_duration": 8.933333333333334,
      "time_to_goal": 8.933333333333334
    },
    {
      "episode_return": 137.87004727920566,
      "success": 1.0,
      "collision": 0.0,
      "distance_to_goal": 0.9163564443588257,
      "route_line_lateral_error": 0.26819702982902527,
      "route_progress_ratio": 0.6795844754037718,
      "min_obstacle_distance": 1.0516470670700073,
      "min_clearance": 0.7016470670700073,
      "path_length": 1.8987901993386913,
      "start_to_goal_distance": 2.734668493270874,
      "steps": 219.0,
      "control_effort": 0.7079338093870851,
      "episode_duration": 7.3,
      "time_to_goal": 7.3
    },
    {
      "episode_return": 140.0175260033396,
      "success": 1.0,
      "collision": 0.0,
      "distance_to_goal": 0.9137889742851257,
      "route_line_lateral_error": 0.270684152841568,
      "route_progress_ratio": 0.7007399153728434,
      "min_obstacle_distance": 1.967936635017395,
      "min_clearance": 1.617936635017395,
      "path_length": 2.085162429284537,
      "start_to_goal_distance": 2.9164505004882812,
      "steps": 245.0,
      "control_effort": 0.7081282705676799,
      "episode_duration": 8.166666666666666,
      "time_to_goal": 8.166666666666666
    },
    {
      "episode_return": 137.2783116859815,
      "success": 1.0,
      "collision": 0.0,
      "distance_to_goal": 0.9198364019393921,
      "route_line_lateral_error": 0.3226305842399597,
      "route_progress_ratio": 0.6825795126144301,
      "min_obstacle_distance": 1.8824162483215332,
      "min_clearance": 1.5324162483215331,
      "path_length": 1.9006872462050524,
      "start_to_goal_distance": 2.713747501373291,
      "steps": 232.0,
      "control_effort": 0.7089513291058869,
      "episode_duration": 7.733333333333333,
      "time_to_goal": 7.733333333333333
    },
    {
      "episode_return": 141.6575641236529,
      "success": 1.0,
      "collision": 0.0,
      "distance_to_goal": 0.9148856401443481,
      "route_line_lateral_error": 0.21844644844532013,
      "route_progress_ratio": 0.709723211431966,
      "min_obstacle_distance": 1.8068279027938843,
      "min_clearance": 1.4568279027938842,
      "path_length": 2.2029687110189116,
      "start_to_goal_distance": 3.0606095790863037,
      "steps": 264.0,
      "control_effort": 0.7085079616217902,
      "episode_duration": 8.8,
      "time_to_goal": 8.8
    },
    {
      "episode_return": 142.06468043134635,
      "success": 1.0,
      "collision": 0.0,
      "distance_to_goal": 0.9197043180465698,
      "route_line_lateral_error": 0.35738396644592285,
      "route_progress_ratio": 0.727234600998353,
      "min_obstacle_distance": 3.196770668029785,
      "min_clearance": 2.846770668029785,
      "path_length": 2.312079976691166,
      "start_to_goal_distance": 3.106799364089966,
      "steps": 272.0,
      "control_effort": 0.7084686666288796,
      "episode_duration": 9.066666666666666,
      "time_to_goal": 9.066666666666666
    },
    {
      "episode_return": 137.18417243401973,
      "success": 1.0,
      "collision": 0.0,
      "distance_to_goal": 0.9159678816795349,
      "route_line_lateral_error": 0.4218217730522156,
      "route_progress_ratio": 0.7014610082358386,
      "min_obstacle_distance": 2.071333408355713,
      "min_clearance": 1.7213334083557128,
      "path_length": 1.990246194327483,
      "start_to_goal_distance": 2.7234559059143066,
      "steps": 249.0,
      "control_effort": 0.7090070889178051,
      "episode_duration": 8.3,
      "time_to_goal": 8.3
    },
    {
      "episode_return": 140.66627326460244,
      "success": 1.0,
      "collision": 0.0,
      "distance_to_goal": 0.9165018796920776,
      "route_line_lateral_error": 0.32526668906211853,
      "route_progress_ratio": 0.7138997622659747,
      "min_obstacle_distance": 1.6051493883132935,
      "min_clearance": 1.2551493883132934,
      "path_length": 2.182281829926069,
      "start_to_goal_distance": 2.994899034500122,
      "steps": 267.0,
      "control_effort": 0.7077271536494909,
      "episode_duration": 8.9,
      "time_to_goal": 8.9
    },
    {
      "episode_return": 143.11938824216412,
      "success": 1.0,
      "collision": 0.0,
      "distance_to_goal": 0.9183251261711121,
      "route_line_lateral_error": 0.34667661786079407,
      "route_progress_ratio": 0.7350222870902924,
      "min_obstacle_distance": 1.065625548362732,
      "min_clearance": 0.715625548362732,
      "path_length": 2.4160828566236887,
      "start_to_goal_distance": 3.2092292308807373,
      "steps": 293.0,
      "control_effort": 0.7080823075242417,
      "episode_duration": 9.766666666666667,
      "time_to_goal": 9.766666666666667
    },
    {
      "episode_return": 142.57587268470473,
      "success": 1.0,
      "collision": 0.0,
      "distance_to_goal": 0.9108059406280518,
      "route_line_lateral_error": 0.2663487195968628,
      "route_progress_ratio": 0.7242593171685617,
      "min_obstacle_distance": 1.4811313152313232,
      "min_clearance": 1.1311313152313232,
      "path_length": 2.338800710000214,
      "start_to_goal_distance": 3.1587331295013428,
      "steps": 292.0,
      "control_effort": 0.707749042404841,
      "episode_duration": 9.733333333333333,
      "time_to_goal": 9.733333333333333
    },
    {
      "episode_return": 141.54973567390545,
      "success": 1.0,
      "collision": 0.0,
      "distance_to_goal": 0.9142470955848694,
      "route_line_lateral_error": 0.22459444403648376,
      "route_progress_ratio": 0.7079966082527175,
      "min_obstacle_distance": 1.893398404121399,
      "min_clearance": 1.5433984041213988,
      "path_length": 2.184210188774159,
      "start_to_goal_distance": 3.0350022315979004,
      "steps": 251.0,
      "control_effort": 0.7091478180600352,
      "episode_duration": 8.366666666666667,
      "time_to_goal": 8.366666666666667
    },
    {
      "episode_return": 147.56429343939635,
      "success": 1.0,
      "collision": 0.0,
      "distance_to_goal": 0.9155094027519226,