{
  "summary": {
    "train_episode": 800,
    "stage_index": 8,
    "stage_name": "target_bypass_commit_v2",
    "stage_episode": 20,
    "stage_eval_index": 1,
    "stage_target_hit": 0.0,
    "stage_success_streak": 0,
    "stage_best_success_rate": 0.4166666567325592,
    "stage_best_collision_rate": 0.1666666716337204,
    "stage_best_avg_return": 10.393216133117676,
    "stage_bad_eval_streak": 0,
    "stage_regression_active": 1.0,
    "stage_regression_bad_eval": 0.0,
    "stage_regression_absolute_drop": 0.0,
    "stage_regression_relative_drop": 0.0,
    "stage_regression_detected": 0.0,
    "stage_rollback_applied": 0.0,
    "stage_plateau_recovery_applied": 0.0,
    "num_episodes": 12,
    "success_rate": 0.4166666567325592,
    "collision_rate": 0.1666666716337204,
    "avg_episode_return": 10.393216133117676,
    "avg_path_length": 3.855778694152832,
    "avg_episode_duration": 20.322221755981445,
    "avg_time_to_goal": 19.479999542236328,
    "avg_distance_to_goal": 1.1328684091567993,
    "avg_route_line_lateral_error": 0.7432024478912354,
    "avg_min_obstacle_distance": 0.6142884492874146,
    "avg_min_clearance": 0.26428845524787903,
    "avg_control_effort": 0.6613998413085938,
    "avg_path_efficiency": 0.4068796932697296,
    "avg_steps": 609.6666870117188,
    "best_distance_to_goal": 0.737484335899353,
    "best_route_line_lateral_error": 0.2800185978412628,
    "best_episode_return": 144.55679321289062,
    "deterministic": 1.0,
    "seed_offset": 100000
  },
  "episodes": [
    {
      "episode_return": 144.13649009905242,
      "success": 1.0,
      "collision": 0.0,
      "distance_to_goal": 0.7390539050102234,
      "route_line_lateral_error": 0.3637858033180237,
      "route_progress_ratio": 0.8317655101086753,
      "min_obstacle_distance": 1.1364573240280151,
      "min_clearance": 0.7864573240280152,
      "path_length": 4.00510556914378,
      "start_to_goal_distance": 3.8239474296569824,
      "steps": 595.0,
      "control_effort": 0.6616528559131782,
      "episode_duration": 19.833333333333332,
      "time_to_goal": 19.833333333333332
    },
    {
      "episode_return": -86.05519906465773,
      "success": 0.0,
      "collision": 1.0,
      "distance_to_goal": 1.16159987449646,
      "route_line_lateral_error": 0.9413455128669739,
      "route_progress_ratio": 0.8028969768085943,
      "min_obstacle_distance": 0.34964337944984436,
      "min_clearance": -0.00035662055015561744,
      "path_length": 3.2140070774476044,
      "start_to_goal_distance": 3.4528915882110596,
      "steps": 490.0,
      "control_effort": 0.6479087160558117,
      "episode_duration": 16.333333333333332,
      "time_to_goal": null
    },
    {
      "episode_return": 129.82852989306207,
      "success": 1.0,
      "collision": 0.0,
      "distance_to_goal": 0.7381893992424011,
      "route_line_lateral_error": 0.2800185978412628,
      "route_progress_ratio": 0.8119785743037217,
      "min_obstacle_distance": 0.5332744121551514,
      "min_clearance": 0.1832744121551514,
      "path_length": 3.610845010203775,
      "start_to_goal_distance": 3.632657766342163,
      "steps": 535.0,
      "control_effort": 0.660154468990932,
      "episode_duration": 17.833333333333332,
      "time_to_goal": 17.833333333333332
    },
    {
      "episode_return": -76.94527183120968,
      "success": 0.0,
      "collision": 0.0,
      "distance_to_goal": 1.5231432914733887,
      "route_line_lateral_error": 1.4267477989196777,
      "route_progress_ratio": 0.8440650307650112,
      "min_obstacle_distance": 0.5244595408439636,
      "min_clearance": 0.17445954084396365,
      "path_length": 4.311568962657475,
      "start_to_goal_distance": 3.4196953773498535,
      "steps": 720.0,
      "control_effort": 0.6821423750784662,
      "episode_duration": 24.0,
      "time_to_goal": null
    },
    {
      "episode_return": -2.1848220721554874,
      "success": 0.0,
      "collision": 0.0,
      "distance_to_goal": 0.7673870921134949,
      "route_line_lateral_error": 0.4510037302970886,
      "route_progress_ratio": 0.8357579825411634,
      "min_obstacle_distance": 0.6886908411979675,
      "min_clearance": 0.33869084119796755,
      "path_length": 4.422400909359567,
      "start_to_goal_distance": 3.780210494995117,
      "steps": 720.0,
      "control_effort": 0.6693862275116973,
      "episode_duration": 24.0,
      "time_to_goal": null
    },
    {
      "episode_return": -224.6769217609419,
      "success": 0.0,
      "collision": 0.0,
      "distance_to_goal": 1.4665263891220093,
      "route_line_lateral_error": 1.1348298788070679,
      "route_progress_ratio": 0.7566622884513172,
      "min_obstacle_distance": 0.36315757036209106,
      "min_clearance": 0.013157570362091087,
      "path_length": 4.271446679696965,
      "start_to_goal_distance": 3.8173413276672363,
      "steps": 720.0,
      "control_effort": 0.665703783598211,
      "episode_duration": 24.0,
      "time_to_goal": null
    },
    {
      "episode_return": -60.617659430716365,
      "success": 0.0,
      "collision": 1.0,
      "distance_to_goal": 1.7908130884170532,
      "route_line_lateral_error": 0.7429640293121338,
      "route_progress_ratio": 0.5255074992161558,
      "min_obstacle_distance": 0.34528660774230957,
      "min_clearance": -0.0047133922576904075,
      "path_length": 2.0549928020191146,
      "start_to_goal_distance": 3.4340314865112305,
      "steps": 304.0,
      "control_effort": 0.6574705686224135,
      "episode_duration": 10.133333333333333,
      "time_to_goal": null
    },
    {
      "episode_return": 137.2191772843822,
      "success": 1.0,
      "collision": 0.0,
      "distance_to_goal": 0.7388973832130432,
      "route_line_lateral_error": 0.38132068514823914,
      "route_progress_ratio": 0.8288846161630994,
      "min_obstacle_distance": 0.8084569573402405,
      "min_clearance": 0.4584569573402405,
      "path_length": 3.7422409975188202,
      "start_to_goal_distance": 3.6986794471740723,
      "steps": 585.0,
      "control_effort": 0.6576463123672028,
      "episode_duration": 19.5,
      "time_to_goal": 19.5
    },
    {
      "episode_return": -20.712846424082183,
      "success": 0.0,
      "collision": 0.0,
      "distance_to_goal": 1.061343789100647,
      "route_line_lateral_error": 0.6619330048561096,
      "route_progress_ratio": 0.7880021079502012,
      "min_obstacle_distance": 0.553625226020813,
      "min_clearance": 0.203625226020813,
      "path_length": 4.252649164685863,
      "start_to_goal_distance": 3.913414478302002,
      "steps": 720.0,
      "control_effort": 0.6598895495964421,
      "episode_duration": 24.0,
      "time_to_goal": null
    },
    {
      "episode_return": 144.55679583106865,
      "success": 1.0,
      "collision": 0.0,
      "distance_to_goal": 0.737484335899353,
      "route_line_lateral_error": 0.34678009152412415,
      "route_progress_ratio": 0.832154831239652,
      "min_obstacle_distance": 0.9929752945899963,
      "min_clearance": 0.6429752945899964,
      "path_length": 3.92097037791973,
      "start_to_goal_distance": 3.8777763843536377,
      "steps": 607.0,
      "control_effort": 0.6521671458563263,
      "episode_duration": 20.233333333333334,
      "time_to_goal": 20.233333333333334
    },
    {
      "episode_return": 140.8783044647746,
      "success": 1.0,
      "collision": 0.0,
      "distance_to_goal": 0.7396708726882935,
      "route_line_lateral_error": 0.5195086002349854,
      "route_progress_ratio": 0.8597489869461069,
      "min_obstacle_distance": 0.5873980522155762,
      "min_clearance": 0.2373980522155762,
      "path_length": 3.949863983609248,
      "start_to_goal_distance": 3.7541279792785645,
      "steps": 600.0,
      "control_effort": 0.6559016100565592,
      "episode_duration": 20.0,
      "time_to_goal": 20.0
    },
    {
      "episode_return": -100.7079836389497,
      "success": 0.0,
      "collision": 0.0,
      "distance_to_goal": 2.1303107738494873,