{
  "summary": {
    "train_episode": 960,
    "stage_index": 8,
    "stage_name": "target_bypass_commit_v2",
    "stage_episode": 20,
    "stage_eval_index": 9,
    "stage_target_hit": 0.0,
    "stage_success_streak": 0,
    "stage_best_success_rate": 0.4166666567325592,
    "stage_best_collision_rate": 0.1666666716337204,
    "stage_best_avg_return": 10.393216133117676,
    "stage_bad_eval_streak": 1,
    "stage_regression_active": 1.0,
    "stage_regression_bad_eval": 1.0,
    "stage_regression_absolute_drop": 0.4166666567325592,
    "stage_regression_relative_drop": 1.0,
    "stage_regression_detected": 1.0,
    "stage_rollback_applied": 0.0,
    "stage_plateau_recovery_applied": 0.0,
    "num_episodes": 12,
    "success_rate": 0.0,
    "collision_rate": 0.0833333358168602,
    "avg_episode_return": -80.88440704345703,
    "avg_path_length": 3.84124493598938,
    "avg_episode_duration": 22.688888549804688,
    "avg_time_to_goal": 0.0,
    "avg_distance_to_goal": 1.6743720769882202,
    "avg_route_line_lateral_error": 1.4876543283462524,
    "avg_min_obstacle_distance": 0.617985188961029,
    "avg_min_clearance": 0.26798519492149353,
    "avg_control_effort": 0.6128199696540833,
    "avg_path_efficiency": 0.0,
    "avg_steps": 680.6666870117188,
    "best_distance_to_goal": 1.1762151718139648,
    "best_route_line_lateral_error": 0.645469605922699,
    "best_episode_return": -28.955596923828125,
    "deterministic": 1.0,
    "seed_offset": 100000
  },
  "episodes": [
    {
      "episode_return": -28.95559717602778,
      "success": 0.0,
      "collision": 0.0,
      "distance_to_goal": 1.2038376331329346,
      "route_line_lateral_error": 1.1116341352462769,
      "route_progress_ratio": 0.879168127187586,
      "min_obstacle_distance": 0.9735850095748901,
      "min_clearance": 0.6235850095748902,
      "path_length": 3.8240404648531694,
      "start_to_goal_distance": 3.8239474296569824,
      "steps": 720.0,
      "control_effort": 0.6165375317964289,
      "episode_duration": 24.0,
      "time_to_goal": null
    },
    {
      "episode_return": -125.5819574775933,
      "success": 0.0,
      "collision": 0.0,
      "distance_to_goal": 1.9798293113708496,
      "route_line_lateral_error": 1.979207158088684,
      "route_progress_ratio": 0.985626422883323,
      "min_obstacle_distance": 0.4697052836418152,
      "min_clearance": 0.11970528364181521,
      "path_length": 4.169104400818469,
      "start_to_goal_distance": 3.4528915882110596,
      "steps": 720.0,
      "control_effort": 0.6272617692748705,
      "episode_duration": 24.0,
      "time_to_goal": null
    },
    {
      "episode_return": -65.23372575678134,
      "success": 0.0,
      "collision": 1.0,
      "distance_to_goal": 2.394613742828369,
      "route_line_lateral_error": 0.645469605922699,
      "route_progress_ratio": 0.36520858406123047,
      "min_obstacle_distance": 0.3499949872493744,
      "min_clearance": -5.012750625588147e-06,
      "path_length": 1.5110083925465005,
      "start_to_goal_distance": 3.632657766342163,
      "steps": 248.0,
      "control_effort": 0.6037164104561652,
      "episode_duration": 8.266666666666667,
      "time_to_goal": null
    },
    {
      "episode_return": -39.88795439828307,
      "success": 0.0,
      "collision": 0.0,
      "distance_to_goal": 1.1762151718139648,
      "route_line_lateral_error": 1.175514578819275,
      "route_progress_ratio": 0.9881300894177202,
      "min_obstacle_distance": 0.8107001185417175,
      "min_clearance": 0.46070011854171755,
      "path_length": 3.8315220752265304,
      "start_to_goal_distance": 3.4196953773498535,
      "steps": 720.0,
      "control_effort": 0.6009345230956872,
      "episode_duration": 24.0,
      "time_to_goal": null
    },
    {
      "episode_return": -49.56671209892161,
      "success": 0.0,
      "collision": 0.0,
      "distance_to_goal": 1.6066256761550903,
      "route_line_lateral_error": 1.551019549369812,
      "route_progress_ratio": 0.8891521928999117,
      "min_obstacle_distance": 0.6629570722579956,
      "min_clearance": 0.3129570722579956,
      "path_length": 3.9715527950320393,
      "start_to_goal_distance": 3.780210494995117,
      "steps": 720.0,
      "control_effort": 0.6165052629179425,
      "episode_duration": 24.0,
      "time_to_goal": null
    },
    {
      "episode_return": -36.10286313013638,
      "success": 0.0,
      "collision": 0.0,
      "distance_to_goal": 1.4086146354675293,
      "route_line_lateral_error": 1.336395502090454,
      "route_progress_ratio": 0.8833627192152439,
      "min_obstacle_distance": 0.6027610301971436,
      "min_clearance": 0.2527610301971436,
      "path_length": 3.8991707487148233,
      "start_to_goal_distance": 3.8173413276672363,
      "steps": 720.0,
      "control_effort": 0.6007631464136971,
      "episode_duration": 24.0,
      "time_to_goal": null
    },
    {
      "episode_return": -125.03035271748598,
      "success": 0.0,
      "collision": 0.0,
      "distance_to_goal": 1.9428699016571045,
      "route_line_lateral_error": 1.9428699016571045,
      "route_progress_ratio": 1.0,
      "min_obstacle_distance": 0.4628513753414154,
      "min_clearance": 0.11285137534141543,
      "path_length": 4.216409211687278,
      "start_to_goal_distance": 3.4340314865112305,
      "steps": 720.0,
      "control_effort": 0.6200597228275405,
      "episode_duration": 24.0,
      "time_to_goal": null
    },
    {
      "episode_return": -48.64616773956713,
      "success": 0.0,
      "collision": 0.0,
      "distance_to_goal": 1.5140305757522583,
      "route_line_lateral_error": 1.499019980430603,
      "route_progress_ratio": 0.9425017852324438,
      "min_obstacle_distance": 0.9496030807495117,
      "min_clearance": 0.5996030807495117,
      "path_length": 4.017929086403456,
      "start_to_goal_distance": 3.6986794471740723,
      "steps": 720.0,
      "control_effort": 0.5993201307952404,
      "episode_duration": 24.0,
      "time_to_goal": null
    },
    {
      "episode_return": -100.93563812439784,
      "success": 0.0,
      "collision": 0.0,
      "distance_to_goal": 2.2574689388275146,
      "route_line_lateral_error": 2.2336530685424805,
      "route_progress_ratio": 0.916429339498783,
      "min_obstacle_distance": 0.5250495076179504,
      "min_clearance": 0.17504950761795046,
      "path_length": 4.331108590857184,
      "start_to_goal_distance": 3.913414478302002,
      "steps": 720.0,
      "control_effort": 0.6413673195574019,
      "episode_duration": 24.0,
      "time_to_goal": null
    },
    {
      "episode_return": -42.203311176841744,
      "success": 0.0,
      "collision": 0.0,
      "distance_to_goal": 1.4774671792984009,
      "route_line_lateral_error": 1.448958396911621,
      "route_progress_ratio": 0.9255139990456559,
      "min_obstacle_distance": 0.8416344523429871,
      "min_clearance": 0.4916344523429871,
      "path_length": 4.118825586279854,
      "start_to_goal_distance": 3.8777763843536377,
      "steps": 720.0,
      "control_effort": 0.6187286761071947,
      "episode_duration": 24.0,
      "time_to_goal": null
    },
    {
      "episode_return": -139.62078812512925,
      "success": 0.0,
      "collision": 0.0,
      "distance_to_goal": 1.3885483741760254,
      "route_line_lateral_error": 1.3675976991653442,
      "route_progress_ratio": 0.9359909218584025,
      "min_obstacle_distance": 0.4030982553958893,
      "min_clearance": 0.053098255395889304,
      "path_length": 4.094409605662804,
      "start_to_goal_distance": 3.7541279792785645,
      "steps": 720.0,
      "control_effort": 0.5967499821550316,
      "episode_duration": 24.0,
      "time_to_goal": null
    },
    {
      "episode_return": -168.84793185203804,
      "success": 0.0,
      "collision": 0.0,
      "distance_to_goal": 1.742343544960022,
      "route_line_lateral_error": 1.5605123043060303,
      "route_progress_ratio": 0.8210398176492611,
      "min_obstacle_distance": 0.3638824224472046,