{
  "summary": {
    "train_episode": 600,
    "stage_index": 7,
    "stage_name": "target_bypass_intro_v2",
    "stage_episode": 80,
    "stage_eval_index": 7,
    "stage_target_hit": 0.0,
    "stage_success_streak": 0,
    "stage_best_success_rate": 0.0,
    "stage_best_collision_rate": 0.0,
    "stage_best_avg_return": -73.68253326416016,
    "stage_bad_eval_streak": 0,
    "stage_regression_active": 0.0,
    "stage_regression_bad_eval": 0.0,
    "stage_regression_absolute_drop": 0.0,
    "stage_regression_relative_drop": 0.0,
    "stage_regression_detected": 0.0,
    "stage_rollback_applied": 0.0,
    "stage_plateau_recovery_applied": 1.0,
    "num_episodes": 12,
    "success_rate": 0.0,
    "collision_rate": 0.0833333358168602,
    "avg_episode_return": -51.81477737426758,
    "avg_path_length": 3.1319591999053955,
    "avg_episode_duration": 21.980558395385742,
    "avg_time_to_goal": 0.0,
    "avg_distance_to_goal": 1.5278416872024536,
    "avg_route_line_lateral_error": 1.1005233526229858,
    "avg_min_obstacle_distance": 0.8216634392738342,
    "avg_min_clearance": 0.4716635048389435,
    "avg_control_effort": 0.541063666343689,
    "avg_path_efficiency": 0.0,
    "avg_steps": 659.4166870117188,
    "best_distance_to_goal": 1.2524548768997192,
    "best_route_line_lateral_error": 0.7857815623283386,
    "best_episode_return": -35.77586364746094,
    "deterministic": 1.0,
    "seed_offset": 100000
  },
  "episodes": [
    {
      "episode_return": -68.49185781526506,
      "success": 0.0,
      "collision": 0.0,
      "distance_to_goal": 1.847739815711975,
      "route_line_lateral_error": 1.5131374597549438,
      "route_progress_ratio": 0.6964216254946872,
      "min_obstacle_distance": 1.266535997390747,
      "min_clearance": 0.9165359973907471,
      "path_length": 3.61332450628106,
      "start_to_goal_distance": 3.4931728839874268,
      "steps": 680.0,
      "control_effort": 0.5616775989094202,
      "episode_duration": 22.666666666666668,
      "time_to_goal": null
    },
    {
      "episode_return": -56.38143859464553,
      "success": 0.0,
      "collision": 1.0,
      "distance_to_goal": 1.5891709327697754,
      "route_line_lateral_error": 0.7857815623283386,
      "route_progress_ratio": 0.5700175306738552,
      "min_obstacle_distance": 0.3480141758918762,
      "min_clearance": -0.001985824108123757,
      "path_length": 2.2724736136151478,
      "start_to_goal_distance": 3.212475061416626,
      "steps": 433.0,
      "control_effort": 0.5014546488779522,
      "episode_duration": 14.433333333333334,
      "time_to_goal": null
    },
    {
      "episode_return": -55.27480403110433,
      "success": 0.0,
      "collision": 0.0,
      "distance_to_goal": 1.5281157493591309,
      "route_line_lateral_error": 1.0673713684082031,
      "route_progress_ratio": 0.6718179772475137,
      "min_obstacle_distance": 0.7133557200431824,
      "min_clearance": 0.3633557200431824,
      "path_length": 2.982752790034283,
      "start_to_goal_distance": 3.332151174545288,
      "steps": 680.0,
      "control_effort": 0.5514983473016936,
      "episode_duration": 22.666666666666668,
      "time_to_goal": null
    },
    {
      "episode_return": -47.41444296401888,
      "success": 0.0,
      "collision": 0.0,
      "distance_to_goal": 1.2626844644546509,
      "route_line_lateral_error": 1.0120563507080078,
      "route_progress_ratio": 0.7623962547537517,
      "min_obstacle_distance": 0.8053136467933655,
      "min_clearance": 0.4553136467933655,
      "path_length": 3.0510119407554157,
      "start_to_goal_distance": 3.1778056621551514,
      "steps": 680.0,
      "control_effort": 0.5619730226257268,
      "episode_duration": 22.666666666666668,
      "time_to_goal": null
    },
    {
      "episode_return": -48.93421452756708,
      "success": 0.0,
      "collision": 0.0,
      "distance_to_goal": 1.5141746997833252,
      "route_line_lateral_error": 1.1684647798538208,
      "route_progress_ratio": 0.7196198028489103,
      "min_obstacle_distance": 0.9347038269042969,
      "min_clearance": 0.5847038269042969,
      "path_length": 3.3915288643329404,
      "start_to_goal_distance": 3.4347081184387207,
      "steps": 680.0,
      "control_effort": 0.5371256265131866,
      "episode_duration": 22.666666666666668,
      "time_to_goal": null
    },
    {
      "episode_return": -72.04599629475965,
      "success": 0.0,
      "collision": 0.0,
      "distance_to_goal": 1.5945881605148315,
      "route_line_lateral_error": 1.2519372701644897,
      "route_progress_ratio": 0.7170643582196554,
      "min_obstacle_distance": 0.7034817337989807,
      "min_clearance": 0.35348173379898074,
      "path_length": 3.144344809377799,
      "start_to_goal_distance": 3.490565299987793,
      "steps": 680.0,
      "control_effort": 0.5372924993143362,
      "episode_duration": 22.666666666666668,
      "time_to_goal": null
    },
    {
      "episode_return": -53.02995864094765,
      "success": 0.0,
      "collision": 0.0,
      "distance_to_goal": 1.37177574634552,
      "route_line_lateral_error": 0.988179624080658,
      "route_progress_ratio": 0.7016352157621419,
      "min_obstacle_distance": 0.790407121181488,
      "min_clearance": 0.44040712118148806,
      "path_length": 2.8076940034225117,
      "start_to_goal_distance": 3.1889052391052246,
      "steps": 680.0,
      "control_effort": 0.5677853638634962,
      "episode_duration": 22.666666666666668,
      "time_to_goal": null
    },
    {
      "episode_return": -42.71658475325403,
      "success": 0.0,
      "collision": 0.0,
      "distance_to_goal": 1.348392128944397,
      "route_line_lateral_error": 1.031112551689148,
      "route_progress_ratio": 0.7443928437015571,
      "min_obstacle_distance": 0.7393007278442383,
      "min_clearance": 0.3893007278442383,
      "path_length": 3.103776466450654,
      "start_to_goal_distance": 3.399315357208252,
      "steps": 680.0,
      "control_effort": 0.5355902101187145,
      "episode_duration": 22.666666666666668,
      "time_to_goal": null
    },
    {
      "episode_return": -52.09124314005102,
      "success": 0.0,
      "collision": 0.0,
      "distance_to_goal": 1.6858361959457397,
      "route_line_lateral_error": 1.0430493354797363,
      "route_progress_ratio": 0.6319293217365861,
      "min_obstacle_distance": 0.7645737528800964,
      "min_clearance": 0.41457375288009646,
      "path_length": 2.9423198807635345,
      "start_to_goal_distance": 3.5982794761657715,
      "steps": 680.0,
      "control_effort": 0.5428907700759523,
      "episode_duration": 22.666666666666668,
      "time_to_goal": null
    },
    {
      "episode_return": -48.210155520201376,
      "success": 0.0,
      "collision": 0.0,
      "distance_to_goal": 1.5656216144561768,
      "route_line_lateral_error": 1.1324679851531982,
      "route_progress_ratio": 0.6985358305450439,
      "min_obstacle_distance": 0.8762874007225037,
      "min_clearance": 0.5262874007225037,
      "path_length": 3.3558808737434447,
      "start_to_goal_distance": 3.5860257148742676,
      "steps": 680.0,
      "control_effort": 0.5245028675040778,
      "episode_duration": 22.666666666666668,
      "time_to_goal": null
    },
    {
      "episode_return": -35.77586423983938,
      "success": 0.0,
      "collision": 0.0,
      "distance_to_goal": 1.2524548768997192,
      "route_line_lateral_error": 1.0802443027496338,
      "route_progress_ratio": 0.8172889482134731,
      "min_obstacle_distance": 0.967143714427948,
      "min_clearance": 0.617143714427948,
      "path_length": 3.577710341953207,
      "start_to_goal_distance": 3.468921422958374,
      "steps": 680.0,
      "control_effort": 0.5469395282513955,
      "episode_duration": 22.666666666666668,
      "time_to_goal": null
    },
    {
      "episode_return": -41.41073441409467,
      "success": 0.0,
      "collision": 0.0,
      "distance_to_goal": 1.7735466957092285,
      "route_line_lateral_error": 1.13247811794281,