{
  "summary": {
    "train_episode": 480,
    "stage_index": 7,
    "stage_name": "target_bypass_intro_v2",
    "stage_episode": 20,
    "stage_eval_index": 1,
    "stage_target_hit": 0.0,
    "stage_success_streak": 0,
    "stage_best_success_rate": 0.0,
    "stage_best_collision_rate": 0.0,
    "stage_best_avg_return": -76.09248352050781,
    "stage_bad_eval_streak": 0,
    "stage_regression_active": 0.0,
    "stage_regression_bad_eval": 0.0,
    "stage_regression_absolute_drop": 0.0,
    "stage_regression_relative_drop": 0.0,
    "stage_regression_detected": 0.0,
    "stage_rollback_applied": 0.0,
    "stage_plateau_recovery_applied": 0.0,
    "num_episodes": 12,
    "success_rate": 0.0,
    "collision_rate": 0.0,
    "avg_episode_return": -76.09248352050781,
    "avg_path_length": 3.710339307785034,
    "avg_episode_duration": 22.66666603088379,
    "avg_time_to_goal": 0.0,
    "avg_distance_to_goal": 1.9574919939041138,
    "avg_route_line_lateral_error": 1.7058340311050415,
    "avg_min_obstacle_distance": 0.8319740295410156,
    "avg_min_clearance": 0.48197412490844727,
    "avg_control_effort": 0.7091742157936096,
    "avg_path_efficiency": 0.0,
    "avg_steps": 680.0,
    "best_distance_to_goal": 1.3571059703826904,
    "best_route_line_lateral_error": 1.0841680765151978,
    "best_episode_return": -55.550601959228516,
    "deterministic": 1.0,
    "seed_offset": 100000
  },
  "episodes": [
    {
      "episode_return": -69.08712268862635,
      "success": 0.0,
      "collision": 0.0,
      "distance_to_goal": 1.831311821937561,
      "route_line_lateral_error": 1.2350504398345947,
      "route_progress_ratio": 0.6129118872978192,
      "min_obstacle_distance": 0.9031969308853149,
      "min_clearance": 0.553196930885315,
      "path_length": 2.551084914279542,
      "start_to_goal_distance": 3.4931728839874268,
      "steps": 680.0,
      "control_effort": 0.6893352115855498,
      "episode_duration": 22.666666666666668,
      "time_to_goal": null
    },
    {
      "episode_return": -55.55060240667504,
      "success": 0.0,
      "collision": 0.0,
      "distance_to_goal": 1.3571059703826904,
      "route_line_lateral_error": 1.3275343179702759,
      "route_progress_ratio": 0.9122917105316964,
      "min_obstacle_distance": 0.7388803958892822,
      "min_clearance": 0.38888039588928225,
      "path_length": 3.3577858729804007,
      "start_to_goal_distance": 3.212475061416626,
      "steps": 680.0,
      "control_effort": 0.7247325298540732,
      "episode_duration": 22.666666666666668,
      "time_to_goal": null
    },
    {
      "episode_return": -63.21960898759066,
      "success": 0.0,
      "collision": 0.0,
      "distance_to_goal": 1.5841138362884521,
      "route_line_lateral_error": 1.1377756595611572,
      "route_progress_ratio": 0.669217458002276,
      "min_obstacle_distance": 0.7476495504379272,
      "min_clearance": 0.39764955043792727,
      "path_length": 2.587247166720859,
      "start_to_goal_distance": 3.332151174545288,
      "steps": 680.0,
      "control_effort": 0.722211024515769,
      "episode_duration": 22.666666666666668,
      "time_to_goal": null
    },
    {
      "episode_return": -117.93305837137777,
      "success": 0.0,
      "collision": 0.0,
      "distance_to_goal": 2.673518419265747,
      "route_line_lateral_error": 2.673518419265747,
      "route_progress_ratio": 1.0,
      "min_obstacle_distance": 0.8196567893028259,
      "min_clearance": 0.46965678930282595,
      "path_length": 5.064955514215399,
      "start_to_goal_distance": 3.1778056621551514,
      "steps": 680.0,
      "control_effort": 0.7104335770010948,
      "episode_duration": 22.666666666666668,
      "time_to_goal": null
    },
    {
      "episode_return": -68.48610036902795,
      "success": 0.0,
      "collision": 0.0,
      "distance_to_goal": 1.8098280429840088,
      "route_line_lateral_error": 1.2093173265457153,
      "route_progress_ratio": 0.6079760742068872,
      "min_obstacle_distance": 0.926367998123169,
      "min_clearance": 0.576367998123169,
      "path_length": 2.4936411033261265,
      "start_to_goal_distance": 3.4347081184387207,
      "steps": 680.0,
      "control_effort": 0.69231417547254,
      "episode_duration": 22.666666666666668,
      "time_to_goal": null
    },
    {
      "episode_return": -95.74558593795065,
      "success": 0.0,
      "collision": 0.0,
      "distance_to_goal": 2.1201136112213135,
      "route_line_lateral_error": 2.1201136112213135,
      "route_progress_ratio": 1.0,
      "min_obstacle_distance": 0.5298198461532593,
      "min_clearance": 0.1798198461532593,
      "path_length": 4.657536573393799,
      "start_to_goal_distance": 3.490565299987793,
      "steps": 680.0,
      "control_effort": 0.7115781164344619,
      "episode_duration": 22.666666666666668,
      "time_to_goal": null
    },
    {
      "episode_return": -70.89964889448389,
      "success": 0.0,
      "collision": 0.0,
      "distance_to_goal": 1.6230437755584717,
      "route_line_lateral_error": 1.623039722442627,
      "route_progress_ratio": 0.9988552727061754,
      "min_obstacle_distance": 0.8504484295845032,
      "min_clearance": 0.5004484295845032,
      "path_length": 3.6662705878981825,
      "start_to_goal_distance": 3.1889052391052246,
      "steps": 680.0,
      "control_effort": 0.7221192366936627,
      "episode_duration": 22.666666666666668,
      "time_to_goal": null
    },
    {
      "episode_return": -100.55532428091678,
      "success": 0.0,
      "collision": 0.0,
      "distance_to_goal": 2.482569694519043,
      "route_line_lateral_error": 2.482569694519043,
      "route_progress_ratio": 1.0,
      "min_obstacle_distance": 0.8724490404129028,
      "min_clearance": 0.5224490404129029,
      "path_length": 5.021264286071528,
      "start_to_goal_distance": 3.399315357208252,
      "steps": 680.0,
      "control_effort": 0.7068195689250442,
      "episode_duration": 22.666666666666668,
      "time_to_goal": null
    },
    {
      "episode_return": -55.79630339208615,
      "success": 0.0,
      "collision": 0.0,
      "distance_to_goal": 1.7035229206085205,
      "route_line_lateral_error": 1.2148187160491943,
      "route_progress_ratio": 0.6681083531591454,
      "min_obstacle_distance": 0.773145854473114,
      "min_clearance": 0.42314585447311404,
      "path_length": 2.7721953080034893,
      "start_to_goal_distance": 3.5982794761657715,
      "steps": 680.0,
      "control_effort": 0.7172864603645661,
      "episode_duration": 22.666666666666668,
      "time_to_goal": null
    },
    {
      "episode_return": -71.14217425327763,
      "success": 0.0,
      "collision": 0.0,
      "distance_to_goal": 1.9426730871200562,
      "route_line_lateral_error": 1.0841680765151978,
      "route_progress_ratio": 0.5504760625075046,
      "min_obstacle_distance": 0.9248422980308533,
      "min_clearance": 0.5748422980308533,
      "path_length": 2.3086795469920958,
      "start_to_goal_distance": 3.5860257148742676,
      "steps": 680.0,
      "control_effort": 0.6942606658619993,
      "episode_duration": 22.666666666666668,
      "time_to_goal": null
    },
    {
      "episode_return": -87.78005837527579,
      "success": 0.0,
      "collision": 0.0,
      "distance_to_goal": 2.3199188709259033,
      "route_line_lateral_error": 2.3199188709259033,
      "route_progress_ratio": 1.0,
      "min_obstacle_distance": 0.7598875164985657,
      "min_clearance": 0.4098875164985657,
      "path_length": 5.073612247895653,
      "start_to_goal_distance": 3.468921422958374,
      "steps": 680.0,
      "control_effort": 0.7018123618820135,
      "episode_duration": 22.666666666666668,
      "time_to_goal": null
    },
    {
      "episode_return": -56.91427061369327,
      "success": 0.0,
      "collision": 0.0,
      "distance_to_goal": 2.0421831607818604,
      "route_line_lateral_error": 2.0421831607818604,
      "route_progress_ratio": 1.0,
      "min_obstacle_distance": 1.1373447179794312,