{
  "summary": {
    "train_episode": 920,
    "stage_index": 8,
    "stage_name": "target_bypass_commit_v2",
    "stage_episode": 60,
    "stage_eval_index": 7,
    "stage_target_hit": 0.0,
    "stage_success_streak": 0,
    "stage_best_success_rate": 0.4166666567325592,
    "stage_best_collision_rate": 0.1666666716337204,
    "stage_best_avg_return": 10.393216133117676,
    "stage_bad_eval_streak": 1,
    "stage_regression_active": 1.0,
    "stage_regression_bad_eval": 1.0,
    "stage_regression_absolute_drop": 0.4166666567325592,
    "stage_regression_relative_drop": 1.0,
    "stage_regression_detected": 1.0,
    "stage_rollback_applied": 0.0,
    "stage_plateau_recovery_applied": 0.0,
    "num_episodes": 12,
    "success_rate": 0.0,
    "collision_rate": 0.5833333134651184,
    "avg_episode_return": -69.0573501586914,
    "avg_path_length": 2.466390609741211,
    "avg_episode_duration": 14.577777862548828,
    "avg_time_to_goal": 0.0,
    "avg_distance_to_goal": 2.261451244354248,
    "avg_route_line_lateral_error": 0.8595069050788879,
    "avg_min_obstacle_distance": 0.44395509362220764,
    "avg_min_clearance": 0.09395510703325272,
    "avg_control_effort": 0.6546303033828735,
    "avg_path_efficiency": 0.0,
    "avg_steps": 437.3333435058594,
    "best_distance_to_goal": 1.4883651733398438,
    "best_route_line_lateral_error": 0.11982392519712448,
    "best_episode_return": -28.970985412597656,
    "deterministic": 1.0,
    "seed_offset": 100000
  },
  "episodes": [
    {
      "episode_return": -48.23742716586986,
      "success": 0.0,
      "collision": 0.0,
      "distance_to_goal": 1.4883651733398438,
      "route_line_lateral_error": 1.188602089881897,
      "route_progress_ratio": 0.7657397393495448,
      "min_obstacle_distance": 0.667245626449585,
      "min_clearance": 0.317245626449585,
      "path_length": 4.055359064601362,
      "start_to_goal_distance": 3.8239474296569824,
      "steps": 720.0,
      "control_effort": 0.698734937608242,
      "episode_duration": 24.0,
      "time_to_goal": null
    },
    {
      "episode_return": -157.95062400722497,
      "success": 0.0,
      "collision": 0.0,
      "distance_to_goal": 1.6232047080993652,
      "route_line_lateral_error": 1.322996973991394,
      "route_progress_ratio": 0.727630017986564,
      "min_obstacle_distance": 0.39910688996315,
      "min_clearance": 0.04910688996315005,
      "path_length": 3.731314848875627,
      "start_to_goal_distance": 3.4528915882110596,
      "steps": 720.0,
      "control_effort": 0.7142161030736235,
      "episode_duration": 24.0,
      "time_to_goal": null
    },
    {
      "episode_return": -36.015482096788325,
      "success": 0.0,
      "collision": 1.0,
      "distance_to_goal": 2.5163137912750244,
      "route_line_lateral_error": 0.27189499139785767,
      "route_progress_ratio": 0.3113634384235037,
      "min_obstacle_distance": 0.34527719020843506,
      "min_clearance": -0.004722809791564919,
      "path_length": 1.2067017335502896,
      "start_to_goal_distance": 3.632657766342163,
      "steps": 197.0,
      "control_effort": 0.614518666630469,
      "episode_duration": 6.566666666666666,
      "time_to_goal": null
    },
    {
      "episode_return": -133.24874933568265,
      "success": 0.0,
      "collision": 0.0,
      "distance_to_goal": 2.642164707183838,
      "route_line_lateral_error": 2.472869873046875,
      "route_progress_ratio": 0.7278811164170556,
      "min_obstacle_distance": 0.8747421503067017,
      "min_clearance": 0.5247421503067017,
      "path_length": 3.7988830696657914,
      "start_to_goal_distance": 3.4196953773498535,
      "steps": 720.0,
      "control_effort": 0.67674949483739,
      "episode_duration": 24.0,
      "time_to_goal": null
    },
    {
      "episode_return": -29.80912367871322,
      "success": 0.0,
      "collision": 1.0,
      "distance_to_goal": 2.7833378314971924,
      "route_line_lateral_error": 0.3611309230327606,
      "route_progress_ratio": 0.2699320393517596,
      "min_obstacle_distance": 0.34631451964378357,
      "min_clearance": -0.0036854803562164085,
      "path_length": 1.1205251696228515,
      "start_to_goal_distance": 3.780210494995117,
      "steps": 170.0,
      "control_effort": 0.6003354686148027,
      "episode_duration": 5.666666666666667,
      "time_to_goal": null
    },
    {
      "episode_return": -113.71253419247736,
      "success": 0.0,
      "collision": 0.0,
      "distance_to_goal": 2.4087448120117188,
      "route_line_lateral_error": 2.12650465965271,
      "route_progress_ratio": 0.7036199284371021,
      "min_obstacle_distance": 0.5227821469306946,
      "min_clearance": 0.1727821469306946,
      "path_length": 3.8343565893101186,
      "start_to_goal_distance": 3.8173413276672363,
      "steps": 720.0,
      "control_effort": 0.7381420746445656,
      "episode_duration": 24.0,
      "time_to_goal": null
    },
    {
      "episode_return": -43.72574783196679,
      "success": 0.0,
      "collision": 1.0,
      "distance_to_goal": 2.654461145401001,
      "route_line_lateral_error": 0.32869550585746765,
      "route_progress_ratio": 0.23296225356117997,
      "min_obstacle_distance": 0.34780463576316833,
      "min_clearance": -0.002195364236831643,
      "path_length": 0.9007283686078154,
      "start_to_goal_distance": 3.4340314865112305,
      "steps": 154.0,
      "control_effort": 0.6152026525565556,
      "episode_duration": 5.133333333333334,
      "time_to_goal": null
    },
    {
      "episode_return": -34.95606530979833,
      "success": 0.0,
      "collision": 1.0,
      "distance_to_goal": 1.9753155708312988,
      "route_line_lateral_error": 0.19254326820373535,
      "route_progress_ratio": 0.46848360506210573,
      "min_obstacle_distance": 0.3489386737346649,
      "min_clearance": -0.0010613262653350608,
      "path_length": 1.8897670325241052,
      "start_to_goal_distance": 3.6986794471740723,
      "steps": 313.0,
      "control_effort": 0.6258075696210892,
      "episode_duration": 10.433333333333334,
      "time_to_goal": null
    },
    {
      "episode_return": -35.00305257470372,
      "success": 0.0,
      "collision": 1.0,
      "distance_to_goal": 2.832315683364868,
      "route_line_lateral_error": 0.3188078701496124,
      "route_progress_ratio": 0.28085414629539934,
      "min_obstacle_distance": 0.34887853264808655,
      "min_clearance": -0.00112146735191343,
      "path_length": 1.207643473520875,
      "start_to_goal_distance": 3.913414478302002,
      "steps": 194.0,
      "control_effort": 0.6152358853939882,
      "episode_duration": 6.466666666666667,
      "time_to_goal": null
    },
    {
      "episode_return": -123.27739240710602,
      "success": 0.0,
      "collision": 0.0,
      "distance_to_goal": 1.6390832662582397,
      "route_line_lateral_error": 1.3000022172927856,
      "route_progress_ratio": 0.7425605332522409,
      "min_obstacle_distance": 0.43111807107925415,
      "min_clearance": 0.08111807107925417,
      "path_length": 3.9779637574683875,
      "start_to_goal_distance": 3.8777763843536377,
      "steps": 720.0,
      "control_effort": 0.705822673936685,
      "episode_duration": 24.0,
      "time_to_goal": null
    },
    {
      "episode_return": -28.97098495762217,
      "success": 0.0,
      "collision": 1.0,
      "distance_to_goal": 1.7434353828430176,
      "route_line_lateral_error": 0.31021222472190857,
      "route_progress_ratio": 0.5430056508484655,
      "min_obstacle_distance": 0.34818610548973083,
      "min_clearance": -0.0018138945102691428,
      "path_length": 2.2535684793256223,
      "start_to_goal_distance": 3.7541279792785645,
      "steps": 352.0,
      "control_effort": 0.6210751621560617,
      "episode_duration": 11.733333333333333,
      "time_to_goal": null
    },
    {
      "episode_return": -43.78102689277392,
      "success": 0.0,
      "collision": 1.0,
      "distance_to_goal": 2.8306734561920166,