{
  "summary": {
    "train_episode": 1060,
    "stage_index": 8,
    "stage_name": "target_bypass_commit_v2",
    "stage_episode": 80,
    "stage_eval_index": 14,
    "stage_target_hit": 0.0,
    "stage_success_streak": 0,
    "stage_best_success_rate": 0.4166666567325592,
    "stage_best_collision_rate": 0.1666666716337204,
    "stage_best_avg_return": 10.393216133117676,
    "stage_bad_eval_streak": 4,
    "stage_regression_active": 1.0,
    "stage_regression_bad_eval": 1.0,
    "stage_regression_absolute_drop": 0.4166666567325592,
    "stage_regression_relative_drop": 1.0,
    "stage_regression_detected": 1.0,
    "stage_rollback_applied": 0.0,
    "stage_plateau_recovery_applied": 0.0,
    "num_episodes": 12,
    "success_rate": 0.0,
    "collision_rate": 0.0833333358168602,
    "avg_episode_return": -96.7623062133789,
    "avg_path_length": 3.3545913696289062,
    "avg_episode_duration": 23.752777099609375,
    "avg_time_to_goal": 0.0,
    "avg_distance_to_goal": 2.2250704765319824,
    "avg_route_line_lateral_error": 1.7844452857971191,
    "avg_min_obstacle_distance": 0.6389002203941345,
    "avg_min_clearance": 0.2889001965522766,
    "avg_control_effort": 0.5334270596504211,
    "avg_path_efficiency": 0.0,
    "avg_steps": 712.5833129882812,
    "best_distance_to_goal": 1.7850978374481201,
    "best_route_line_lateral_error": 1.322954773902893,
    "best_episode_return": -63.78960037231445,
    "deterministic": 1.0,
    "seed_offset": 100000
  },
  "episodes": [
    {
      "episode_return": -95.59917699595776,
      "success": 0.0,
      "collision": 0.0,
      "distance_to_goal": 2.38096284866333,
      "route_line_lateral_error": 1.9119352102279663,
      "route_progress_ratio": 0.6289242498097426,
      "min_obstacle_distance": 0.7614681124687195,
      "min_clearance": 0.4114681124687195,
      "path_length": 3.521124168189999,
      "start_to_goal_distance": 3.8239474296569824,
      "steps": 720.0,
      "control_effort": 0.5407691147178412,
      "episode_duration": 24.0,
      "time_to_goal": null
    },
    {
      "episode_return": -110.24440341660122,
      "success": 0.0,
      "collision": 0.0,
      "distance_to_goal": 2.465449571609497,
      "route_line_lateral_error": 2.086203098297119,
      "route_progress_ratio": 0.6194934057205822,
      "min_obstacle_distance": 0.8051454424858093,
      "min_clearance": 0.45514544248580935,
      "path_length": 3.4085538665422064,
      "start_to_goal_distance": 3.4528915882110596,
      "steps": 720.0,
      "control_effort": 0.5405758727755812,
      "episode_duration": 24.0,
      "time_to_goal": null
    },
    {
      "episode_return": -114.94563480875843,
      "success": 0.0,
      "collision": 0.0,
      "distance_to_goal": 2.415074348449707,
      "route_line_lateral_error": 1.9962974786758423,
      "route_progress_ratio": 0.6258431496374718,
      "min_obstacle_distance": 0.5307697057723999,
      "min_clearance": 0.18076970577239992,
      "path_length": 3.3372059780886048,
      "start_to_goal_distance": 3.632657766342163,
      "steps": 720.0,
      "control_effort": 0.5270285669714212,
      "episode_duration": 24.0,
      "time_to_goal": null
    },
    {
      "episode_return": -93.90581105806135,
      "success": 0.0,
      "collision": 0.0,
      "distance_to_goal": 2.0570878982543945,
      "route_line_lateral_error": 1.8267914056777954,
      "route_progress_ratio": 0.7234403491205127,
      "min_obstacle_distance": 0.646609365940094,
      "min_clearance": 0.296609365940094,
      "path_length": 3.4095501651536324,
      "start_to_goal_distance": 3.4196953773498535,
      "steps": 720.0,
      "control_effort": 0.5334575656387541,
      "episode_duration": 24.0,
      "time_to_goal": null
    },
    {
      "episode_return": -114.97818549168684,
      "success": 0.0,
      "collision": 0.0,
      "distance_to_goal": 2.3074257373809814,
      "route_line_lateral_error": 1.8866469860076904,
      "route_progress_ratio": 0.648577906059733,
      "min_obstacle_distance": 0.5092877149581909,
      "min_clearance": 0.15928771495819094,
      "path_length": 3.510562663068413,
      "start_to_goal_distance": 3.780210494995117,
      "steps": 720.0,
      "control_effort": 0.5404499900009897,
      "episode_duration": 24.0,
      "time_to_goal": null
    },
    {
      "episode_return": -133.88508564789856,
      "success": 0.0,
      "collision": 0.0,
      "distance_to_goal": 2.2365148067474365,
      "route_line_lateral_error": 1.8855525255203247,
      "route_progress_ratio": 0.6849155803883433,
      "min_obstacle_distance": 0.44098642468452454,
      "min_clearance": 0.09098642468452456,
      "path_length": 3.465145411571939,
      "start_to_goal_distance": 3.8173413276672363,
      "steps": 720.0,
      "control_effort": 0.5385254663311773,
      "episode_duration": 24.0,
      "time_to_goal": null
    },
    {
      "episode_return": -91.14733991870891,
      "success": 0.0,
      "collision": 0.0,
      "distance_to_goal": 2.1122944355010986,
      "route_line_lateral_error": 1.8134450912475586,
      "route_progress_ratio": 0.6845847625125561,
      "min_obstacle_distance": 0.7446184754371643,
      "min_clearance": 0.39461847543716433,
      "path_length": 3.3368800953321625,
      "start_to_goal_distance": 3.4340314865112305,
      "steps": 720.0,
      "control_effort": 0.5273013163771895,
      "episode_duration": 24.0,
      "time_to_goal": null
    },
    {
      "episode_return": -65.12818672258328,
      "success": 0.0,
      "collision": 0.0,
      "distance_to_goal": 1.7850978374481201,
      "route_line_lateral_error": 1.322954773902893,
      "route_progress_ratio": 0.6759697077092003,
      "min_obstacle_distance": 0.8698656558990479,
      "min_clearance": 0.5198656558990479,
      "path_length": 3.221487828210229,
      "start_to_goal_distance": 3.6986794471740723,
      "steps": 720.0,
      "control_effort": 0.5303544764303498,
      "episode_duration": 24.0,
      "time_to_goal": null
    },
    {
      "episode_return": -112.90070279941425,
      "success": 0.0,
      "collision": 0.0,
      "distance_to_goal": 2.7674083709716797,
      "route_line_lateral_error": 2.1437184810638428,
      "route_progress_ratio": 0.5527822810336267,
      "min_obstacle_distance": 0.5565976500511169,
      "min_clearance": 0.20659765005111697,
      "path_length": 3.341964225874108,
      "start_to_goal_distance": 3.913414478302002,
      "steps": 720.0,
      "control_effort": 0.52120955147677,
      "episode_duration": 24.0,
      "time_to_goal": null
    },
    {
      "episode_return": -78.42545199455091,
      "success": 0.0,
      "collision": 0.0,
      "distance_to_goal": 2.1772449016571045,
      "route_line_lateral_error": 1.6517096757888794,
      "route_progress_ratio": 0.6341878142143664,
      "min_obstacle_distance": 0.7720063924789429,
      "min_clearance": 0.4220063924789429,
      "path_length": 3.1886571023860597,
      "start_to_goal_distance": 3.8777763843536377,
      "steps": 720.0,
      "control_effort": 0.5223366819736031,
      "episode_duration": 24.0,
      "time_to_goal": null
    },
    {
      "episode_return": -63.789599290825784,
      "success": 0.0,
      "collision": 0.0,
      "distance_to_goal": 1.8285760879516602,
      "route_line_lateral_error": 1.4593671560287476,
      "route_progress_ratio": 0.7065127333662984,
      "min_obstacle_distance": 0.6820756196975708,
      "min_clearance": 0.3320756196975708,
      "path_length": 3.287387344840681,
      "start_to_goal_distance": 3.7541279792785645,
      "steps": 720.0,
      "control_effort": 0.5353581661151515,
      "episode_duration": 24.0,
      "time_to_goal": null
    },
    {
      "episode_return": -86.19806527643573,
      "success": 0.0,
      "collision": 1.0,
      "distance_to_goal": 2.1677117347717285,
      "route_line_lateral_error": 1.428721308708191,
      "route_progress_ratio": 0.6235281454401304,