{
  "episode_return": 139.74826181739488,
  "success": 1.0,
  "collision": 0.0,
  "distance_to_goal": 0.8980743885040283,
  "route_line_lateral_error": 0.5382588505744934,
  "route_progress_ratio": 0.7885166690256157,
  "min_obstacle_distance": 0.7980443835258484,
  "min_clearance": 0.4480443835258484,
  "path_length": 2.94172245937807,
  "start_to_goal_distance": 3.399315357208252,
  "steps": 446.0,
  "control_effort": 0.6342420370856743,
  "episode_duration": 14.866666666666667,
  "time_to_goal": 14.866666666666667
}