{
  "episode_return": -28.95559717602778,
  "success": 0.0,
  "collision": 0.0,
  "distance_to_goal": 1.2038376331329346,
  "route_line_lateral_error": 1.1116341352462769,
  "route_progress_ratio": 0.879168127187586,
  "min_obstacle_distance": 0.9735850095748901,
  "min_clearance": 0.6235850095748902,
  "path_length": 3.8240404648531694,
  "start_to_goal_distance": 3.8239474296569824,
  "steps": 720.0,
  "control_effort": 0.6165375317964289,
  "episode_duration": 24.0,
  "time_to_goal": null
}