{
  "summary": {
    "train_episode": 1140,
    "stage_index": 8,
    "stage_name": "target_bypass_commit_v2",
    "stage_episode": 160,
    "stage_eval_index": 18,
    "stage_target_hit": 0.0,
    "stage_success_streak": 0,
    "stage_best_success_rate": 0.4166666567325592,
    "stage_best_collision_rate": 0.1666666716337204,
    "stage_best_avg_return": 10.393216133117676,
    "stage_bad_eval_streak": 8,
    "stage_regression_active": 1.0,
    "stage_regression_bad_eval": 1.0,
    "stage_regression_absolute_drop": 0.4166666567325592,
    "stage_regression_relative_drop": 1.0,
    "stage_regression_detected": 1.0,
    "stage_rollback_applied": 0.0,
    "stage_plateau_recovery_applied": 0.0,
    "num_episodes": 12,
    "success_rate": 0.0,
    "collision_rate": 0.0,
    "avg_episode_return": -152.8854217529297,
    "avg_path_length": 3.4445383548736572,
    "avg_episode_duration": 24.0,
    "avg_time_to_goal": 0.0,
    "avg_distance_to_goal": 3.1245687007904053,
    "avg_route_line_lateral_error": 1.9933542013168335,
    "avg_min_obstacle_distance": 0.6303605437278748,
    "avg_min_clearance": 0.28036049008369446,
    "avg_control_effort": 0.5673267245292664,
    "avg_path_efficiency": 0.0,
    "avg_steps": 720.0,
    "best_distance_to_goal": 2.4261951446533203,
    "best_route_line_lateral_error": 1.8045899868011475,
    "best_episode_return": -99.46603393554688,
    "deterministic": 1.0,
    "seed_offset": 100000
  },
  "episodes": [
    {
      "episode_return": -148.71287764996157,
      "success": 0.0,
      "collision": 0.0,
      "distance_to_goal": 3.4264509677886963,
      "route_line_lateral_error": 1.942058801651001,
      "route_progress_ratio": 0.2617741678646991,
      "min_obstacle_distance": 0.7297423481941223,
      "min_clearance": 0.37974234819412234,
      "path_length": 3.3960575595556293,
      "start_to_goal_distance": 3.8239474296569824,
      "steps": 720.0,
      "control_effort": 0.5523393314745692,
      "episode_duration": 24.0,
      "time_to_goal": null
    },
    {
      "episode_return": -141.1436356277237,
      "success": 0.0,
      "collision": 0.0,
      "distance_to_goal": 2.9269907474517822,
      "route_line_lateral_error": 2.0442357063293457,
      "route_progress_ratio": 0.39330702890120245,
      "min_obstacle_distance": 0.655601978302002,
      "min_clearance": 0.305601978302002,
      "path_length": 3.4809772800072096,
      "start_to_goal_distance": 3.4528915882110596,
      "steps": 720.0,
      "control_effort": 0.5918503425601456,
      "episode_duration": 24.0,
      "time_to_goal": null
    },
    {
      "episode_return": -167.20344757917601,
      "success": 0.0,
      "collision": 0.0,
      "distance_to_goal": 3.510408878326416,
      "route_line_lateral_error": 2.1037817001342773,
      "route_progress_ratio": 0.226414042989351,
      "min_obstacle_distance": 0.5514048337936401,
      "min_clearance": 0.20140483379364016,
      "path_length": 3.377430612104945,
      "start_to_goal_distance": 3.632657766342163,
      "steps": 720.0,
      "control_effort": 0.5903495825413201,
      "episode_duration": 24.0,
      "time_to_goal": null
    },
    {
      "episode_return": -122.47702208635909,
      "success": 0.0,
      "collision": 0.0,
      "distance_to_goal": 2.4721014499664307,
      "route_line_lateral_error": 2.0225558280944824,
      "route_progress_ratio": 0.5843309343870793,
      "min_obstacle_distance": 0.8114497661590576,
      "min_clearance": 0.46144976615905764,
      "path_length": 3.5302945562289096,
      "start_to_goal_distance": 3.4196953773498535,
      "steps": 720.0,
      "control_effort": 0.6040165088656876,
      "episode_duration": 24.0,
      "time_to_goal": null
    },
    {
      "episode_return": -162.62279972687782,
      "success": 0.0,
      "collision": 0.0,
      "distance_to_goal": 2.9360511302948,
      "route_line_lateral_error": 1.8045899868011475,
      "route_progress_ratio": 0.3873359922882822,
      "min_obstacle_distance": 0.4739094078540802,
      "min_clearance": 0.12390940785408022,
      "path_length": 3.3796503206249326,
      "start_to_goal_distance": 3.780210494995117,
      "steps": 720.0,
      "control_effort": 0.6046901741375525,
      "episode_duration": 24.0,
      "time_to_goal": null
    },
    {
      "episode_return": -192.8497798572048,
      "success": 0.0,
      "collision": 0.0,
      "distance_to_goal": 2.9762237071990967,
      "route_line_lateral_error": 2.0257253646850586,
      "route_progress_ratio": 0.4288050032821001,
      "min_obstacle_distance": 0.433123379945755,
      "min_clearance": 0.08312337994575503,
      "path_length": 3.498892779884045,
      "start_to_goal_distance": 3.8173413276672363,
      "steps": 720.0,
      "control_effort": 0.5901834323174424,
      "episode_duration": 24.0,
      "time_to_goal": null
    },
    {
      "episode_return": -223.6666672953123,
      "success": 0.0,
      "collision": 0.0,
      "distance_to_goal": 2.939312219619751,
      "route_line_lateral_error": 2.004530429840088,
      "route_progress_ratio": 0.37398721632684345,
      "min_obstacle_distance": 0.39397719502449036,
      "min_clearance": 0.04397719502449038,
      "path_length": 3.4224362641689368,
      "start_to_goal_distance": 3.4340314865112305,
      "steps": 720.0,
      "control_effort": 0.5991987849689192,
      "episode_duration": 24.0,
      "time_to_goal": null
    },
    {
      "episode_return": -129.0724369868778,
      "success": 0.0,
      "collision": 0.0,
      "distance_to_goal": 2.8905205726623535,
      "route_line_lateral_error": 1.893609881401062,
      "route_progress_ratio": 0.409550307070294,
      "min_obstacle_distance": 0.7840366959571838,
      "min_clearance": 0.43403669595718386,
      "path_length": 3.3221259947458748,
      "start_to_goal_distance": 3.6986794471740723,
      "steps": 720.0,
      "control_effort": 0.5532007447547382,
      "episode_duration": 24.0,
      "time_to_goal": null
    },
    {
      "episode_return": -186.2354597746835,
      "success": 0.0,
      "collision": 0.0,
      "distance_to_goal": 4.277687072753906,
      "route_line_lateral_error": 2.171985149383545,
      "route_progress_ratio": 0.05830246419987754,
      "min_obstacle_distance": 0.6969550848007202,
      "min_clearance": 0.34695508480072024,
      "path_length": 3.2462925585277844,
      "start_to_goal_distance": 3.913414478302002,
      "steps": 720.0,
      "control_effort": 0.5460919707599613,
      "episode_duration": 24.0,
      "time_to_goal": null
    },
    {
      "episode_return": -147.15454465345243,
      "success": 0.0,
      "collision": 0.0,
      "distance_to_goal": 3.461498975753784,
      "route_line_lateral_error": 2.04055118560791,
      "route_progress_ratio": 0.27894467318631727,
      "min_obstacle_distance": 0.6302046775817871,
      "min_clearance": 0.28020467758178713,
      "path_length": 3.4662980607245117,
      "start_to_goal_distance": 3.8777763843536377,
      "steps": 720.0,
      "control_effort": 0.5436176846010817,
      "episode_duration": 24.0,
      "time_to_goal": null
    },
    {
      "episode_return": -99.46603184856838,
      "success": 0.0,
      "collision": 0.0,
      "distance_to_goal": 2.4261951446533203,
      "route_line_lateral_error": 1.894615650177002,
      "route_progress_ratio": 0.5963009926232479,
      "min_obstacle_distance": 0.7118468880653381,
      "min_clearance": 0.36184688806533816,
      "path_length": 3.5942383858491667,
      "start_to_goal_distance": 3.7541279792785645,
      "steps": 720.0,
      "control_effort": 0.5409344097392427,
      "episode_duration": 24.0,
      "time_to_goal": null
    },
    {
      "episode_return": -114.02027024564497,
      "success": 0.0,
      "collision": 0.0,
      "distance_to_goal": 3.2513844966888428,
      "route_line_lateral_error": 1.9720107316970825,
      "route_progress_ratio": 0.40303025965159556,
      "min_obstacle_distance": 0.69207364320755,