{
  "summary": {
    "train_episode": 1080,
    "stage_index": 8,
    "stage_name": "target_bypass_commit_v2",
    "stage_episode": 100,
    "stage_eval_index": 15,
    "stage_target_hit": 0.0,
    "stage_success_streak": 0,
    "stage_best_success_rate": 0.4166666567325592,
    "stage_best_collision_rate": 0.1666666716337204,
    "stage_best_avg_return": 10.393216133117676,
    "stage_bad_eval_streak": 5,
    "stage_regression_active": 1.0,
    "stage_regression_bad_eval": 1.0,
    "stage_regression_absolute_drop": 0.4166666567325592,
    "stage_regression_relative_drop": 1.0,
    "stage_regression_detected": 1.0,
    "stage_rollback_applied": 0.0,
    "stage_plateau_recovery_applied": 0.0,
    "num_episodes": 12,
    "success_rate": 0.0,
    "collision_rate": 0.0,
    "avg_episode_return": -122.6425552368164,
    "avg_path_length": 3.439046859741211,
    "avg_episode_duration": 24.0,
    "avg_time_to_goal": 0.0,
    "avg_distance_to_goal": 2.366637706756592,
    "avg_route_line_lateral_error": 1.763128399848938,
    "avg_min_obstacle_distance": 0.5378358364105225,
    "avg_min_clearance": 0.18783585727214813,
    "avg_control_effort": 0.4718348979949951,
    "avg_path_efficiency": 0.0,
    "avg_steps": 720.0,
    "best_distance_to_goal": 1.852874755859375,
    "best_route_line_lateral_error": 1.3217779397964478,
    "best_episode_return": -73.12393951416016,
    "deterministic": 1.0,
    "seed_offset": 100000
  },
  "episodes": [
    {
      "episode_return": -94.01386117689805,
      "success": 0.0,
      "collision": 0.0,
      "distance_to_goal": 2.348680019378662,
      "route_line_lateral_error": 1.6735674142837524,
      "route_progress_ratio": 0.5690661482238257,
      "min_obstacle_distance": 0.5752686858177185,
      "min_clearance": 0.22526868581771853,
      "path_length": 3.370026425094693,
      "start_to_goal_distance": 3.8239474296569824,
      "steps": 720.0,
      "control_effort": 0.4788030691858795,
      "episode_duration": 24.0,
      "time_to_goal": null
    },
    {
      "episode_return": -114.4824400386114,
      "success": 0.0,
      "collision": 0.0,
      "distance_to_goal": 2.4871530532836914,
      "route_line_lateral_error": 1.9890271425247192,
      "route_progress_ratio": 0.5675455241530851,
      "min_obstacle_distance": 0.6475494503974915,
      "min_clearance": 0.2975494503974915,
      "path_length": 3.355490409077902,
      "start_to_goal_distance": 3.4528915882110596,
      "steps": 720.0,
      "control_effort": 0.475862785263194,
      "episode_duration": 24.0,
      "time_to_goal": null
    },
    {
      "episode_return": -199.507831493483,
      "success": 0.0,
      "collision": 0.0,
      "distance_to_goal": 2.5983314514160156,
      "route_line_lateral_error": 1.9073542356491089,
      "route_progress_ratio": 0.5142779781486146,
      "min_obstacle_distance": 0.442566454410553,
      "min_clearance": 0.092566454410553,
      "path_length": 3.2926605264874524,
      "start_to_goal_distance": 3.632657766342163,
      "steps": 720.0,
      "control_effort": 0.4480697891778416,
      "episode_duration": 24.0,
      "time_to_goal": null
    },
    {
      "episode_return": -114.78176518280081,
      "success": 0.0,
      "collision": 0.0,
      "distance_to_goal": 2.365365982055664,
      "route_line_lateral_error": 2.1353750228881836,
      "route_progress_ratio": 0.7024842779617049,
      "min_obstacle_distance": 0.5332848429679871,
      "min_clearance": 0.18328484296798708,
      "path_length": 3.6605078977154335,
      "start_to_goal_distance": 3.4196953773498535,
      "steps": 720.0,
      "control_effort": 0.5080187517321773,
      "episode_duration": 24.0,
      "time_to_goal": null
    },
    {
      "episode_return": -92.51859485874877,
      "success": 0.0,
      "collision": 0.0,
      "distance_to_goal": 2.2620437145233154,
      "route_line_lateral_error": 1.7075424194335938,
      "route_progress_ratio": 0.6075286124205883,
      "min_obstacle_distance": 0.5536350011825562,
      "min_clearance": 0.20363500118255617,
      "path_length": 3.4549661830824334,
      "start_to_goal_distance": 3.780210494995117,
      "steps": 720.0,
      "control_effort": 0.5089996316780646,
      "episode_duration": 24.0,
      "time_to_goal": null
    },
    {
      "episode_return": -81.00510196622278,
      "success": 0.0,
      "collision": 0.0,
      "distance_to_goal": 2.197690486907959,
      "route_line_lateral_error": 1.7802654504776,
      "route_progress_ratio": 0.6624342252776044,
      "min_obstacle_distance": 0.6312953233718872,
      "min_clearance": 0.28129532337188723,
      "path_length": 3.6002074546267977,
      "start_to_goal_distance": 3.8173413276672363,
      "steps": 720.0,
      "control_effort": 0.5402687833540969,
      "episode_duration": 24.0,
      "time_to_goal": null
    },
    {
      "episode_return": -204.45625078247434,
      "success": 0.0,
      "collision": 0.0,
      "distance_to_goal": 2.512432336807251,
      "route_line_lateral_error": 2.1496026515960693,
      "route_progress_ratio": 0.6212654231245295,
      "min_obstacle_distance": 0.41275233030319214,
      "min_clearance": 0.06275233030319216,
      "path_length": 3.4429985555179883,
      "start_to_goal_distance": 3.4340314865112305,
      "steps": 720.0,
      "control_effort": 0.46422066874802115,
      "episode_duration": 24.0,
      "time_to_goal": null
    },
    {
      "episode_return": -82.79286994993338,
      "success": 0.0,
      "collision": 0.0,
      "distance_to_goal": 2.079716205596924,
      "route_line_lateral_error": 1.3217779397964478,
      "route_progress_ratio": 0.5658847784745381,
      "min_obstacle_distance": 0.7498149275779724,
      "min_clearance": 0.39981492757797243,
      "path_length": 3.2882446226431057,
      "start_to_goal_distance": 3.6986794471740723,
      "steps": 720.0,
      "control_effort": 0.4020633696268002,
      "episode_duration": 24.0,
      "time_to_goal": null
    },
    {
      "episode_return": -185.39571733145726,
      "success": 0.0,
      "collision": 0.0,
      "distance_to_goal": 3.2323648929595947,
      "route_line_lateral_error": 2.0068085193634033,
      "route_progress_ratio": 0.352496397903016,
      "min_obstacle_distance": 0.44898927211761475,
      "min_clearance": 0.09898927211761477,
      "path_length": 3.296164193081495,
      "start_to_goal_distance": 3.913414478302002,
      "steps": 720.0,
      "control_effort": 0.4149296739863025,
      "episode_duration": 24.0,
      "time_to_goal": null
    },
    {
      "episode_return": -127.2330646326202,
      "success": 0.0,
      "collision": 0.0,
      "distance_to_goal": 2.2747673988342285,
      "route_line_lateral_error": 1.6458227634429932,
      "route_progress_ratio": 0.5950522033378928,
      "min_obstacle_distance": 0.4744148254394531,
      "min_clearance": 0.12441482543945315,
      "path_length": 3.5973512108175782,
      "start_to_goal_distance": 3.8777763843536377,
      "steps": 720.0,
      "control_effort": 0.4802634212705824,
      "episode_duration": 24.0,
      "time_to_goal": null
    },
    {
      "episode_return": -73.12394049860343,
      "success": 0.0,
      "collision": 0.0,
      "distance_to_goal": 1.852874755859375,
      "route_line_lateral_error": 1.4061071872711182,
      "route_progress_ratio": 0.6785800339566596,
      "min_obstacle_distance": 0.5276920795440674,
      "min_clearance": 0.1776920795440674,
      "path_length": 3.3924713473243173,
      "start_to_goal_distance": 3.7541279792785645,
      "steps": 720.0,
      "control_effort": 0.46651417513688404,
      "episode_duration": 24.0,
      "time_to_goal": null
    },
    {
      "episode_return": -102.3992570159358,
      "success": 0.0,
      "collision": 0.0,
      "distance_to_goal": 2.1882331371307373,
      "route_line_lateral_error": 1.434289813041687,
      "route_progress_ratio": 0.6183615962296563,
      "min_obstacle_distance": 0.45676687359809875,