{
  "summary": {
    "train_episode": 1260,
    "stage_index": 8,
    "stage_name": "target_bypass_commit_v2",
    "stage_episode": 280,
    "stage_eval_index": 24,
    "stage_target_hit": 0.0,
    "stage_success_streak": 0,
    "stage_best_success_rate": 0.4166666567325592,
    "stage_best_collision_rate": 0.1666666716337204,
    "stage_best_avg_return": 10.393216133117676,
    "stage_bad_eval_streak": 14,
    "stage_regression_active": 1.0,
    "stage_regression_bad_eval": 1.0,
    "stage_regression_absolute_drop": 0.4166666567325592,
    "stage_regression_relative_drop": 1.0,
    "stage_regression_detected": 1.0,
    "stage_rollback_applied": 0.0,
    "stage_plateau_recovery_applied": 0.0,
    "num_episodes": 12,
    "success_rate": 0.0,
    "collision_rate": 0.5833333134651184,
    "avg_episode_return": -88.25408935546875,
    "avg_path_length": 2.1346821784973145,
    "avg_episode_duration": 13.147221565246582,
    "avg_time_to_goal": 0.0,
    "avg_distance_to_goal": 2.264453649520874,
    "avg_route_line_lateral_error": 0.40443214774131775,
    "avg_min_obstacle_distance": 0.39282357692718506,
    "avg_min_clearance": 0.04282357916235924,
    "avg_control_effort": 0.6696261763572693,
    "avg_path_efficiency": 0.0,
    "avg_steps": 394.4166564941406,
    "best_distance_to_goal": 1.0067816972732544,
    "best_route_line_lateral_error": 0.10365556180477142,
    "best_episode_return": -21.85011100769043,
    "deterministic": 1.0,
    "seed_offset": 100000
  },
  "episodes": [
    {
      "episode_return": -186.81000935151926,
      "success": 0.0,
      "collision": 0.0,
      "distance_to_goal": 2.076495885848999,
      "route_line_lateral_error": 0.5326697826385498,
      "route_progress_ratio": 0.47514648541617643,
      "min_obstacle_distance": 0.3917961120605469,
      "min_clearance": 0.0417961120605469,
      "path_length": 3.0195288658724166,
      "start_to_goal_distance": 3.8239474296569824,
      "steps": 720.0,
      "control_effort": 0.7195037392692434,
      "episode_duration": 24.0,
      "time_to_goal": null
    },
    {
      "episode_return": -38.973972230092066,
      "success": 0.0,
      "collision": 1.0,
      "distance_to_goal": 2.517927408218384,
      "route_line_lateral_error": 0.10967715829610825,
      "route_progress_ratio": 0.2714693418812265,
      "min_obstacle_distance": 0.34689027070999146,
      "min_clearance": -0.0031097292900085227,
      "path_length": 0.9782113670298713,
      "start_to_goal_distance": 3.4528915882110596,
      "steps": 137.0,
      "control_effort": 0.6539532163717451,
      "episode_duration": 4.566666666666666,
      "time_to_goal": null
    },
    {
      "episode_return": -44.675240371199735,
      "success": 0.0,
      "collision": 1.0,
      "distance_to_goal": 2.3784425258636475,
      "route_line_lateral_error": 0.18430650234222412,
      "route_progress_ratio": 0.34722978175195557,
      "min_obstacle_distance": 0.34823641180992126,
      "min_clearance": -0.0017635881900787131,
      "path_length": 1.319787658736459,
      "start_to_goal_distance": 3.632657766342163,
      "steps": 180.0,
      "control_effort": 0.6475168108940125,
      "episode_duration": 6.0,
      "time_to_goal": null
    },
    {
      "episode_return": -40.97048209452276,
      "success": 0.0,
      "collision": 1.0,
      "distance_to_goal": 1.9931378364562988,
      "route_line_lateral_error": 0.3497146666049957,
      "route_progress_ratio": 0.4262010987474101,
      "min_obstacle_distance": 0.34891223907470703,
      "min_clearance": -0.0010877609252929465,
      "path_length": 1.6150130058667855,
      "start_to_goal_distance": 3.4196953773498535,
      "steps": 212.0,
      "control_effort": 0.6872933169580856,
      "episode_duration": 7.066666666666666,
      "time_to_goal": null
    },
    {
      "episode_return": -104.57222071443768,
      "success": 0.0,
      "collision": 0.0,
      "distance_to_goal": 1.5210567712783813,
      "route_line_lateral_error": 0.42430251836776733,
      "route_progress_ratio": 0.613598676333392,
      "min_obstacle_distance": 0.41973018646240234,
      "min_clearance": 0.06973018646240237,
      "path_length": 3.7169977389276028,
      "start_to_goal_distance": 3.780210494995117,
      "steps": 720.0,
      "control_effort": 0.6664322334445185,
      "episode_duration": 24.0,
      "time_to_goal": null
    },
    {
      "episode_return": -21.850110571894852,
      "success": 0.0,
      "collision": 0.0,
      "distance_to_goal": 1.0067816972732544,
      "route_line_lateral_error": 0.3092324733734131,
      "route_progress_ratio": 0.7490097800961708,
      "min_obstacle_distance": 0.7397482991218567,
      "min_clearance": 0.3897482991218567,
      "path_length": 3.943539054103894,
      "start_to_goal_distance": 3.8173413276672363,
      "steps": 720.0,
      "control_effort": 0.6509580252485143,
      "episode_duration": 24.0,
      "time_to_goal": null
    },
    {
      "episode_return": -51.744569533622254,
      "success": 0.0,
      "collision": 1.0,
      "distance_to_goal": 2.7631077766418457,
      "route_line_lateral_error": 0.10365556180477142,
      "route_progress_ratio": 0.195941287220798,
      "min_obstacle_distance": 0.345589280128479,
      "min_clearance": -0.004410719871520974,
      "path_length": 0.7214501626513083,
      "start_to_goal_distance": 3.4340314865112305,
      "steps": 100.0,
      "control_effort": 0.6684798979759217,
      "episode_duration": 3.3333333333333335,
      "time_to_goal": null
    },
    {
      "episode_return": -266.2373081672541,
      "success": 0.0,
      "collision": 0.0,
      "distance_to_goal": 2.299185276031494,
      "route_line_lateral_error": 0.9645235538482666,
      "route_progress_ratio": 0.43572009360174496,
      "min_obstacle_distance": 0.3500988483428955,
      "min_clearance": 9.884834289553002e-05,
      "path_length": 3.085250754145818,
      "start_to_goal_distance": 3.6986794471740723,
      "steps": 720.0,
      "control_effort": 0.7102626735551489,
      "episode_duration": 24.0,
      "time_to_goal": null
    },
    {
      "episode_return": -38.10930566359755,
      "success": 0.0,
      "collision": 1.0,
      "distance_to_goal": 2.868143320083618,
      "route_line_lateral_error": 0.10940395295619965,
      "route_progress_ratio": 0.2676328815862021,
      "min_obstacle_distance": 0.3439774513244629,
      "min_clearance": -0.006022548675537087,
      "path_length": 1.077365673656459,
      "start_to_goal_distance": 3.913414478302002,
      "steps": 152.0,
      "control_effort": 0.6274493524902746,
      "episode_duration": 5.066666666666666,
      "time_to_goal": null
    },
    {
      "episode_return": -38.22465758385623,
      "success": 0.0,
      "collision": 1.0,
      "distance_to_goal": 2.933131456375122,
      "route_line_lateral_error": 0.15204833447933197,
      "route_progress_ratio": 0.2446218385198308,
      "min_obstacle_distance": 0.3482958972454071,
      "min_clearance": -0.0017041027545928733,
      "path_length": 0.9992125932330964,
      "start_to_goal_distance": 3.8777763843536377,
      "steps": 137.0,
      "control_effort": 0.6461435021275151,
      "episode_duration": 4.566666666666666,
      "time_to_goal": null
    },
    {
      "episode_return": -41.37952491442879,
      "success": 0.0,
      "collision": 1.0,
      "distance_to_goal": 2.3805575370788574,
      "route_line_lateral_error": 0.4993680417537689,
      "route_progress_ratio": 0.37999126632784525,
      "min_obstacle_distance": 0.34988582134246826,
      "min_clearance": -0.00011417865753171608,
      "path_length": 1.6128689353063237,
      "start_to_goal_distance": 3.7541279792785645,
      "steps": 215.0,
      "control_effort": 0.7022729942964953,
      "episode_duration": 7.166666666666667,
      "time_to_goal": null
    },
    {
      "episode_return": -185.5017487996841,
      "success": 0.0,
      "collision": 0.0,
      "distance_to_goal": 2.435473680496216,