{
  "summary": {
    "train_episode": 260,
    "stage_index": 4,
    "stage_name": "bridge_crossing_commit",
    "stage_episode": 20,
    "stage_eval_index": 1,
    "stage_target_hit": 0.0,
    "stage_success_streak": 0,
    "stage_best_success_rate": 1.0,
    "stage_best_collision_rate": 0.0,
    "stage_best_avg_return": 96.04788970947266,
    "stage_bad_eval_streak": 0,
    "stage_regression_active": 1.0,
    "stage_regression_bad_eval": 0.0,
    "stage_regression_absolute_drop": 0.0,
    "stage_regression_relative_drop": 0.0,
    "stage_regression_detected": 0.0,
    "stage_rollback_applied": 0.0,
    "stage_plateau_recovery_applied": 0.0,
    "num_episodes": 12,
    "success_rate": 1.0,
    "collision_rate": 0.0,
    "avg_episode_return": 96.04788970947266,
    "avg_path_length": 1.9211219549179077,
    "avg_episode_duration": 7.811110973358154,
    "avg_time_to_goal": 7.811110973358154,
    "avg_distance_to_goal": 0.9155113101005554,
    "avg_route_line_lateral_error": 0.16134938597679138,
    "avg_min_obstacle_distance": 2.060490846633911,
    "avg_min_clearance": 1.7104911804199219,
    "avg_control_effort": 0.7055368423461914,
    "avg_path_efficiency": 1.0,
    "avg_steps": 234.3333282470703,
    "best_distance_to_goal": 0.9109371304512024,
    "best_route_line_lateral_error": 0.08156516402959824,
    "best_episode_return": 101.16349029541016,
    "deterministic": 1.0,
    "seed_offset": 100000
  },
  "episodes": [
    {
      "episode_return": 96.85789211535453,
      "success": 1.0,
      "collision": 0.0,
      "distance_to_goal": 0.9176896810531616,
      "route_line_lateral_error": 0.09510771930217743,
      "route_progress_ratio": 0.6825404380650097,
      "min_obstacle_distance": 1.893808126449585,
      "min_clearance": 1.5438081264495849,
      "path_length": 1.9859501015453134,
      "start_to_goal_distance": 2.8751626014709473,
      "steps": 238.0,
      "control_effort": 0.7055239907833708,
      "episode_duration": 7.933333333333334,
      "time_to_goal": 7.933333333333334
    },
    {
      "episode_return": 93.30713070386649,
      "success": 1.0,
      "collision": 0.0,
      "distance_to_goal": 0.9192439913749695,
      "route_line_lateral_error": 0.21355748176574707,
      "route_progress_ratio": 0.6415292724286853,
      "min_obstacle_distance": 1.8214740753173828,
      "min_clearance": 1.4714740753173827,
      "path_length": 1.635093529112055,
      "start_to_goal_distance": 2.494187355041504,
      "steps": 208.0,
      "control_effort": 0.7055525140693555,
      "episode_duration": 6.933333333333334,
      "time_to_goal": 6.933333333333334
    },
    {
      "episode_return": 94.96979877370593,
      "success": 1.0,
      "collision": 0.0,
      "distance_to_goal": 0.915692150592804,
      "route_line_lateral_error": 0.1452503204345703,
      "route_progress_ratio": 0.6620954236272905,
      "min_obstacle_distance": 1.971977710723877,
      "min_clearance": 1.6219777107238769,
      "path_length": 1.7959359043015866,
      "start_to_goal_distance": 2.6756033897399902,
      "steps": 226.0,
      "control_effort": 0.7055479976455722,
      "episode_duration": 7.533333333333333,
      "time_to_goal": 7.533333333333333
    },
    {
      "episode_return": 93.3336511771679,
      "success": 1.0,
      "collision": 0.0,
      "distance_to_goal": 0.9111113548278809,
      "route_line_lateral_error": 0.10224463790655136,
      "route_progress_ratio": 0.6335824209416542,
      "min_obstacle_distance": 2.5013461112976074,
      "min_clearance": 2.1513461112976073,
      "path_length": 1.580642498403904,
      "start_to_goal_distance": 2.470832347869873,
      "steps": 196.0,
      "control_effort": 0.7055298467071689,
      "episode_duration": 6.533333333333333,
      "time_to_goal": 6.533333333333333
    },
    {
      "episode_return": 96.18259650403257,
      "success": 1.0,
      "collision": 0.0,
      "distance_to_goal": 0.9124436378479004,
      "route_line_lateral_error": 0.08156516402959824,
      "route_progress_ratio": 0.6777790363913557,
      "min_obstacle_distance": 1.5459076166152954,
      "min_clearance": 1.1959076166152953,
      "path_length": 1.9326967969536781,
      "start_to_goal_distance": 2.8203952312469482,
      "steps": 248.0,
      "control_effort": 0.7055606666591859,
      "episode_duration": 8.266666666666667,
      "time_to_goal": 8.266666666666667
    },
    {
      "episode_return": 96.73707139593363,
      "success": 1.0,
      "collision": 0.0,
      "distance_to_goal": 0.9170721769332886,
      "route_line_lateral_error": 0.22235266864299774,
      "route_progress_ratio": 0.6894036131882971,
      "min_obstacle_distance": 3.1571826934814453,
      "min_clearance": 2.8071826934814452,
      "path_length": 2.0108185899443924,
      "start_to_goal_distance": 2.864516258239746,
      "steps": 239.0,
      "control_effort": 0.7055158642545405,
      "episode_duration": 7.966666666666667,
      "time_to_goal": 7.966666666666667
    },
    {
      "episode_return": 93.43702625381945,
      "success": 1.0,
      "collision": 0.0,
      "distance_to_goal": 0.9119294285774231,
      "route_line_lateral_error": 0.15110422670841217,
      "route_progress_ratio": 0.6375880968618234,
      "min_obstacle_distance": 2.6567018032073975,
      "min_clearance": 2.3067018032073974,
      "path_length": 1.6091522844362771,
      "start_to_goal_distance": 2.4814953804016113,
      "steps": 196.0,
      "control_effort": 0.7055267758515417,
      "episode_duration": 6.533333333333333,
      "time_to_goal": 6.533333333333333
    },
    {
      "episode_return": 95.70094842368366,
      "success": 1.0,
      "collision": 0.0,
      "distance_to_goal": 0.9189243912696838,
      "route_line_lateral_error": 0.11540624499320984,
      "route_progress_ratio": 0.6686632898677489,
      "min_obstacle_distance": 1.4558231830596924,
      "min_clearance": 1.1058231830596923,
      "path_length": 1.867021321246284,
      "start_to_goal_distance": 2.7514262199401855,
      "steps": 228.0,
      "control_effort": 0.7055445415408987,
      "episode_duration": 7.6,
      "time_to_goal": 7.6
    },
    {
      "episode_return": 97.75595432269573,
      "success": 1.0,
      "collision": 0.0,
      "distance_to_goal": 0.9109371304512024,
      "route_line_lateral_error": 0.14170879125595093,
      "route_progress_ratio": 0.6965891692850387,
      "min_obstacle_distance": 2.2550547122955322,
      "min_clearance": 1.9050547122955321,
      "path_length": 2.095977627017419,
      "start_to_goal_distance": 2.965770959854126,
      "steps": 246.0,
      "control_effort": 0.7055291756381833,
      "episode_duration": 8.2,
      "time_to_goal": 8.2
    },
    {
      "episode_return": 97.2037919561267,
      "success": 1.0,
      "collision": 0.0,
      "distance_to_goal": 0.9192404747009277,
      "route_line_lateral_error": 0.20080536603927612,
      "route_progress_ratio": 0.6926397487697079,
      "min_obstacle_distance": 1.7472883462905884,
      "min_clearance": 1.3972883462905883,
      "path_length": 2.056985509771039,
      "start_to_goal_distance": 2.9185292720794678,
      "steps": 244.0,
      "control_effort": 0.705524931432771,
      "episode_duration": 8.133333333333333,
      "time_to_goal": 8.133333333333333
    },
    {
      "episode_return": 95.92548401999471,
      "success": 1.0,
      "collision": 0.0,
      "distance_to_goal": 0.9141557812690735,
      "route_line_lateral_error": 0.23375782370567322,
      "route_progress_ratio": 0.6837674241472883,
      "min_obstacle_distance": 1.713387131690979,
      "min_clearance": 1.363387131690979,
      "path_length": 1.948330798681127,
      "start_to_goal_distance": 2.7946624755859375,
      "steps": 246.0,
      "control_effort": 0.7055579433596231,
      "episode_duration": 8.2,
      "time_to_goal": 8.2
    },
    {
      "episode_return": 101.16348927593232,
      "success": 1.0,
      "collision": 0.0,
      "distance_to_goal": 0.9176955819129944,