{
  "summary": {
    "train_episode": 580,
    "stage_index": 7,
    "stage_name": "target_bypass_intro_v2",
    "stage_episode": 60,
    "stage_eval_index": 6,
    "stage_target_hit": 0.0,
    "stage_success_streak": 0,
    "stage_best_success_rate": 0.0,
    "stage_best_collision_rate": 0.0,
    "stage_best_avg_return": -73.68253326416016,
    "stage_bad_eval_streak": 1,
    "stage_regression_active": 0.0,
    "stage_regression_bad_eval": 0.0,
    "stage_regression_absolute_drop": 0.0,
    "stage_regression_relative_drop": 0.0,
    "stage_regression_detected": 0.0,
    "stage_rollback_applied": 0.0,
    "stage_plateau_recovery_applied": 0.0,
    "num_episodes": 12,
    "success_rate": 0.0,
    "collision_rate": 0.0833333358168602,
    "avg_episode_return": -46.86540222167969,
    "avg_path_length": 3.5272209644317627,
    "avg_episode_duration": 22.158334732055664,
    "avg_time_to_goal": 0.0,
    "avg_distance_to_goal": 1.3334771394729614,
    "avg_route_line_lateral_error": 1.1791499853134155,
    "avg_min_obstacle_distance": 0.8511531352996826,
    "avg_min_clearance": 0.5011531710624695,
    "avg_control_effort": 0.604095995426178,
    "avg_path_efficiency": 0.0,
    "avg_steps": 664.75,
    "best_distance_to_goal": 1.1555736064910889,
    "best_route_line_lateral_error": 0.9821823239326477,
    "best_episode_return": -30.465883255004883,
    "deterministic": 1.0,
    "seed_offset": 100000
  },
  "episodes": [
    {
      "episode_return": -38.67327765044716,
      "success": 0.0,
      "collision": 0.0,
      "distance_to_goal": 1.3281666040420532,
      "route_line_lateral_error": 1.2798562049865723,
      "route_progress_ratio": 0.8983855431439486,
      "min_obstacle_distance": 1.133502721786499,
      "min_clearance": 0.783502721786499,
      "path_length": 3.89214350230759,
      "start_to_goal_distance": 3.4931728839874268,
      "steps": 680.0,
      "control_effort": 0.6027231118258308,
      "episode_duration": 22.666666666666668,
      "time_to_goal": null
    },
    {
      "episode_return": -104.29464667443119,
      "success": 0.0,
      "collision": 1.0,
      "distance_to_goal": 1.2954680919647217,
      "route_line_lateral_error": 0.9821823239326477,
      "route_progress_ratio": 0.7370493918813261,
      "min_obstacle_distance": 0.3491328954696655,
      "min_clearance": -0.0008671045303344505,
      "path_length": 2.8808020233991556,
      "start_to_goal_distance": 3.212475061416626,
      "steps": 497.0,
      "control_effort": 0.5760128647988471,
      "episode_duration": 16.566666666666666,
      "time_to_goal": null
    },
    {
      "episode_return": -46.84299209346681,
      "success": 0.0,
      "collision": 0.0,
      "distance_to_goal": 1.3432573080062866,
      "route_line_lateral_error": 1.1642574071884155,
      "route_progress_ratio": 0.7989410459532393,
      "min_obstacle_distance": 0.6536725163459778,
      "min_clearance": 0.3036725163459778,
      "path_length": 3.34763511212077,
      "start_to_goal_distance": 3.332151174545288,
      "steps": 680.0,
      "control_effort": 0.6133642065174439,
      "episode_duration": 22.666666666666668,
      "time_to_goal": null
    },
    {
      "episode_return": -46.918242134197,
      "success": 0.0,
      "collision": 0.0,
      "distance_to_goal": 1.2329370975494385,
      "route_line_lateral_error": 1.1957240104675293,
      "route_progress_ratio": 0.9053973299537547,
      "min_obstacle_distance": 0.9530279636383057,
      "min_clearance": 0.6030279636383057,
      "path_length": 3.4966570097312797,
      "start_to_goal_distance": 3.1778056621551514,
      "steps": 680.0,
      "control_effort": 0.6112173843909713,
      "episode_duration": 22.666666666666668,
      "time_to_goal": null
    },
    {
      "episode_return": -37.49004630882234,
      "success": 0.0,
      "collision": 0.0,
      "distance_to_goal": 1.2782841920852661,
      "route_line_lateral_error": 1.1236692667007446,
      "route_progress_ratio": 0.8225735984689936,
      "min_obstacle_distance": 0.8373217582702637,
      "min_clearance": 0.4873217582702637,
      "path_length": 3.4943516479688697,
      "start_to_goal_distance": 3.4347081184387207,
      "steps": 680.0,
      "control_effort": 0.6128754735869519,
      "episode_duration": 22.666666666666668,
      "time_to_goal": null
    },
    {
      "episode_return": -57.72379631927988,
      "success": 0.0,
      "collision": 0.0,
      "distance_to_goal": 1.4138935804367065,
      "route_line_lateral_error": 1.3350348472595215,
      "route_progress_ratio": 0.8666139088768329,
      "min_obstacle_distance": 0.7507656812667847,
      "min_clearance": 0.4007656812667847,
      "path_length": 3.7362968780798838,
      "start_to_goal_distance": 3.490565299987793,
      "steps": 680.0,
      "control_effort": 0.6117106071289848,
      "episode_duration": 22.666666666666668,
      "time_to_goal": null
    },
    {
      "episode_return": -53.47352267916262,
      "success": 0.0,
      "collision": 0.0,
      "distance_to_goal": 1.3454251289367676,
      "route_line_lateral_error": 1.2295228242874146,
      "route_progress_ratio": 0.8286876839126153,
      "min_obstacle_distance": 1.0189965963363647,
      "min_clearance": 0.6689965963363648,
      "path_length": 3.419166948617203,
      "start_to_goal_distance": 3.1889052391052246,
      "steps": 680.0,
      "control_effort": 0.6163829584332073,
      "episode_duration": 22.666666666666668,
      "time_to_goal": null
    },
    {
      "episode_return": -36.89351805197444,
      "success": 0.0,
      "collision": 0.0,
      "distance_to_goal": 1.2390304803848267,
      "route_line_lateral_error": 1.119102954864502,
      "route_progress_ratio": 0.8435584069926262,
      "min_obstacle_distance": 0.8763104677200317,
      "min_clearance": 0.5263104677200318,
      "path_length": 3.4469590274384245,
      "start_to_goal_distance": 3.399315357208252,
      "steps": 680.0,
      "control_effort": 0.5959839556147071,
      "episode_duration": 22.666666666666668,
      "time_to_goal": null
    },
    {
      "episode_return": -39.27128459594156,
      "success": 0.0,
      "collision": 0.0,
      "distance_to_goal": 1.4205650091171265,
      "route_line_lateral_error": 1.0917317867279053,
      "route_progress_ratio": 0.747402810894419,
      "min_obstacle_distance": 0.8296940922737122,
      "min_clearance": 0.4796940922737122,
      "path_length": 3.3763607703731395,
      "start_to_goal_distance": 3.5982794761657715,
      "steps": 680.0,
      "control_effort": 0.6178927095497355,
      "episode_duration": 22.666666666666668,
      "time_to_goal": null
    },
    {
      "episode_return": -36.72540136206094,
      "success": 0.0,
      "collision": 0.0,
      "distance_to_goal": 1.3591669797897339,
      "route_line_lateral_error": 1.175820231437683,
      "route_progress_ratio": 0.8098872792167374,
      "min_obstacle_distance": 1.070596694946289,
      "min_clearance": 0.7205966949462891,
      "path_length": 3.62675815160037,
      "start_to_goal_distance": 3.5860257148742676,
      "steps": 680.0,
      "control_effort": 0.603920378492159,
      "episode_duration": 22.666666666666668,
      "time_to_goal": null
    },
    {
      "episode_return": -30.465883854694624,
      "success": 0.0,
      "collision": 0.0,
      "distance_to_goal": 1.1555736064910889,
      "route_line_lateral_error": 1.1282312870025635,
      "route_progress_ratio": 0.9279632427063328,
      "min_obstacle_distance": 1.0980486869812012,
      "min_clearance": 0.7480486869812012,
      "path_length": 3.8350811210111715,
      "start_to_goal_distance": 3.468921422958374,
      "steps": 680.0,
      "control_effort": 0.5955860652467784,
      "episode_duration": 22.666666666666668,
      "time_to_goal": null
    },
    {
      "episode_return": -33.612225329896766,
      "success": 0.0,
      "collision": 0.0,
      "distance_to_goal": 1.5899587869644165,
      "route_line_lateral_error": 1.3246655464172363,