{
  "episode_return": -31.680803870368486,
  "success": 0.0,
  "collision": 0.0,
  "distance_to_goal": 1.2855697870254517,
  "route_line_lateral_error": 1.1852540969848633,
  "route_progress_ratio": 0.8673839641599359,
  "min_obstacle_distance": 0.594554603099823,
  "min_clearance": 0.24455460309982302,
  "path_length": 3.747790451925539,
  "start_to_goal_distance": 3.7541279792785645,
  "steps": 720.0,
  "control_effort": 0.5746327518175046,
  "episode_duration": 24.0,
  "time_to_goal": null
}