{
  "summary": {
    "train_episode": 1120,
    "stage_index": 8,
    "stage_name": "target_bypass_commit_v2",
    "stage_episode": 140,
    "stage_eval_index": 17,
    "stage_target_hit": 0.0,
    "stage_success_streak": 0,
    "stage_best_success_rate": 0.4166666567325592,
    "stage_best_collision_rate": 0.1666666716337204,
    "stage_best_avg_return": 10.393216133117676,
    "stage_bad_eval_streak": 7,
    "stage_regression_active": 1.0,
    "stage_regression_bad_eval": 1.0,
    "stage_regression_absolute_drop": 0.4166666567325592,
    "stage_regression_relative_drop": 1.0,
    "stage_regression_detected": 1.0,
    "stage_rollback_applied": 0.0,
    "stage_plateau_recovery_applied": 0.0,
    "num_episodes": 12,
    "success_rate": 0.0,
    "collision_rate": 0.0,
    "avg_episode_return": -151.5984344482422,
    "avg_path_length": 3.619635581970215,
    "avg_episode_duration": 24.0,
    "avg_time_to_goal": 0.0,
    "avg_distance_to_goal": 3.260246515274048,
    "avg_route_line_lateral_error": 2.2004950046539307,
    "avg_min_obstacle_distance": 0.6489105224609375,
    "avg_min_clearance": 0.2989104986190796,
    "avg_control_effort": 0.5071632862091064,
    "avg_path_efficiency": 0.0,
    "avg_steps": 720.0,
    "best_distance_to_goal": 2.5031325817108154,
    "best_route_line_lateral_error": 1.8488738536834717,
    "best_episode_return": -100.25740814208984,
    "deterministic": 1.0,
    "seed_offset": 100000
  },
  "episodes": [
    {
      "episode_return": -156.43740559111865,
      "success": 0.0,
      "collision": 0.0,
      "distance_to_goal": 3.5893490314483643,
      "route_line_lateral_error": 2.227046012878418,
      "route_progress_ratio": 0.2638745122920059,
      "min_obstacle_distance": 0.7304061055183411,
      "min_clearance": 0.3804061055183411,
      "path_length": 3.5144334273645654,
      "start_to_goal_distance": 3.8239474296569824,
      "steps": 720.0,
      "control_effort": 0.4932004467066791,
      "episode_duration": 24.0,
      "time_to_goal": null
    },
    {
      "episode_return": -138.99994551096233,
      "success": 0.0,
      "collision": 0.0,
      "distance_to_goal": 2.9294440746307373,
      "route_line_lateral_error": 2.204530954360962,
      "route_progress_ratio": 0.44128946312153644,
      "min_obstacle_distance": 0.7634626030921936,
      "min_clearance": 0.4134626030921936,
      "path_length": 3.541652276762761,
      "start_to_goal_distance": 3.4528915882110596,
      "steps": 720.0,
      "control_effort": 0.5262223889844285,
      "episode_duration": 24.0,
      "time_to_goal": null
    },
    {
      "episode_return": -177.81270368637018,
      "success": 0.0,
      "collision": 0.0,
      "distance_to_goal": 3.8183953762054443,
      "route_line_lateral_error": 2.307831048965454,
      "route_progress_ratio": 0.16258316968542125,
      "min_obstacle_distance": 0.5524827241897583,
      "min_clearance": 0.20248272418975832,
      "path_length": 3.537406766365166,
      "start_to_goal_distance": 3.632657766342163,
      "steps": 720.0,
      "control_effort": 0.5022931199106905,
      "episode_duration": 24.0,
      "time_to_goal": null
    },
    {
      "episode_return": -133.82333678137854,
      "success": 0.0,
      "collision": 0.0,
      "distance_to_goal": 2.7233595848083496,
      "route_line_lateral_error": 2.331326484680176,
      "route_progress_ratio": 0.588356523580931,
      "min_obstacle_distance": 0.7065186500549316,
      "min_clearance": 0.35651865005493166,
      "path_length": 3.79982643132098,
      "start_to_goal_distance": 3.4196953773498535,
      "steps": 720.0,
      "control_effort": 0.5183793559670449,
      "episode_duration": 24.0,
      "time_to_goal": null
    },
    {
      "episode_return": -143.6913280890971,
      "success": 0.0,
      "collision": 0.0,
      "distance_to_goal": 3.266202926635742,
      "route_line_lateral_error": 2.1292407512664795,
      "route_progress_ratio": 0.34480495923395454,
      "min_obstacle_distance": 0.5490687489509583,
      "min_clearance": 0.19906874895095827,
      "path_length": 3.554292117652949,
      "start_to_goal_distance": 3.780210494995117,
      "steps": 720.0,
      "control_effort": 0.5625402849581507,
      "episode_duration": 24.0,
      "time_to_goal": null
    },
    {
      "episode_return": -154.0986615183288,
      "success": 0.0,
      "collision": 0.0,
      "distance_to_goal": 3.132025957107544,
      "route_line_lateral_error": 2.3295516967773438,
      "route_progress_ratio": 0.4515794989597835,
      "min_obstacle_distance": 0.512470006942749,
      "min_clearance": 0.16247000694274905,
      "path_length": 3.842058326379629,
      "start_to_goal_distance": 3.8173413276672363,
      "steps": 720.0,
      "control_effort": 0.5167098594622479,
      "episode_duration": 24.0,
      "time_to_goal": null
    },
    {
      "episode_return": -238.06150376915684,
      "success": 0.0,
      "collision": 0.0,
      "distance_to_goal": 3.127957344055176,
      "route_line_lateral_error": 2.3723666667938232,
      "route_progress_ratio": 0.40634627085935154,
      "min_obstacle_distance": 0.4191737174987793,
      "min_clearance": 0.06917371749877932,
      "path_length": 3.6133839445828926,
      "start_to_goal_distance": 3.4340314865112305,
      "steps": 720.0,
      "control_effort": 0.48899605150024095,
      "episode_duration": 24.0,
      "time_to_goal": null
    },
    {
      "episode_return": -125.84561544840138,
      "success": 0.0,
      "collision": 0.0,
      "distance_to_goal": 2.849828004837036,
      "route_line_lateral_error": 1.8488738536834717,
      "route_progress_ratio": 0.4136603382395049,
      "min_obstacle_distance": 0.7781798243522644,
      "min_clearance": 0.4281798243522644,
      "path_length": 3.3927483788902464,
      "start_to_goal_distance": 3.6986794471740723,
      "steps": 720.0,
      "control_effort": 0.5181835429949893,
      "episode_duration": 24.0,
      "time_to_goal": null
    },
    {
      "episode_return": -198.69112362797142,
      "success": 0.0,
      "collision": 0.0,
      "distance_to_goal": 4.572566986083984,
      "route_line_lateral_error": 2.4363911151885986,
      "route_progress_ratio": 0.011243338405207734,
      "min_obstacle_distance": 0.6855425238609314,
      "min_clearance": 0.3355425238609314,
      "path_length": 3.5425522344376077,
      "start_to_goal_distance": 3.913414478302002,
      "steps": 720.0,
      "control_effort": 0.49506733897659516,
      "episode_duration": 24.0,
      "time_to_goal": null
    },
    {
      "episode_return": -140.85043431116728,
      "success": 0.0,
      "collision": 0.0,
      "distance_to_goal": 3.3691093921661377,
      "route_line_lateral_error": 2.2444581985473633,
      "route_progress_ratio": 0.3520437333337924,
      "min_obstacle_distance": 0.6504839062690735,
      "min_clearance": 0.3004839062690735,
      "path_length": 3.543376920890296,
      "start_to_goal_distance": 3.8777763843536377,
      "steps": 720.0,
      "control_effort": 0.4861322513057126,
      "episode_duration": 24.0,
      "time_to_goal": null
    },
    {
      "episode_return": -100.25740769683247,
      "success": 0.0,
      "collision": 0.0,
      "distance_to_goal": 2.5031325817108154,
      "route_line_lateral_error": 2.0193755626678467,
      "route_progress_ratio": 0.6060018338679257,
      "min_obstacle_distance": 0.713232159614563,
      "min_clearance": 0.363232159614563,
      "path_length": 3.8481749333841435,
      "start_to_goal_distance": 3.7541279792785645,
      "steps": 720.0,
      "control_effort": 0.49752847937246164,
      "episode_duration": 24.0,
      "time_to_goal": null
    },
    {
      "episode_return": -110.61164180596033,
      "success": 0.0,
      "collision": 0.0,
      "distance_to_goal": 3.241589307785034,
      "route_line_lateral_error": 1.9549458026885986,
      "route_progress_ratio": 0.40287786024181294,
      "min_obstacle_distance": 0.7259049415588379,