{
  "summary": {
    "train_episode": 200,
    "stage_index": 3,
    "stage_name": "bridge_crossing_easy",
    "stage_episode": 40,
    "stage_eval_index": 2,
    "stage_target_hit": 0.0,
    "stage_success_streak": 0,
    "stage_best_success_rate": 1.0,
    "stage_best_collision_rate": 0.0,
    "stage_best_avg_return": 99.56147003173828,
    "stage_bad_eval_streak": 0,
    "stage_regression_active": 1.0,
    "stage_regression_bad_eval": 0.0,
    "stage_regression_absolute_drop": 0.0,
    "stage_regression_relative_drop": 0.0,
    "stage_regression_detected": 0.0,
    "stage_rollback_applied": 0.0,
    "stage_plateau_recovery_applied": 0.0,
    "num_episodes": 12,
    "success_rate": 1.0,
    "collision_rate": 0.0,
    "avg_episode_return": 99.55887603759766,
    "avg_path_length": 1.4695734977722168,
    "avg_episode_duration": 6.041666507720947,
    "avg_time_to_goal": 6.041666507720947,
    "avg_distance_to_goal": 0.9774618744850159,
    "avg_route_line_lateral_error": 0.21906660497188568,
    "avg_min_obstacle_distance": 2.368678569793701,
    "avg_min_clearance": 2.0186784267425537,
    "avg_control_effort": 0.7099342346191406,
    "avg_path_efficiency": 1.0,
    "avg_steps": 181.25,
    "best_distance_to_goal": 0.9741231799125671,
    "best_route_line_lateral_error": 0.14134013652801514,
    "best_episode_return": 104.5117416381836,
    "deterministic": 1.0,
    "seed_offset": 100000
  },
  "episodes": [
    {
      "episode_return": 100.52216191524263,
      "success": 1.0,
      "collision": 0.0,
      "distance_to_goal": 0.9755122065544128,
      "route_line_lateral_error": 0.2408488243818283,
      "route_progress_ratio": 0.619789208897111,
      "min_obstacle_distance": 2.4450838565826416,
      "min_clearance": 2.0950838565826415,
      "path_length": 1.5860709827102255,
      "start_to_goal_distance": 2.486285924911499,
      "steps": 196.0,
      "control_effort": 0.7099345365957338,
      "episode_duration": 6.533333333333333,
      "time_to_goal": 6.533333333333333
    },
    {
      "episode_return": 96.74219718110561,
      "success": 1.0,
      "collision": 0.0,
      "distance_to_goal": 0.9788247346878052,
      "route_line_lateral_error": 0.16180957853794098,
      "route_progress_ratio": 0.5389558048185162,
      "min_obstacle_distance": 2.1957039833068848,
      "min_clearance": 1.8457039833068847,
      "path_length": 1.157683483324945,
      "start_to_goal_distance": 2.09385085105896,
      "steps": 143.0,
      "control_effort": 0.7099344855421906,
      "episode_duration": 4.766666666666667,
      "time_to_goal": 4.766666666666667
    },
    {
      "episode_return": 98.8220035939813,
      "success": 1.0,
      "collision": 0.0,
      "distance_to_goal": 0.9794895052909851,
      "route_line_lateral_error": 0.17165976762771606,
      "route_progress_ratio": 0.580386923889718,
      "min_obstacle_distance": 2.113650321960449,
      "min_clearance": 1.7636503219604491,
      "path_length": 1.359881476557348,
      "start_to_goal_distance": 2.2981417179107666,
      "steps": 161.0,
      "control_effort": 0.7099339765791567,
      "episode_duration": 5.366666666666666,
      "time_to_goal": 5.366666666666666
    },
    {
      "episode_return": 96.54090741539002,
      "success": 1.0,
      "collision": 0.0,
      "distance_to_goal": 0.9794787168502808,
      "route_line_lateral_error": 0.16637180745601654,
      "route_progress_ratio": 0.5347027719463664,
      "min_obstacle_distance": 2.4363512992858887,
      "min_clearance": 2.0863512992858886,
      "path_length": 1.133616266422905,
      "start_to_goal_distance": 2.0744709968566895,
      "steps": 141.0,
      "control_effort": 0.7099344747286316,
      "episode_duration": 4.7,
      "time_to_goal": 4.7
    },
    {
      "episode_return": 100.34238840013747,
      "success": 1.0,
      "collision": 0.0,
      "distance_to_goal": 0.9785379767417908,
      "route_line_lateral_error": 0.23545870184898376,
      "route_progress_ratio": 0.6138702761173559,
      "min_obstacle_distance": 2.2657132148742676,
      "min_clearance": 1.9157132148742675,
      "path_length": 1.5447882419684902,
      "start_to_goal_distance": 2.4597620964050293,
      "steps": 185.0,
      "control_effort": 0.7099340280971012,
      "episode_duration": 6.166666666666667,
      "time_to_goal": 6.166666666666667
    },
    {
      "episode_return": 100.27605720269679,
      "success": 1.0,
      "collision": 0.0,
      "distance_to_goal": 0.9793801307678223,
      "route_line_lateral_error": 0.3013962209224701,
      "route_progress_ratio": 0.6236991580065819,
      "min_obstacle_distance": 3.0985262393951416,
      "min_clearance": 2.7485262393951415,
      "path_length": 1.5989135985146277,
      "start_to_goal_distance": 2.476344585418701,
      "steps": 202.0,
      "control_effort": 0.709934678998324,
      "episode_duration": 6.733333333333333,
      "time_to_goal": 6.733333333333333
    },
    {
      "episode_return": 96.68660811823605,
      "success": 1.0,
      "collision": 0.0,
      "distance_to_goal": 0.9762158393859863,
      "route_line_lateral_error": 0.14134013652801514,
      "route_progress_ratio": 0.5370371259154637,
      "min_obstacle_distance": 2.707359552383423,
      "min_clearance": 2.3573595523834228,
      "path_length": 1.1376994992024265,
      "start_to_goal_distance": 2.0864081382751465,
      "steps": 143.0,
      "control_effort": 0.7099347118731145,
      "episode_duration": 4.766666666666667,
      "time_to_goal": 4.766666666666667
    },
    {
      "episode_return": 99.27669608420132,
      "success": 1.0,
      "collision": 0.0,
      "distance_to_goal": 0.9748408198356628,
      "route_line_lateral_error": 0.1992531567811966,
      "route_progress_ratio": 0.594932406379055,
      "min_obstacle_distance": 2.343888759613037,
      "min_clearance": 1.993888759613037,
      "path_length": 1.4319680484768469,
      "start_to_goal_distance": 2.355804920196533,
      "steps": 179.0,
      "control_effort": 0.7099341563672327,
      "episode_duration": 5.966666666666667,
      "time_to_goal": 5.966666666666667
    },
    {
      "episode_return": 101.05881723606585,
      "success": 1.0,
      "collision": 0.0,
      "distance_to_goal": 0.9791371822357178,
      "route_line_lateral_error": 0.21430034935474396,
      "route_progress_ratio": 0.6242883968487412,
      "min_obstacle_distance": 2.342982292175293,
      "min_clearance": 1.9929822921752929,
      "path_length": 1.6237182778131682,
      "start_to_goal_distance": 2.5429024696350098,
      "steps": 201.0,
      "control_effort": 0.7099338995283516,
      "episode_duration": 6.7,
      "time_to_goal": 6.7
    },
    {
      "episode_return": 100.42689781439306,
      "success": 1.0,
      "collision": 0.0,
      "distance_to_goal": 0.9793788194656372,
      "route_line_lateral_error": 0.23040618002414703,
      "route_progress_ratio": 0.616852785301802,
      "min_obstacle_distance": 2.422222375869751,
      "min_clearance": 2.072222375869751,
      "path_length": 1.5644472840649541,
      "start_to_goal_distance": 2.4843990802764893,
      "steps": 198.0,
      "control_effort": 0.709934530234096,
      "episode_duration": 6.6,
      "time_to_goal": 6.6
    },
    {
      "episode_return": 99.5001368204951,
      "success": 1.0,
      "collision": 0.0,
      "distance_to_goal": 0.9741231799125671,
      "route_line_lateral_error": 0.2745349407196045,
      "route_progress_ratio": 0.6072255455344089,
      "min_obstacle_distance": 2.1676931381225586,
      "min_clearance": 1.8176931381225585,
      "path_length": 1.4860173048218712,
      "start_to_goal_distance": 2.37957763671875,
      "steps": 183.0,
      "control_effort": 0.7099338063125402,
      "episode_duration": 6.1,
      "time_to_goal": 6.1
    },
    {
      "episode_return": 104.51174534094332,
      "success": 1.0,
      "collision": 0.0,
      "distance_to_goal": 0.9746237993240356,
      "route_line_lateral_error": 0.29141953587532043,