{
  "summary": {
    "train_episode": 640,
    "stage_index": 7,
    "stage_name": "target_bypass_intro_v2",
    "stage_episode": 40,
    "stage_eval_index": 9,
    "stage_target_hit": 0.0,
    "stage_success_streak": 0,
    "stage_best_success_rate": 0.0,
    "stage_best_collision_rate": 0.0,
    "stage_best_avg_return": -73.68253326416016,
    "stage_bad_eval_streak": 0,
    "stage_regression_active": 0.0,
    "stage_regression_bad_eval": 0.0,
    "stage_regression_absolute_drop": 0.0,
    "stage_regression_relative_drop": 0.0,
    "stage_regression_detected": 0.0,
    "stage_rollback_applied": 0.0,
    "stage_plateau_recovery_applied": 1.0,
    "num_episodes": 12,
    "success_rate": 0.0,
    "collision_rate": 0.1666666716337204,
    "avg_episode_return": -77.9814682006836,
    "avg_path_length": 3.501882553100586,
    "avg_episode_duration": 22.16666603088379,
    "avg_time_to_goal": 0.0,
    "avg_distance_to_goal": 1.7007384300231934,
    "avg_route_line_lateral_error": 1.5849862098693848,
    "avg_min_obstacle_distance": 0.6914181113243103,
    "avg_min_clearance": 0.34141805768013,
    "avg_control_effort": 0.6202068328857422,
    "avg_path_efficiency": 0.0,
    "avg_steps": 665.0,
    "best_distance_to_goal": 1.4144401550292969,
    "best_route_line_lateral_error": 1.273121953010559,
    "best_episode_return": -47.64067077636719,
    "deterministic": 1.0,
    "seed_offset": 100000
  },
  "episodes": [
    {
      "episode_return": -64.51644319874465,
      "success": 0.0,
      "collision": 0.0,
      "distance_to_goal": 1.7600977420806885,
      "route_line_lateral_error": 1.6305675506591797,
      "route_progress_ratio": 0.8102823280923656,
      "min_obstacle_distance": 0.9935953617095947,
      "min_clearance": 0.6435953617095947,
      "path_length": 3.532684572986909,
      "start_to_goal_distance": 3.4931728839874268,
      "steps": 680.0,
      "control_effort": 0.6133832333719029,
      "episode_duration": 22.666666666666668,
      "time_to_goal": null
    },
    {
      "episode_return": -66.23921500183279,
      "success": 0.0,
      "collision": 0.0,
      "distance_to_goal": 1.653546929359436,
      "route_line_lateral_error": 1.6224236488342285,
      "route_progress_ratio": 0.9006032092540227,
      "min_obstacle_distance": 0.8325341939926147,
      "min_clearance": 0.48253419399261477,
      "path_length": 3.5613861387537327,
      "start_to_goal_distance": 3.212475061416626,
      "steps": 680.0,
      "control_effort": 0.6237031389685238,
      "episode_duration": 22.666666666666668,
      "time_to_goal": null
    },
    {
      "episode_return": -76.12839218785064,
      "success": 0.0,
      "collision": 0.0,
      "distance_to_goal": 1.8267858028411865,
      "route_line_lateral_error": 1.7519376277923584,
      "route_progress_ratio": 0.8446790600065612,
      "min_obstacle_distance": 0.7522909641265869,
      "min_clearance": 0.40229096412658694,
      "path_length": 3.544743728765752,
      "start_to_goal_distance": 3.332151174545288,
      "steps": 680.0,
      "control_effort": 0.6277831659597509,
      "episode_duration": 22.666666666666668,
      "time_to_goal": null
    },
    {
      "episode_return": -134.7118003541571,
      "success": 0.0,
      "collision": 0.0,
      "distance_to_goal": 1.6622999906539917,
      "route_line_lateral_error": 1.6568729877471924,
      "route_progress_ratio": 0.9577652195644536,
      "min_obstacle_distance": 0.4462389647960663,
      "min_clearance": 0.0962389647960663,
      "path_length": 3.7186022803361993,
      "start_to_goal_distance": 3.1778056621551514,
      "steps": 680.0,
      "control_effort": 0.6157495135770125,
      "episode_duration": 22.666666666666668,
      "time_to_goal": null
    },
    {
      "episode_return": -64.94473217676483,
      "success": 0.0,
      "collision": 0.0,
      "distance_to_goal": 1.7709441184997559,
      "route_line_lateral_error": 1.6614844799041748,
      "route_progress_ratio": 0.8215413352991522,
      "min_obstacle_distance": 0.9035205245018005,
      "min_clearance": 0.5535205245018006,
      "path_length": 3.4971661200688686,
      "start_to_goal_distance": 3.4347081184387207,
      "steps": 680.0,
      "control_effort": 0.6206048370284193,
      "episode_duration": 22.666666666666668,
      "time_to_goal": null
    },
    {
      "episode_return": -118.51714198067305,
      "success": 0.0,
      "collision": 1.0,
      "distance_to_goal": 1.7442549467086792,
      "route_line_lateral_error": 1.6255228519439697,
      "route_progress_ratio": 0.8187871008706538,
      "min_obstacle_distance": 0.3484048843383789,
      "min_clearance": -0.0015951156616210715,
      "path_length": 3.4586928715289105,
      "start_to_goal_distance": 3.490565299987793,
      "steps": 614.0,
      "control_effort": 0.6248929966544484,
      "episode_duration": 20.466666666666665,
      "time_to_goal": null
    },
    {
      "episode_return": -74.6306742473015,
      "success": 0.0,
      "collision": 1.0,
      "distance_to_goal": 1.4438713788986206,
      "route_line_lateral_error": 1.273121953010559,
      "route_progress_ratio": 0.7864093334264407,
      "min_obstacle_distance": 0.3459579646587372,
      "min_clearance": -0.004042035341262795,
      "path_length": 3.048592718958389,
      "start_to_goal_distance": 3.1889052391052246,
      "steps": 566.0,
      "control_effort": 0.615436021830926,
      "episode_duration": 18.866666666666667,
      "time_to_goal": null
    },
    {
      "episode_return": -48.51858244632352,
      "success": 0.0,
      "collision": 0.0,
      "distance_to_goal": 1.4144401550292969,
      "route_line_lateral_error": 1.2812846899032593,
      "route_progress_ratio": 0.8237513713582819,
      "min_obstacle_distance": 0.6513602137565613,
      "min_clearance": 0.3013602137565613,
      "path_length": 3.2772363986005075,
      "start_to_goal_distance": 3.399315357208252,
      "steps": 680.0,
      "control_effort": 0.6198830929749152,
      "episode_duration": 22.666666666666668,
      "time_to_goal": null
    },
    {
      "episode_return": -66.1314444689032,
      "success": 0.0,
      "collision": 0.0,
      "distance_to_goal": 1.8977164030075073,
      "route_line_lateral_error": 1.698218584060669,
      "route_progress_ratio": 0.7646142616773955,
      "min_obstacle_distance": 0.8131932020187378,
      "min_clearance": 0.4631932020187378,
      "path_length": 3.403510758362245,
      "start_to_goal_distance": 3.5982794761657715,
      "steps": 680.0,
      "control_effort": 0.6284419108839596,
      "episode_duration": 22.666666666666668,
      "time_to_goal": null
    },
    {
      "episode_return": -64.73538643227114,
      "success": 0.0,
      "collision": 0.0,
      "distance_to_goal": 1.8570926189422607,
      "route_line_lateral_error": 1.7541218996047974,
      "route_progress_ratio": 0.8299525918759285,
      "min_obstacle_distance": 1.005907654762268,
      "min_clearance": 0.6559076547622681,
      "path_length": 3.627743014076259,
      "start_to_goal_distance": 3.5860257148742676,
      "steps": 680.0,
      "control_effort": 0.6230905248838312,
      "episode_duration": 22.666666666666668,
      "time_to_goal": null
    },
    {
      "episode_return": -109.06297018683972,
      "success": 0.0,
      "collision": 0.0,
      "distance_to_goal": 1.5190649032592773,
      "route_line_lateral_error": 1.4652934074401855,
      "route_progress_ratio": 0.884519905584379,
      "min_obstacle_distance": 0.3587076663970947,
      "min_clearance": 0.008707666397094749,
      "path_length": 3.677947160496842,
      "start_to_goal_distance": 3.468921422958374,
      "steps": 680.0,
      "control_effort": 0.6116176673594643,
      "episode_duration": 22.666666666666668,
      "time_to_goal": null
    },
    {
      "episode_return": -47.64066971087443,
      "success": 0.0,
      "collision": 0.0,
      "distance_to_goal": 1.858747124671936,
      "route_line_lateral_error": 1.5989857912063599,