{
  "summary": {
    "train_episode": 760,
    "stage_index": 7,
    "stage_name": "target_bypass_intro_v2",
    "stage_episode": 120,
    "stage_eval_index": 15,
    "stage_target_hit": 0.0,
    "stage_success_streak": 0,
    "stage_best_success_rate": 0.9166666865348816,
    "stage_best_collision_rate": 0.0833333358168602,
    "stage_best_avg_return": 102.0121078491211,
    "stage_bad_eval_streak": 0,
    "stage_regression_active": 1.0,
    "stage_regression_bad_eval": 1.0,
    "stage_regression_absolute_drop": 0.5000000298023224,
    "stage_regression_relative_drop": 0.5454545661437605,
    "stage_regression_detected": 1.0,
    "stage_rollback_applied": 1.0,
    "stage_plateau_recovery_applied": 0.0,
    "num_episodes": 12,
    "success_rate": 0.4166666567325592,
    "collision_rate": 0.0,
    "avg_episode_return": 21.91729164123535,
    "avg_path_length": 3.8664743900299072,
    "avg_episode_duration": 20.825000762939453,
    "avg_time_to_goal": 18.246665954589844,
    "avg_distance_to_goal": 1.042148232460022,
    "avg_route_line_lateral_error": 1.0006664991378784,
    "avg_min_obstacle_distance": 0.7286375164985657,
    "avg_min_clearance": 0.37863752245903015,
    "avg_control_effort": 0.6208056211471558,
    "avg_path_efficiency": 0.40698280930519104,
    "avg_steps": 624.75,
    "best_distance_to_goal": 0.8964137434959412,
    "best_route_line_lateral_error": 0.5984509587287903,
    "best_episode_return": 139.60804748535156,
    "deterministic": 1.0,
    "seed_offset": 100000
  },
  "episodes": [
    {
      "episode_return": 124.73106506022894,
      "success": 1.0,
      "collision": 0.0,
      "distance_to_goal": 0.8999918699264526,
      "route_line_lateral_error": 0.8918566703796387,
      "route_progress_ratio": 0.9654370914946249,
      "min_obstacle_distance": 0.8888698220252991,
      "min_clearance": 0.5388698220252991,
      "path_length": 3.7922478847613093,
      "start_to_goal_distance": 3.4931728839874268,
      "steps": 612.0,
      "control_effort": 0.6120528841719908,
      "episode_duration": 20.4,
      "time_to_goal": 20.4
    },
    {
      "episode_return": -144.4153109655852,
      "success": 0.0,
      "collision": 0.0,
      "distance_to_goal": 1.3696258068084717,
      "route_line_lateral_error": 1.3696258068084717,
      "route_progress_ratio": 1.0,
      "min_obstacle_distance": 0.3972192406654358,
      "min_clearance": 0.04721924066543581,
      "path_length": 4.271088906913064,
      "start_to_goal_distance": 3.212475061416626,
      "steps": 680.0,
      "control_effort": 0.6285097640226869,
      "episode_duration": 22.666666666666668,
      "time_to_goal": null
    },
    {
      "episode_return": -40.19981532129545,
      "success": 0.0,
      "collision": 0.0,
      "distance_to_goal": 1.166212558746338,
      "route_line_lateral_error": 1.1662124395370483,
      "route_progress_ratio": 1.0,
      "min_obstacle_distance": 0.5787233114242554,
      "min_clearance": 0.2287233114242554,
      "path_length": 4.142255715414649,
      "start_to_goal_distance": 3.332151174545288,
      "steps": 680.0,
      "control_effort": 0.6213692992925643,
      "episode_duration": 22.666666666666668,
      "time_to_goal": null
    },
    {
      "episode_return": -35.9896029624483,
      "success": 0.0,
      "collision": 0.0,
      "distance_to_goal": 1.0015885829925537,
      "route_line_lateral_error": 1.0015887022018433,
      "route_progress_ratio": 1.0,
      "min_obstacle_distance": 0.944732666015625,
      "min_clearance": 0.594732666015625,
      "path_length": 3.9687327774154255,
      "start_to_goal_distance": 3.1778056621551514,
      "steps": 680.0,
      "control_effort": 0.611912355834947,
      "episode_duration": 22.666666666666668,
      "time_to_goal": null
    },
    {
      "episode_return": 130.10172775522508,
      "success": 1.0,
      "collision": 0.0,
      "distance_to_goal": 0.8976672887802124,
      "route_line_lateral_error": 0.8623955845832825,
      "route_progress_ratio": 0.9274583669126023,
      "min_obstacle_distance": 0.7708365321159363,
      "min_clearance": 0.4208365321159363,
      "path_length": 3.566049255838152,
      "start_to_goal_distance": 3.4347081184387207,
      "steps": 563.0,
      "control_effort": 0.6243009687952208,
      "episode_duration": 18.766666666666666,
      "time_to_goal": 18.766666666666666
    },
    {
      "episode_return": -51.19370481120958,
      "success": 0.0,
      "collision": 0.0,
      "distance_to_goal": 1.302666187286377,
      "route_line_lateral_error": 1.302666187286377,
      "route_progress_ratio": 1.0,
      "min_obstacle_distance": 0.5712398290634155,
      "min_clearance": 0.22123982906341555,
      "path_length": 4.208171312246122,
      "start_to_goal_distance": 3.490565299987793,
      "steps": 680.0,
      "control_effort": 0.6314860396963708,
      "episode_duration": 22.666666666666668,
      "time_to_goal": null
    },
    {
      "episode_return": -43.11725200687804,
      "success": 0.0,
      "collision": 0.0,
      "distance_to_goal": 1.156912922859192,
      "route_line_lateral_error": 1.156912922859192,
      "route_progress_ratio": 1.0,
      "min_obstacle_distance": 0.9912168383598328,
      "min_clearance": 0.6412168383598328,
      "path_length": 4.179983900277875,
      "start_to_goal_distance": 3.1889052391052246,
      "steps": 680.0,
      "control_effort": 0.6159572801169227,
      "episode_duration": 22.666666666666668,
      "time_to_goal": null
    },
    {
      "episode_return": 139.6080443688253,
      "success": 1.0,
      "collision": 0.0,
      "distance_to_goal": 0.8982153534889221,
      "route_line_lateral_error": 0.5984509587287903,
      "route_progress_ratio": 0.8029569437335257,
      "min_obstacle_distance": 0.6531317830085754,
      "min_clearance": 0.30313178300857546,
      "path_length": 2.906304131523939,
      "start_to_goal_distance": 3.399315357208252,
      "steps": 453.0,
      "control_effort": 0.6238607220828665,
      "episode_duration": 15.1,
      "time_to_goal": 15.1
    },
    {
      "episode_return": 134.56184157625535,
      "success": 1.0,
      "collision": 0.0,
      "distance_to_goal": 0.899074375629425,
      "route_line_lateral_error": 0.8566519021987915,
      "route_progress_ratio": 0.9241541270310553,
      "min_obstacle_distance": 0.7099006175994873,
      "min_clearance": 0.3599006175994873,
      "path_length": 3.600116409070324,
      "start_to_goal_distance": 3.5982794761657715,
      "steps": 568.0,
      "control_effort": 0.614063394006709,
      "episode_duration": 18.933333333333334,
      "time_to_goal": 18.933333333333334
    },
    {
      "episode_return": -20.868806911079986,
      "success": 0.0,
      "collision": 0.0,
      "distance_to_goal": 1.030393123626709,
      "route_line_lateral_error": 1.0303930044174194,
      "route_progress_ratio": 1.0,
      "min_obstacle_distance": 0.9526993632316589,
      "min_clearance": 0.602699363231659,
      "path_length": 4.224617691128515,
      "start_to_goal_distance": 3.5860257148742676,
      "steps": 680.0,
      "control_effort": 0.6206257112324238,
      "episode_duration": 22.666666666666668,
      "time_to_goal": null
    },
    {
      "episode_return": 131.58975181854476,
      "success": 1.0,
      "collision": 0.0,
      "distance_to_goal": 0.8964137434959412,
      "route_line_lateral_error": 0.8127284049987793,
      "route_progress_ratio": 0.8909766661344682,
      "min_obstacle_distance": 0.8409188985824585,
      "min_clearance": 0.4909188985824585,
      "path_length": 3.404614021026646,
      "start_to_goal_distance": 3.468921422958374,
      "steps": 541.0,
      "control_effort": 0.6231597247714256,
      "episode_duration": 18.033333333333335,
      "time_to_goal": 18.033333333333335
    },
    {
      "episode_return": -61.8004453613657,
      "success": 0.0,
      "collision": 0.0,
      "distance_to_goal": 0.9870156049728394,
      "route_line_lateral_error": 0.9585152268409729,