{
  "summary": {
    "train_episode": 660,
    "stage_index": 7,
    "stage_name": "target_bypass_intro_v2",
    "stage_episode": 20,
    "stage_eval_index": 10,
    "stage_target_hit": 0.0,
    "stage_success_streak": 0,
    "stage_best_success_rate": 0.9166666865348816,
    "stage_best_collision_rate": 0.0833333358168602,
    "stage_best_avg_return": 102.0121078491211,
    "stage_bad_eval_streak": 0,
    "stage_regression_active": 1.0,
    "stage_regression_bad_eval": 0.0,
    "stage_regression_absolute_drop": 0.0,
    "stage_regression_relative_drop": 0.0,
    "stage_regression_detected": 0.0,
    "stage_rollback_applied": 0.0,
    "stage_plateau_recovery_applied": 0.0,
    "num_episodes": 12,
    "success_rate": 0.9166666865348816,
    "collision_rate": 0.0833333358168602,
    "avg_episode_return": 102.0121078491211,
    "avg_path_length": 3.07141375541687,
    "avg_episode_duration": 16.274999618530273,
    "avg_time_to_goal": 16.842424392700195,
    "avg_distance_to_goal": 0.9442269206047058,
    "avg_route_line_lateral_error": 0.6756886839866638,
    "avg_min_obstacle_distance": 0.588793933391571,
    "avg_min_clearance": 0.2387939691543579,
    "avg_control_effort": 0.6454105973243713,
    "avg_path_efficiency": 0.9117591977119446,
    "avg_steps": 488.25,
    "best_distance_to_goal": 0.8956536650657654,
    "best_route_line_lateral_error": 0.5289735794067383,
    "best_episode_return": 141.240478515625,
    "deterministic": 1.0,
    "seed_offset": 100000
  },
  "episodes": [
    {
      "episode_return": 129.74642066341644,
      "success": 1.0,
      "collision": 0.0,
      "distance_to_goal": 0.8981562852859497,
      "route_line_lateral_error": 0.6348576545715332,
      "route_progress_ratio": 0.8181232014979563,
      "min_obstacle_distance": 0.5514522194862366,
      "min_clearance": 0.2014522194862366,
      "path_length": 3.0721244335582014,
      "start_to_goal_distance": 3.4931728839874268,
      "steps": 481.0,
      "control_effort": 0.6439900742746936,
      "episode_duration": 16.033333333333335,
      "time_to_goal": 16.033333333333335
    },
    {
      "episode_return": -54.13877759076579,
      "success": 0.0,
      "collision": 1.0,
      "distance_to_goal": 1.455776333808899,
      "route_line_lateral_error": 0.640320897102356,
      "route_progress_ratio": 0.5930264566152373,
      "min_obstacle_distance": 0.34807419776916504,
      "min_clearance": -0.0019258022308349387,
      "path_length": 2.058743645233335,
      "start_to_goal_distance": 3.212475061416626,
      "steps": 301.0,
      "control_effort": 0.6629605604168585,
      "episode_duration": 10.033333333333333,
      "time_to_goal": null
    },
    {
      "episode_return": 111.0724022335314,
      "success": 1.0,
      "collision": 0.0,
      "distance_to_goal": 0.8997723460197449,
      "route_line_lateral_error": 0.669321596622467,
      "route_progress_ratio": 0.8195367004494473,
      "min_obstacle_distance": 0.49787572026252747,
      "min_clearance": 0.1478757202625275,
      "path_length": 2.9165419832861517,
      "start_to_goal_distance": 3.332151174545288,
      "steps": 470.0,
      "control_effort": 0.63756542091674,
      "episode_duration": 15.666666666666666,
      "time_to_goal": 15.666666666666666
    },
    {
      "episode_return": 130.42173806155748,
      "success": 1.0,
      "collision": 0.0,
      "distance_to_goal": 0.8966317772865295,
      "route_line_lateral_error": 0.7816041707992554,
      "route_progress_ratio": 0.8617389279946113,
      "min_obstacle_distance": 0.8291225433349609,
      "min_clearance": 0.47912254333496096,
      "path_length": 3.0397858588075906,
      "start_to_goal_distance": 3.1778056621551514,
      "steps": 478.0,
      "control_effort": 0.65263148207046,
      "episode_duration": 15.933333333333334,
      "time_to_goal": 15.933333333333334
    },
    {
      "episode_return": 85.12540109812525,
      "success": 1.0,
      "collision": 0.0,
      "distance_to_goal": 0.8989810943603516,
      "route_line_lateral_error": 0.5825914740562439,
      "route_progress_ratio": 0.800665338072956,
      "min_obstacle_distance": 0.44954556226730347,
      "min_clearance": 0.09954556226730349,
      "path_length": 2.947347069712123,
      "start_to_goal_distance": 3.4347081184387207,
      "steps": 445.0,
      "control_effort": 0.6411253933156474,
      "episode_duration": 14.833333333333334,
      "time_to_goal": 14.833333333333334
    },
    {
      "episode_return": 83.31757872597373,
      "success": 1.0,
      "collision": 0.0,
      "distance_to_goal": 0.8981394171714783,
      "route_line_lateral_error": 0.8771583437919617,
      "route_progress_ratio": 0.9447090985740096,
      "min_obstacle_distance": 0.49808111786842346,
      "min_clearance": 0.14808111786842348,
      "path_length": 3.708986528121386,
      "start_to_goal_distance": 3.490565299987793,
      "steps": 594.0,
      "control_effort": 0.6545398600575097,
      "episode_duration": 19.8,
      "time_to_goal": 19.8
    },
    {
      "episode_return": 130.46437801598069,
      "success": 1.0,
      "collision": 0.0,
      "distance_to_goal": 0.8966144919395447,
      "route_line_lateral_error": 0.7241634130477905,
      "route_progress_ratio": 0.8342119220607513,
      "min_obstacle_distance": 0.8144806027412415,
      "min_clearance": 0.4644806027412415,
      "path_length": 2.9559772181819426,
      "start_to_goal_distance": 3.1889052391052246,
      "steps": 480.0,
      "control_effort": 0.645030377805233,
      "episode_duration": 16.0,
      "time_to_goal": 16.0
    },
    {
      "episode_return": 138.2698935926616,
      "success": 1.0,
      "collision": 0.0,
      "distance_to_goal": 0.8980324268341064,
      "route_line_lateral_error": 0.5289735794067383,
      "route_progress_ratio": 0.786514110699842,
      "min_obstacle_distance": 0.7089724540710449,
      "min_clearance": 0.35897245407104494,
      "path_length": 2.9112264070063247,
      "start_to_goal_distance": 3.399315357208252,
      "steps": 474.0,
      "control_effort": 0.6420225738724575,
      "episode_duration": 15.8,
      "time_to_goal": 15.8
    },
    {
      "episode_return": 60.53898677042415,
      "success": 1.0,
      "collision": 0.0,
      "distance_to_goal": 0.8984711766242981,
      "route_line_lateral_error": 0.5893089175224304,
      "route_progress_ratio": 0.8115188442725478,
      "min_obstacle_distance": 0.4602193534374237,
      "min_clearance": 0.11021935343742373,
      "path_length": 3.1045120431663236,
      "start_to_goal_distance": 3.5982794761657715,
      "steps": 522.0,
      "control_effort": 0.6320001182656635,
      "episode_duration": 17.4,
      "time_to_goal": 17.4
    },
    {
      "episode_return": 130.7127107780334,
      "success": 1.0,
      "collision": 0.0,
      "distance_to_goal": 0.8963487148284912,
      "route_line_lateral_error": 0.7275682091712952,
      "route_progress_ratio": 0.8540078301259195,
      "min_obstacle_distance": 0.564882755279541,
      "min_clearance": 0.21488275527954104,
      "path_length": 3.303569902549498,
      "start_to_goal_distance": 3.5860257148742676,
      "steps": 547.0,
      "control_effort": 0.6357578052245285,
      "episode_duration": 18.233333333333334,
      "time_to_goal": 18.233333333333334
    },
    {
      "episode_return": 137.37406490058754,
      "success": 1.0,
      "collision": 0.0,
      "distance_to_goal": 0.8981443643569946,
      "route_line_lateral_error": 0.6942591071128845,
      "route_progress_ratio": 0.8357425793543253,
      "min_obstacle_distance": 0.6942102909088135,
      "min_clearance": 0.3442102909088135,
      "path_length": 3.1805941746133612,
      "start_to_goal_distance": 3.468921422958374,
      "steps": 476.0,
      "control_effort": 0.6537908016383147,
      "episode_duration": 15.866666666666667,
      "time_to_goal": 15.866666666666667
    },
    {
      "episode_return": 141.24048249799006,
      "success": 1.0,
      "collision": 0.0,