{
  "summary": {
    "train_episode": 740,
    "stage_index": 7,
    "stage_name": "target_bypass_intro_v2",
    "stage_episode": 100,
    "stage_eval_index": 14,
    "stage_target_hit": 0.0,
    "stage_success_streak": 0,
    "stage_best_success_rate": 0.9166666865348816,
    "stage_best_collision_rate": 0.0833333358168602,
    "stage_best_avg_return": 102.0121078491211,
    "stage_bad_eval_streak": 0,
    "stage_regression_active": 1.0,
    "stage_regression_bad_eval": 1.0,
    "stage_regression_absolute_drop": 0.5833333432674408,
    "stage_regression_relative_drop": 0.6363636334080343,
    "stage_regression_detected": 1.0,
    "stage_rollback_applied": 1.0,
    "stage_plateau_recovery_applied": 0.0,
    "num_episodes": 12,
    "success_rate": 0.3333333432674408,
    "collision_rate": 0.0833333358168602,
    "avg_episode_return": 5.328403472900391,
    "avg_path_length": 3.8717997074127197,
    "avg_episode_duration": 20.322221755981445,
    "avg_time_to_goal": 17.849998474121094,
    "avg_distance_to_goal": 1.186017632484436,
    "avg_route_line_lateral_error": 1.083828330039978,
    "avg_min_obstacle_distance": 0.7653510570526123,
    "avg_min_clearance": 0.4153510332107544,
    "avg_control_effort": 0.6302574872970581,
    "avg_path_efficiency": 0.32495352625846863,
    "avg_steps": 609.6666870117188,
    "best_distance_to_goal": 0.8968081474304199,
    "best_route_line_lateral_error": 0.6484424471855164,
    "best_episode_return": 137.83901977539062,
    "deterministic": 1.0,
    "seed_offset": 100000
  },
  "episodes": [
    {
      "episode_return": -19.210538774790898,
      "success": 0.0,
      "collision": 0.0,
      "distance_to_goal": 0.9130553007125854,
      "route_line_lateral_error": 0.9130553007125854,
      "route_progress_ratio": 1.0,
      "min_obstacle_distance": 1.0556937456130981,
      "min_clearance": 0.7056937456130982,
      "path_length": 4.119323444989277,
      "start_to_goal_distance": 3.4931728839874268,
      "steps": 680.0,
      "control_effort": 0.6116462590939858,
      "episode_duration": 22.666666666666668,
      "time_to_goal": null
    },
    {
      "episode_return": -51.91512644674648,
      "success": 0.0,
      "collision": 0.0,
      "distance_to_goal": 1.3607673645019531,
      "route_line_lateral_error": 1.3607673645019531,
      "route_progress_ratio": 1.0,
      "min_obstacle_distance": 0.7147641181945801,
      "min_clearance": 0.3647641181945801,
      "path_length": 4.4412946635857224,
      "start_to_goal_distance": 3.212475061416626,
      "steps": 680.0,
      "control_effort": 0.6275320694727056,
      "episode_duration": 22.666666666666668,
      "time_to_goal": null
    },
    {
      "episode_return": -158.59548668464552,
      "success": 0.0,
      "collision": 0.0,
      "distance_to_goal": 1.2562452554702759,
      "route_line_lateral_error": 1.2562451362609863,
      "route_progress_ratio": 1.0,
      "min_obstacle_distance": 0.37529560923576355,
      "min_clearance": 0.025295609235763572,
      "path_length": 4.222705975742429,
      "start_to_goal_distance": 3.332151174545288,
      "steps": 680.0,
      "control_effort": 0.625509886355961,
      "episode_duration": 22.666666666666668,
      "time_to_goal": null
    },
    {
      "episode_return": -58.232635154117816,
      "success": 0.0,
      "collision": 0.0,
      "distance_to_goal": 1.386819839477539,
      "route_line_lateral_error": 1.3868199586868286,
      "route_progress_ratio": 1.0,
      "min_obstacle_distance": 0.8323953747749329,
      "min_clearance": 0.4823953747749329,
      "path_length": 4.305000053558615,
      "start_to_goal_distance": 3.1778056621551514,
      "steps": 680.0,
      "control_effort": 0.6349291313220473,
      "episode_duration": 22.666666666666668,
      "time_to_goal": null
    },
    {
      "episode_return": 125.6781399088859,
      "success": 1.0,
      "collision": 0.0,
      "distance_to_goal": 0.8974682092666626,
      "route_line_lateral_error": 0.8936863541603088,
      "route_progress_ratio": 0.9760376948552048,
      "min_obstacle_distance": 0.8392496705055237,
      "min_clearance": 0.4892496705055237,
      "path_length": 3.818708305800101,
      "start_to_goal_distance": 3.4347081184387207,
      "steps": 589.0,
      "control_effort": 0.6262559146953965,
      "episode_duration": 19.633333333333333,
      "time_to_goal": 19.633333333333333
    },
    {
      "episode_return": -62.69284864144659,
      "success": 0.0,
      "collision": 0.0,
      "distance_to_goal": 1.4462982416152954,
      "route_line_lateral_error": 1.4462982416152954,
      "route_progress_ratio": 1.0,
      "min_obstacle_distance": 0.7326061129570007,
      "min_clearance": 0.38260611295700075,
      "path_length": 4.309037134138634,
      "start_to_goal_distance": 3.490565299987793,
      "steps": 680.0,
      "control_effort": 0.6455258186249172,
      "episode_duration": 22.666666666666668,
      "time_to_goal": null
    },
    {
      "episode_return": -63.200646540843444,
      "success": 0.0,
      "collision": 0.0,
      "distance_to_goal": 1.5387959480285645,
      "route_line_lateral_error": 1.5387959480285645,
      "route_progress_ratio": 1.0,
      "min_obstacle_distance": 0.9941847324371338,
      "min_clearance": 0.6441847324371338,
      "path_length": 4.170271969967871,
      "start_to_goal_distance": 3.1889052391052246,
      "steps": 680.0,
      "control_effort": 0.6406675762113403,
      "episode_duration": 22.666666666666668,
      "time_to_goal": null
    },
    {
      "episode_return": 137.83901404514432,
      "success": 1.0,
      "collision": 0.0,
      "distance_to_goal": 0.8973228931427002,
      "route_line_lateral_error": 0.6484424471855164,
      "route_progress_ratio": 0.8175365811268276,
      "min_obstacle_distance": 0.8056945204734802,
      "min_clearance": 0.45569452047348025,
      "path_length": 3.064420277645695,
      "start_to_goal_distance": 3.399315357208252,
      "steps": 477.0,
      "control_effort": 0.6198774385002425,
      "episode_duration": 15.9,
      "time_to_goal": 15.9
    },
    {
      "episode_return": 135.316502405598,
      "success": 1.0,
      "collision": 0.0,
      "distance_to_goal": 0.8968081474304199,
      "route_line_lateral_error": 0.831062376499176,
      "route_progress_ratio": 0.9063311714772283,
      "min_obstacle_distance": 0.6600036025047302,
      "min_clearance": 0.31000360250473025,
      "path_length": 3.5661981894954806,
      "start_to_goal_distance": 3.5982794761657715,
      "steps": 557.0,
      "control_effort": 0.6178217827738722,
      "episode_duration": 18.566666666666666,
      "time_to_goal": 18.566666666666666
    },
    {
      "episode_return": -24.47296003891873,
      "success": 0.0,
      "collision": 0.0,
      "distance_to_goal": 1.0945476293563843,
      "route_line_lateral_error": 1.0945476293563843,
      "route_progress_ratio": 1.0,
      "min_obstacle_distance": 0.9353632926940918,
      "min_clearance": 0.5853632926940918,
      "path_length": 4.1660497408011,
      "start_to_goal_distance": 3.5860257148742676,
      "steps": 680.0,
      "control_effort": 0.6275416822994456,
      "episode_duration": 22.666666666666668,
      "time_to_goal": null
    },
    {
      "episode_return": 134.22486883068464,
      "success": 1.0,
      "collision": 0.0,
      "distance_to_goal": 0.8998087048530579,
      "route_line_lateral_error": 0.7865840196609497,
      "route_progress_ratio": 0.8740333742711454,
      "min_obstacle_distance": 0.8898877501487732,
      "min_clearance": 0.5398877501487732,
      "path_length": 3.4315122309781145,
      "start_to_goal_distance": 3.468921422958374,
      "steps": 519.0,
      "control_effort": 0.6320948292983979,
      "episode_duration": 17.3,
      "time_to_goal": 17.3
    },
    {
      "episode_return": -30.79742389016183,
      "success": 0.0,
      "collision": 1.0,
      "distance_to_goal": 1.6442737579345703,