{
  "summary": {
    "train_episode": 100,
    "stage_index": 2,
    "stage_name": "bridge_entry",
    "stage_episode": 20,
    "stage_eval_index": 1,
    "stage_target_hit": 0.0,
    "stage_success_streak": 0,
    "stage_best_success_rate": 1.0,
    "stage_best_collision_rate": 0.0,
    "stage_best_avg_return": 103.71904754638672,
    "stage_bad_eval_streak": 0,
    "stage_regression_active": 1.0,
    "stage_regression_bad_eval": 0.0,
    "stage_regression_absolute_drop": 0.0,
    "stage_regression_relative_drop": 0.0,
    "stage_regression_detected": 0.0,
    "stage_rollback_applied": 0.0,
    "stage_plateau_recovery_applied": 0.0,
    "num_episodes": 12,
    "success_rate": 1.0,
    "collision_rate": 0.0,
    "avg_episode_return": 103.71904754638672,
    "avg_path_length": 1.2255460023880005,
    "avg_episode_duration": 5.094444751739502,
    "avg_time_to_goal": 5.094444751739502,
    "avg_distance_to_goal": 0.9962171912193298,
    "avg_route_line_lateral_error": 0.2469804733991623,
    "avg_min_obstacle_distance": 2.5714447498321533,
    "avg_min_clearance": 2.221444845199585,
    "avg_control_effort": 0.7059471011161804,
    "avg_path_efficiency": 1.0,
    "avg_steps": 152.8333282470703,
    "best_distance_to_goal": 0.9913897514343262,
    "best_route_line_lateral_error": 0.11650253087282181,
    "best_episode_return": 109.0083999633789,
    "deterministic": 1.0,
    "seed_offset": 100000
  },
  "episodes": [
    {
      "episode_return": 104.71084963351488,
      "success": 1.0,
      "collision": 0.0,
      "distance_to_goal": 0.9994713068008423,
      "route_line_lateral_error": 0.26122230291366577,
      "route_progress_ratio": 0.5702265172462248,
      "min_obstacle_distance": 2.5367300510406494,
      "min_clearance": 2.1867300510406493,
      "path_length": 1.3240651629166678,
      "start_to_goal_distance": 2.2447426319122314,
      "steps": 165.0,
      "control_effort": 0.705946991299138,
      "episode_duration": 5.5,
      "time_to_goal": 5.5
    },
    {
      "episode_return": 100.76683707177638,
      "success": 1.0,
      "collision": 0.0,
      "distance_to_goal": 0.9960302710533142,
      "route_line_lateral_error": 0.22333484888076782,
      "route_progress_ratio": 0.4764476462402689,
      "min_obstacle_distance": 3.084843873977661,
      "min_clearance": 2.734843873977661,
      "path_length": 0.9206646016682498,
      "start_to_goal_distance": 1.8540050983428955,
      "steps": 113.0,
      "control_effort": 0.705948417165638,
      "episode_duration": 3.7666666666666666,
      "time_to_goal": 3.7666666666666666
    },
    {
      "episode_return": 102.83050729185341,
      "success": 1.0,
      "collision": 0.0,
      "distance_to_goal": 0.9963179230690002,
      "route_line_lateral_error": 0.23053516447544098,
      "route_progress_ratio": 0.5289809022725039,
      "min_obstacle_distance": 3.1393442153930664,
      "min_clearance": 2.7893442153930663,
      "path_length": 1.1234383549599443,
      "start_to_goal_distance": 2.0578346252441406,
      "steps": 141.0,
      "control_effort": 0.7059477081535556,
      "episode_duration": 4.7,
      "time_to_goal": 4.7
    },
    {
      "episode_return": 100.5879060289264,
      "success": 1.0,
      "collision": 0.0,
      "distance_to_goal": 0.9955694079399109,
      "route_line_lateral_error": 0.16047851741313934,
      "route_progress_ratio": 0.463964732961488,
      "min_obstacle_distance": 2.353452205657959,
      "min_clearance": 2.003452205657959,
      "path_length": 0.8747591958963312,
      "start_to_goal_distance": 1.832995891571045,
      "steps": 108.0,
      "control_effort": 0.7059477308282146,
      "episode_duration": 3.6,
      "time_to_goal": 3.6
    },
    {
      "episode_return": 104.5749553990364,
      "success": 1.0,
      "collision": 0.0,
      "distance_to_goal": 0.9913897514343262,
      "route_line_lateral_error": 0.23520320653915405,
      "route_progress_ratio": 0.5661189958038013,
      "min_obstacle_distance": 2.263763189315796,
      "min_clearance": 1.9137631893157958,
      "path_length": 1.2946680066233966,
      "start_to_goal_distance": 2.2196991443634033,
      "steps": 160.0,
      "control_effort": 0.7059466451406479,
      "episode_duration": 5.333333333333333,
      "time_to_goal": 5.333333333333333
    },
    {
      "episode_return": 104.54772573649879,
      "success": 1.0,
      "collision": 0.0,
      "distance_to_goal": 0.9978803396224976,
      "route_line_lateral_error": 0.3279356062412262,
      "route_progress_ratio": 0.5783562161383214,
      "min_obstacle_distance": 2.9064700603485107,
      "min_clearance": 2.5564700603485107,
      "path_length": 1.3509692429506686,
      "start_to_goal_distance": 2.2351953983306885,
      "steps": 170.0,
      "control_effort": 0.7059470211758333,
      "episode_duration": 5.666666666666667,
      "time_to_goal": 5.666666666666667
    },
    {
      "episode_return": 100.64959977149965,
      "success": 1.0,
      "collision": 0.0,
      "distance_to_goal": 0.999967634677887,
      "route_line_lateral_error": 0.11650253087282181,
      "route_progress_ratio": 0.46197067036580675,
      "min_obstacle_distance": 2.681540012359619,
      "min_clearance": 2.331540012359619,
      "path_length": 0.8777751075976994,
      "start_to_goal_distance": 1.8459177017211914,
      "steps": 111.0,
      "control_effort": 0.7059478072432784,
      "episode_duration": 3.7,
      "time_to_goal": 3.7
    },
    {
      "episode_return": 103.38999203622342,
      "success": 1.0,
      "collision": 0.0,
      "distance_to_goal": 0.9969464540481567,
      "route_line_lateral_error": 0.19656580686569214,
      "route_progress_ratio": 0.537688365421983,
      "min_obstacle_distance": 2.417066812515259,
      "min_clearance": 2.0670668125152587,
      "path_length": 1.1711554015637375,
      "start_to_goal_distance": 2.1141066551208496,
      "steps": 149.0,
      "control_effort": 0.7059468142938294,
      "episode_duration": 4.966666666666667,
      "time_to_goal": 4.966666666666667
    },
    {
      "episode_return": 105.28988474071026,
      "success": 1.0,
      "collision": 0.0,
      "distance_to_goal": 0.9931269884109497,
      "route_line_lateral_error": 0.2215488702058792,
      "route_progress_ratio": 0.5793263365838937,
      "min_obstacle_distance": 2.28371262550354,
      "min_clearance": 1.93371262550354,
      "path_length": 1.3772284467413556,
      "start_to_goal_distance": 2.3013083934783936,
      "steps": 178.0,
      "control_effort": 0.705946202358503,
      "episode_duration": 5.933333333333334,
      "time_to_goal": 5.933333333333334
    },
    {
      "episode_return": 104.677752212584,
      "success": 1.0,
      "collision": 0.0,
      "distance_to_goal": 0.9950380325317383,
      "route_line_lateral_error": 0.3156588077545166,
      "route_progress_ratio": 0.5795412873469832,
      "min_obstacle_distance": 2.5623159408569336,
      "min_clearance": 2.2123159408569335,
      "path_length": 1.3537504945124965,
      "start_to_goal_distance": 2.2443161010742188,
      "steps": 171.0,
      "control_effort": 0.7059469121938561,
      "episode_duration": 5.7,
      "time_to_goal": 5.7
    },
    {
      "episode_return": 103.59408656775952,
      "success": 1.0,
      "collision": 0.0,
      "distance_to_goal": 0.9940239191055298,
      "route_line_lateral_error": 0.3600286543369293,
      "route_progress_ratio": 0.5669329745316638,
      "min_obstacle_distance": 2.294419050216675,
      "min_clearance": 1.9444190502166747,
      "path_length": 1.2810026182269212,
      "start_to_goal_distance": 2.1394667625427246,
      "steps": 159.0,
      "control_effort": 0.705946608159527,
      "episode_duration": 5.3,
      "time_to_goal": 5.3
    },
    {
      "episode_return": 109.00840265482665,
      "success": 1.0,
      "collision": 0.0,
      "distance_to_goal": 0.998844563961029,
      "route_line_lateral_error": 0.31475117802619934,