{
  "summary": {
    "train_episode": 180,
    "stage_index": 3,
    "stage_name": "bridge_crossing_easy",
    "stage_episode": 20,
    "stage_eval_index": 1,
    "stage_target_hit": 0.0,
    "stage_success_streak": 0,
    "stage_best_success_rate": 1.0,
    "stage_best_collision_rate": 0.0,
    "stage_best_avg_return": 99.56147003173828,
    "stage_bad_eval_streak": 0,
    "stage_regression_active": 1.0,
    "stage_regression_bad_eval": 0.0,
    "stage_regression_absolute_drop": 0.0,
    "stage_regression_relative_drop": 0.0,
    "stage_regression_detected": 0.0,
    "stage_rollback_applied": 0.0,
    "stage_plateau_recovery_applied": 0.0,
    "num_episodes": 12,
    "success_rate": 1.0,
    "collision_rate": 0.0,
    "avg_episode_return": 99.56147003173828,
    "avg_path_length": 1.4834022521972656,
    "avg_episode_duration": 6.058332920074463,
    "avg_time_to_goal": 6.058332920074463,
    "avg_distance_to_goal": 0.9764925837516785,
    "avg_route_line_lateral_error": 0.24335569143295288,
    "avg_min_obstacle_distance": 2.3785135746002197,
    "avg_min_clearance": 2.0285136699676514,
    "avg_control_effort": 0.7113456130027771,
    "avg_path_efficiency": 1.0,
    "avg_steps": 181.75,
    "best_distance_to_goal": 0.9717367887496948,
    "best_route_line_lateral_error": 0.14404591917991638,
    "best_episode_return": 104.49556732177734,
    "deterministic": 1.0,
    "seed_offset": 100000
  },
  "episodes": [
    {
      "episode_return": 100.6620672752857,
      "success": 1.0,
      "collision": 0.0,
      "distance_to_goal": 0.9758842587471008,
      "route_line_lateral_error": 0.24028649926185608,
      "route_progress_ratio": 0.6195772843334335,
      "min_obstacle_distance": 2.375011682510376,
      "min_clearance": 2.025011682510376,
      "path_length": 1.5783521134580951,
      "start_to_goal_distance": 2.486285924911499,
      "steps": 186.0,
      "control_effort": 0.7113461135536112,
      "episode_duration": 6.2,
      "time_to_goal": 6.2
    },
    {
      "episode_return": 96.65846054893731,
      "success": 1.0,
      "collision": 0.0,
      "distance_to_goal": 0.9796894192695618,
      "route_line_lateral_error": 0.15225762128829956,
      "route_progress_ratio": 0.5377962496386175,
      "min_obstacle_distance": 2.271252393722534,
      "min_clearance": 1.921252393722534,
      "path_length": 1.15125165914651,
      "start_to_goal_distance": 2.09385085105896,
      "steps": 148.0,
      "control_effort": 0.7113458332983223,
      "episode_duration": 4.933333333333334,
      "time_to_goal": 4.933333333333334
    },
    {
      "episode_return": 98.8026369441748,
      "success": 1.0,
      "collision": 0.0,
      "distance_to_goal": 0.9785431623458862,
      "route_line_lateral_error": 0.20449303090572357,
      "route_progress_ratio": 0.5836037163201355,
      "min_obstacle_distance": 2.094442367553711,
      "min_clearance": 1.7444423675537108,
      "path_length": 1.3741011193196755,
      "start_to_goal_distance": 2.2981417179107666,
      "steps": 163.0,
      "control_effort": 0.7113453310691505,
      "episode_duration": 5.433333333333334,
      "time_to_goal": 5.433333333333334
    },
    {
      "episode_return": 96.61311083632704,
      "success": 1.0,
      "collision": 0.0,
      "distance_to_goal": 0.9781768321990967,
      "route_line_lateral_error": 0.18979045748710632,
      "route_progress_ratio": 0.5374298841898172,
      "min_obstacle_distance": 2.4718096256256104,
      "min_clearance": 2.1218096256256103,
      "path_length": 1.1466044807457365,
      "start_to_goal_distance": 2.0744709968566895,
      "steps": 137.0,
      "control_effort": 0.7113460689565562,
      "episode_duration": 4.566666666666666,
      "time_to_goal": 4.566666666666666
    },
    {
      "episode_return": 100.24525407826899,
      "success": 1.0,
      "collision": 0.0,
      "distance_to_goal": 0.9754787087440491,
      "route_line_lateral_error": 0.2821807265281677,
      "route_progress_ratio": 0.6203805567321476,
      "min_obstacle_distance": 2.2657132148742676,
      "min_clearance": 1.9157132148742675,
      "path_length": 1.5713053627114277,
      "start_to_goal_distance": 2.4597620964050293,
      "steps": 194.0,
      "control_effort": 0.7113452369404822,
      "episode_duration": 6.466666666666667,
      "time_to_goal": 6.466666666666667
    },
    {
      "episode_return": 100.2006718711853,
      "success": 1.0,
      "collision": 0.0,
      "distance_to_goal": 0.9794824123382568,
      "route_line_lateral_error": 0.38038450479507446,
      "route_progress_ratio": 0.6355097298022768,
      "min_obstacle_distance": 3.1391472816467285,
      "min_clearance": 2.7891472816467284,
      "path_length": 1.6437865264888387,
      "start_to_goal_distance": 2.476344585418701,
      "steps": 207.0,
      "control_effort": 0.7113460089273499,
      "episode_duration": 6.9,
      "time_to_goal": 6.9
    },
    {
      "episode_return": 96.74125173354147,
      "success": 1.0,
      "collision": 0.0,
      "distance_to_goal": 0.9739080667495728,
      "route_line_lateral_error": 0.14404591917991638,
      "route_progress_ratio": 0.5383470860001622,
      "min_obstacle_distance": 2.716531753540039,
      "min_clearance": 2.366531753540039,
      "path_length": 1.147000421595294,
      "start_to_goal_distance": 2.0864081382751465,
      "steps": 141.0,
      "control_effort": 0.711346225535616,
      "episode_duration": 4.7,
      "time_to_goal": 4.7
    },
    {
      "episode_return": 99.23133741629121,
      "success": 1.0,
      "collision": 0.0,
      "distance_to_goal": 0.9799410104751587,
      "route_line_lateral_error": 0.21447129547595978,
      "route_progress_ratio": 0.5941161903061666,
      "min_obstacle_distance": 2.349747657775879,
      "min_clearance": 1.9997476577758788,
      "path_length": 1.434751522319857,
      "start_to_goal_distance": 2.355804920196533,
      "steps": 178.0,
      "control_effort": 0.7113455567467079,
      "episode_duration": 5.933333333333334,
      "time_to_goal": 5.933333333333334
    },
    {
      "episode_return": 101.24440030193327,
      "success": 1.0,
      "collision": 0.0,
      "distance_to_goal": 0.9717367887496948,
      "route_line_lateral_error": 0.22284702956676483,
      "route_progress_ratio": 0.6280474072696173,
      "min_obstacle_distance": 2.329437732696533,
      "min_clearance": 1.9794377326965331,
      "path_length": 1.6331246637564618,
      "start_to_goal_distance": 2.5429024696350098,
      "steps": 194.0,
      "control_effort": 0.7113453899462199,
      "episode_duration": 6.466666666666667,
      "time_to_goal": 6.466666666666667
    },
    {
      "episode_return": 100.51833889991049,
      "success": 1.0,
      "collision": 0.0,
      "distance_to_goal": 0.9751033186912537,
      "route_line_lateral_error": 0.23121803998947144,
      "route_progress_ratio": 0.618703303399846,
      "min_obstacle_distance": 2.449476718902588,
      "min_clearance": 2.099476718902588,
      "path_length": 1.5714020599261858,
      "start_to_goal_distance": 2.4843990802764893,
      "steps": 195.0,
      "control_effort": 0.7113460085330865,
      "episode_duration": 6.5,
      "time_to_goal": 6.5
    },
    {
      "episode_return": 99.32459966373446,
      "success": 1.0,
      "collision": 0.0,
      "distance_to_goal": 0.9766169786453247,
      "route_line_lateral_error": 0.3328639268875122,
      "route_progress_ratio": 0.6141580446687357,
      "min_obstacle_distance": 2.1518356800079346,
      "min_clearance": 1.8018356800079345,
      "path_length": 1.5251231077418197,
      "start_to_goal_distance": 2.37957763671875,
      "steps": 193.0,
      "control_effort": 0.7113449783522848,
      "episode_duration": 6.433333333333334,
      "time_to_goal": 6.433333333333334
    },
    {
      "episode_return": 104.49556528180835,
      "success": 1.0,
      "collision": 0.0,
      "distance_to_goal": 0.9733500480651855,
      "route_line_lateral_error": 0.325429230928421,