{
  "summary": {
    "train_episode": 1440,
    "stage_index": 8,
    "stage_name": "target_bypass_commit_v2",
    "stage_episode": 460,
    "stage_eval_index": 33,
    "stage_target_hit": 0.0,
    "stage_success_streak": 0,
    "stage_best_success_rate": 0.4166666567325592,
    "stage_best_collision_rate": 0.1666666716337204,
    "stage_best_avg_return": 10.393216133117676,
    "stage_bad_eval_streak": 23,
    "stage_regression_active": 1.0,
    "stage_regression_bad_eval": 1.0,
    "stage_regression_absolute_drop": 0.4166666567325592,
    "stage_regression_relative_drop": 1.0,
    "stage_regression_detected": 1.0,
    "stage_rollback_applied": 0.0,
    "stage_plateau_recovery_applied": 0.0,
    "num_episodes": 12,
    "success_rate": 0.0,
    "collision_rate": 0.0833333358168602,
    "avg_episode_return": -90.26512908935547,
    "avg_path_length": 3.599323034286499,
    "avg_episode_duration": 22.502777099609375,
    "avg_time_to_goal": 0.0,
    "avg_distance_to_goal": 2.1070408821105957,
    "avg_route_line_lateral_error": 1.7655662298202515,
    "avg_min_obstacle_distance": 0.647204577922821,
    "avg_min_clearance": 0.29720452427864075,
    "avg_control_effort": 0.7207283973693848,
    "avg_path_efficiency": 0.0,
    "avg_steps": 675.0833129882812,
    "best_distance_to_goal": 1.3872928619384766,
    "best_route_line_lateral_error": 0.5990495085716248,
    "best_episode_return": -42.957637786865234,
    "deterministic": 1.0,
    "seed_offset": 100000
  },
  "episodes": [
    {
      "episode_return": -169.67119917360833,
      "success": 0.0,
      "collision": 0.0,
      "distance_to_goal": 2.144317388534546,
      "route_line_lateral_error": 1.5932921171188354,
      "route_progress_ratio": 0.6247067267759092,
      "min_obstacle_distance": 0.375059574842453,
      "min_clearance": 0.025059574842453025,
      "path_length": 2.9522551659143015,
      "start_to_goal_distance": 3.8239474296569824,
      "steps": 720.0,
      "control_effort": 0.7764022783272796,
      "episode_duration": 24.0,
      "time_to_goal": null
    },
    {
      "episode_return": -100.68801904615617,
      "success": 0.0,
      "collision": 0.0,
      "distance_to_goal": 2.0300893783569336,
      "route_line_lateral_error": 2.02997088432312,
      "route_progress_ratio": 0.9936447335631882,
      "min_obstacle_distance": 0.5918651819229126,
      "min_clearance": 0.24186518192291262,
      "path_length": 4.201803535630461,
      "start_to_goal_distance": 3.4528915882110596,
      "steps": 720.0,
      "control_effort": 0.6966159412430393,
      "episode_duration": 24.0,
      "time_to_goal": null
    },
    {
      "episode_return": -80.0583803577997,
      "success": 0.0,
      "collision": 0.0,
      "distance_to_goal": 1.9215658903121948,
      "route_line_lateral_error": 1.7412797212600708,
      "route_progress_ratio": 0.7763001025631198,
      "min_obstacle_distance": 0.8855108618736267,
      "min_clearance": 0.5355108618736267,
      "path_length": 3.3831016804207295,
      "start_to_goal_distance": 3.632657766342163,
      "steps": 720.0,
      "control_effort": 0.7278479422960017,
      "episode_duration": 24.0,
      "time_to_goal": null
    },
    {
      "episode_return": -59.90976146474963,
      "success": 0.0,
      "collision": 0.0,
      "distance_to_goal": 1.3872928619384766,
      "route_line_lateral_error": 1.384650707244873,
      "route_progress_ratio": 0.9749743468038816,
      "min_obstacle_distance": 0.6091636419296265,
      "min_clearance": 0.2591636419296265,
      "path_length": 3.966500104535953,
      "start_to_goal_distance": 3.4196953773498535,
      "steps": 720.0,
      "control_effort": 0.6156245293302669,
      "episode_duration": 24.0,
      "time_to_goal": null
    },
    {
      "episode_return": -76.58489226591685,
      "success": 0.0,
      "collision": 0.0,
      "distance_to_goal": 2.011800765991211,
      "route_line_lateral_error": 1.5483787059783936,
      "route_progress_ratio": 0.6602117064319984,
      "min_obstacle_distance": 0.7892366051673889,
      "min_clearance": 0.43923660516738894,
      "path_length": 3.0029506330327838,
      "start_to_goal_distance": 3.780210494995117,
      "steps": 720.0,
      "control_effort": 0.7437562818328539,
      "episode_duration": 24.0,
      "time_to_goal": null
    },
    {
      "episode_return": -112.08788440391365,
      "success": 0.0,
      "collision": 0.0,
      "distance_to_goal": 2.552447557449341,
      "route_line_lateral_error": 2.436692714691162,
      "route_progress_ratio": 0.8009226105155863,
      "min_obstacle_distance": 0.9912713170051575,
      "min_clearance": 0.6412713170051575,
      "path_length": 4.1622076498606475,
      "start_to_goal_distance": 3.8173413276672363,
      "steps": 720.0,
      "control_effort": 0.7905743901928266,
      "episode_duration": 24.0,
      "time_to_goal": null
    },
    {
      "episode_return": -95.07623981511881,
      "success": 0.0,
      "collision": 0.0,
      "distance_to_goal": 1.7854013442993164,
      "route_line_lateral_error": 1.7712856531143188,
      "route_progress_ratio": 0.9347516678733285,
      "min_obstacle_distance": 0.5309118628501892,
      "min_clearance": 0.18091186285018923,
      "path_length": 3.954173319361871,
      "start_to_goal_distance": 3.4340314865112305,
      "steps": 720.0,
      "control_effort": 0.6809821743104193,
      "episode_duration": 24.0,
      "time_to_goal": null
    },
    {
      "episode_return": -42.957638536080566,
      "success": 0.0,
      "collision": 1.0,
      "distance_to_goal": 2.5646326541900635,
      "route_line_lateral_error": 0.5990495085716248,
      "route_progress_ratio": 0.32578964385982534,
      "min_obstacle_distance": 0.34717220067977905,
      "min_clearance": -0.002827799320220925,
      "path_length": 1.3885214275796898,
      "start_to_goal_distance": 3.6986794471740723,
      "steps": 181.0,
      "control_effort": 0.7266666744295405,
      "episode_duration": 6.033333333333333,
      "time_to_goal": null
    },
    {
      "episode_return": -69.50019510842395,
      "success": 0.0,
      "collision": 0.0,
      "distance_to_goal": 1.8635214567184448,
      "route_line_lateral_error": 1.7603192329406738,
      "route_progress_ratio": 0.8437308281624584,
      "min_obstacle_distance": 0.7349308729171753,
      "min_clearance": 0.3849308729171753,
      "path_length": 4.034195264306618,
      "start_to_goal_distance": 3.913414478302002,
      "steps": 720.0,
      "control_effort": 0.6546373664091031,
      "episode_duration": 24.0,
      "time_to_goal": null
    },
    {
      "episode_return": -73.13269807819603,
      "success": 0.0,
      "collision": 0.0,
      "distance_to_goal": 1.992220163345337,
      "route_line_lateral_error": 1.4739398956298828,
      "route_progress_ratio": 0.6543601236872312,
      "min_obstacle_distance": 0.5529141426086426,
      "min_clearance": 0.2029141426086426,
      "path_length": 2.989291688436925,
      "start_to_goal_distance": 3.8777763843536377,
      "steps": 720.0,
      "control_effort": 0.7509079299867153,
      "episode_duration": 24.0,
      "time_to_goal": null
    },
    {
      "episode_return": -126.69904140198821,
      "success": 0.0,
      "collision": 0.0,
      "distance_to_goal": 2.780444383621216,
      "route_line_lateral_error": 2.780444383621216,
      "route_progress_ratio": 1.0,
      "min_obstacle_distance": 0.7001156210899353,
      "min_clearance": 0.3501156210899353,
      "path_length": 4.844966837961692,
      "start_to_goal_distance": 3.7541279792785645,
      "steps": 720.0,
      "control_effort": 0.7428269008795421,
      "episode_duration": 24.0,
      "time_to_goal": null
    },
    {
      "episode_return": -76.81550110835744,
      "success": 0.0,
      "collision": 0.0,
      "distance_to_goal": 2.2507545948028564,
      "route_line_lateral_error": 2.067490339279175,
      "route_progress_ratio": 0.7945674125134891,