{
  "summary": {
    "train_episode": 160,
    "stage_index": 2,
    "stage_name": "bridge_entry",
    "stage_episode": 80,
    "stage_eval_index": 4,
    "stage_target_hit": 1.0,
    "stage_success_streak": 2,
    "stage_best_success_rate": 1.0,
    "stage_best_collision_rate": 0.0,
    "stage_best_avg_return": 103.76696014404297,
    "stage_bad_eval_streak": 0,
    "stage_regression_active": 1.0,
    "stage_regression_bad_eval": 0.0,
    "stage_regression_absolute_drop": 0.0,
    "stage_regression_relative_drop": 0.0,
    "stage_regression_detected": 0.0,
    "stage_rollback_applied": 0.0,
    "stage_plateau_recovery_applied": 0.0,
    "num_episodes": 12,
    "success_rate": 1.0,
    "collision_rate": 0.0,
    "avg_episode_return": 103.76696014404297,
    "avg_path_length": 1.2184337377548218,
    "avg_episode_duration": 4.980555534362793,
    "avg_time_to_goal": 4.980555534362793,
    "avg_distance_to_goal": 0.9957232475280762,
    "avg_route_line_lateral_error": 0.23027253150939941,
    "avg_min_obstacle_distance": 2.5641674995422363,
    "avg_min_clearance": 2.214167356491089,
    "avg_control_effort": 0.7116260528564453,
    "avg_path_efficiency": 1.0,
    "avg_steps": 149.4166717529297,
    "best_distance_to_goal": 0.9923936724662781,
    "best_route_line_lateral_error": 0.09052936732769012,
    "best_episode_return": 108.97692108154297,
    "deterministic": 1.0,
    "seed_offset": 100000
  },
  "episodes": [
    {
      "episode_return": 104.88148914486169,
      "success": 1.0,
      "collision": 0.0,
      "distance_to_goal": 0.9950295090675354,
      "route_line_lateral_error": 0.2001647800207138,
      "route_progress_ratio": 0.5657905204313098,
      "min_obstacle_distance": 2.558725118637085,
      "min_clearance": 2.208725118637085,
      "path_length": 1.3143223811930511,
      "start_to_goal_distance": 2.2447426319122314,
      "steps": 156.0,
      "control_effort": 0.7116260631726339,
      "episode_duration": 5.2,
      "time_to_goal": 5.2
    },
    {
      "episode_return": 100.81784981071951,
      "success": 1.0,
      "collision": 0.0,
      "distance_to_goal": 0.9937715530395508,
      "route_line_lateral_error": 0.20592765510082245,
      "route_progress_ratio": 0.4756209635967723,
      "min_obstacle_distance": 3.086005687713623,
      "min_clearance": 2.736005687713623,
      "path_length": 0.9134646759484895,
      "start_to_goal_distance": 1.8540050983428955,
      "steps": 111.0,
      "control_effort": 0.7116265458029669,
      "episode_duration": 3.7,
      "time_to_goal": 3.7
    },
    {
      "episode_return": 102.8599004882574,
      "success": 1.0,
      "collision": 0.0,
      "distance_to_goal": 0.99466472864151,
      "route_line_lateral_error": 0.15712061524391174,
      "route_progress_ratio": 0.5227135697721194,
      "min_obstacle_distance": 3.1807429790496826,
      "min_clearance": 2.8307429790496825,
      "path_length": 1.101475874602329,
      "start_to_goal_distance": 2.0578346252441406,
      "steps": 140.0,
      "control_effort": 0.711626101391656,
      "episode_duration": 4.666666666666667,
      "time_to_goal": 4.666666666666667
    },
    {
      "episode_return": 100.5212721300125,
      "success": 1.0,
      "collision": 0.0,
      "distance_to_goal": 0.9997368454933167,
      "route_line_lateral_error": 0.13018742203712463,
      "route_progress_ratio": 0.4592327704144903,
      "min_obstacle_distance": 2.3697190284729004,
      "min_clearance": 2.0197190284729003,
      "path_length": 0.8659308662754484,
      "start_to_goal_distance": 1.832995891571045,
      "steps": 109.0,
      "control_effort": 0.7116264640738111,
      "episode_duration": 3.6333333333333333,
      "time_to_goal": 3.6333333333333333
    },
    {
      "episode_return": 104.53486224532125,
      "success": 1.0,
      "collision": 0.0,
      "distance_to_goal": 0.9977417588233948,
      "route_line_lateral_error": 0.26709169149398804,
      "route_progress_ratio": 0.5669108783338684,
      "min_obstacle_distance": 2.222877025604248,
      "min_clearance": 1.872877025604248,
      "path_length": 1.3006423077895306,
      "start_to_goal_distance": 2.2196991443634033,
      "steps": 157.0,
      "control_effort": 0.7116259632596544,
      "episode_duration": 5.233333333333333,
      "time_to_goal": 5.233333333333333
    },
    {
      "episode_return": 104.57549052536493,
      "success": 1.0,
      "collision": 0.0,
      "distance_to_goal": 0.9962942004203796,
      "route_line_lateral_error": 0.3494836986064911,
      "route_progress_ratio": 0.5825930292501756,
      "min_obstacle_distance": 2.9192888736724854,
      "min_clearance": 2.5692888736724853,
      "path_length": 1.364498905139044,
      "start_to_goal_distance": 2.2351953983306885,
      "steps": 169.0,
      "control_effort": 0.7116258574660713,
      "episode_duration": 5.633333333333334,
      "time_to_goal": 5.633333333333334
    },
    {
      "episode_return": 100.71033925265074,
      "success": 1.0,
      "collision": 0.0,
      "distance_to_goal": 0.9969030618667603,
      "route_line_lateral_error": 0.09052936732769012,
      "route_progress_ratio": 0.46217312853736725,
      "min_obstacle_distance": 2.713322877883911,
      "min_clearance": 2.363322877883911,
      "path_length": 0.8688680042105261,
      "start_to_goal_distance": 1.8459177017211914,
      "steps": 109.0,
      "control_effort": 0.7116264689952956,
      "episode_duration": 3.6333333333333333,
      "time_to_goal": 3.6333333333333333
    },
    {
      "episode_return": 103.53073703706268,
      "success": 1.0,
      "collision": 0.0,
      "distance_to_goal": 0.9995530843734741,
      "route_line_lateral_error": 0.16944648325443268,
      "route_progress_ratio": 0.5340415007838997,
      "min_obstacle_distance": 2.384490489959717,
      "min_clearance": 2.0344904899597167,
      "path_length": 1.1544008489581756,
      "start_to_goal_distance": 2.1141066551208496,
      "steps": 136.0,
      "control_effort": 0.7116261939792072,
      "episode_duration": 4.533333333333333,
      "time_to_goal": 4.533333333333333
    },
    {
      "episode_return": 105.27756789147851,
      "success": 1.0,
      "collision": 0.0,
      "distance_to_goal": 0.9971216917037964,
      "route_line_lateral_error": 0.24861374497413635,
      "route_progress_ratio": 0.5803992318169588,
      "min_obstacle_distance": 2.247328519821167,
      "min_clearance": 1.897328519821167,
      "path_length": 1.3749936422973406,
      "start_to_goal_distance": 2.3013083934783936,
      "steps": 175.0,
      "control_effort": 0.71162574836186,
      "episode_duration": 5.833333333333333,
      "time_to_goal": 5.833333333333333
    },
    {
      "episode_return": 104.77241964727645,
      "success": 1.0,
      "collision": 0.0,
      "distance_to_goal": 0.9923936724662781,
      "route_line_lateral_error": 0.28150293231010437,
      "route_progress_ratio": 0.5759817658846845,
      "min_obstacle_distance": 2.547654390335083,
      "min_clearance": 2.197654390335083,
      "path_length": 1.3395463149645366,
      "start_to_goal_distance": 2.2443161010742188,
      "steps": 166.0,
      "control_effort": 0.7116258988179356,
      "episode_duration": 5.533333333333333,
      "time_to_goal": 5.533333333333333
    },
    {
      "episode_return": 103.74459124803539,
      "success": 1.0,
      "collision": 0.0,
      "distance_to_goal": 0.992404043674469,
      "route_line_lateral_error": 0.28411346673965454,
      "route_progress_ratio": 0.5555596354362264,
      "min_obstacle_distance": 2.293893814086914,
      "min_clearance": 1.943893814086914,
      "path_length": 1.231243688846007,
      "start_to_goal_distance": 2.1394667625427246,
      "steps": 149.0,
      "control_effort": 0.7116260112532033,
      "episode_duration": 4.966666666666667,
      "time_to_goal": 4.966666666666667
    },
    {
      "episode_return": 108.97691850543023,
      "success": 1.0,
      "collision": 0.0,