{
  "episode_return": 109.1003264349699,
  "success": 1.0,
  "collision": 0.0,
  "distance_to_goal": 0.9955283403396606,
  "route_line_lateral_error": 0.22752167284488678,
  "route_progress_ratio": 0.6345272539008798,
  "min_obstacle_distance": 2.336909055709839,
  "min_clearance": 1.9869090557098388,
  "path_length": 1.715499480778817,
  "start_to_goal_distance": 2.6518542766571045,
  "steps": 205.0,
  "control_effort": 0.7078876105750479,
  "episode_duration": 6.833333333333333,
  "time_to_goal": 6.833333333333333
}