{
  "summary": {
    "train_episode": 40,
    "stage_index": 1,
    "stage_name": "corridor_dash",
    "stage_episode": 20,
    "stage_eval_index": 1,
    "stage_target_hit": 0.0,
    "stage_success_streak": 0,
    "stage_best_success_rate": 1.0,
    "stage_best_collision_rate": 0.0,
    "stage_best_avg_return": 87.5206069946289,
    "stage_bad_eval_streak": 0,
    "stage_regression_active": 1.0,
    "stage_regression_bad_eval": 0.0,
    "stage_regression_absolute_drop": 0.0,
    "stage_regression_relative_drop": 0.0,
    "stage_regression_detected": 0.0,
    "stage_rollback_applied": 0.0,
    "stage_plateau_recovery_applied": 0.0,
    "num_episodes": 12,
    "success_rate": 1.0,
    "collision_rate": 0.0,
    "avg_episode_return": 87.5206069946289,
    "avg_path_length": 0.5785420536994934,
    "avg_episode_duration": 2.711111068725586,
    "avg_time_to_goal": 2.711111068725586,
    "avg_distance_to_goal": 1.0967978239059448,
    "avg_route_line_lateral_error": 0.03770787641406059,
    "avg_min_obstacle_distance": 3.1155500411987305,
    "avg_min_clearance": 2.765550374984741,
    "avg_control_effort": 0.6759652495384216,
    "avg_path_efficiency": 1.0,
    "avg_steps": 81.33333587646484,
    "best_distance_to_goal": 1.0919885635375977,
    "best_route_line_lateral_error": 0.005244880449026823,
    "best_episode_return": 94.8912582397461,
    "deterministic": 1.0,
    "seed_offset": 100000
  },
  "episodes": [
    {
      "episode_return": 90.40812125701565,
      "success": 1.0,
      "collision": 0.0,
      "distance_to_goal": 1.0953706502914429,
      "route_line_lateral_error": 0.023367803543806076,
      "route_progress_ratio": 0.3791386867026424,
      "min_obstacle_distance": 3.1595191955566406,
      "min_clearance": 2.8095191955566405,
      "path_length": 0.6772303604266199,
      "start_to_goal_distance": 1.7638744115829468,
      "steps": 98.0,
      "control_effort": 0.6759648122349564,
      "episode_duration": 3.2666666666666666,
      "time_to_goal": 3.2666666666666666
    },
    {
      "episode_return": 80.31000341241719,
      "success": 1.0,
      "collision": 0.0,
      "distance_to_goal": 1.0938374996185303,
      "route_line_lateral_error": 0.008304588496685028,
      "route_progress_ratio": 0.20380022179548477,
      "min_obstacle_distance": 3.6261749267578125,
      "min_clearance": 3.2761749267578124,
      "path_length": 0.28527225045399973,
      "start_to_goal_distance": 1.3737833499908447,
      "steps": 44.0,
      "control_effort": 0.6759669116952203,
      "episode_duration": 1.4666666666666666,
      "time_to_goal": 1.4666666666666666
    },
    {
      "episode_return": 88.32903874448668,
      "success": 1.0,
      "collision": 0.0,
      "distance_to_goal": 1.097193717956543,
      "route_line_lateral_error": 0.02786892093718052,
      "route_progress_ratio": 0.3047310129535525,
      "min_obstacle_distance": 3.5024333000183105,
      "min_clearance": 3.1524333000183105,
      "path_length": 0.4868922107962135,
      "start_to_goal_distance": 1.5775760412216187,
      "steps": 75.0,
      "control_effort": 0.6759665751457214,
      "episode_duration": 2.5,
      "time_to_goal": 2.5
    },
    {
      "episode_return": 77.82815518285976,
      "success": 1.0,
      "collision": 0.0,
      "distance_to_goal": 1.0961999893188477,
      "route_line_lateral_error": 0.005244880449026823,
      "route_progress_ratio": 0.1894575999428816,
      "min_obstacle_distance": 2.4131221771240234,
      "min_clearance": 2.0631221771240233,
      "path_length": 0.25747295617111376,
      "start_to_goal_distance": 1.3524121046066284,
      "steps": 36.0,
      "control_effort": 0.6759631832440695,
      "episode_duration": 1.2,
      "time_to_goal": 1.2
    },
    {
      "episode_return": 90.1803010350226,
      "success": 1.0,
      "collision": 0.0,
      "distance_to_goal": 1.0919885635375977,
      "route_line_lateral_error": 0.037803374230861664,
      "route_progress_ratio": 0.3726731458008013,
      "min_obstacle_distance": 3.24648380279541,
      "min_clearance": 2.89648380279541,
      "path_length": 0.6562817309568345,
      "start_to_goal_distance": 1.7396578788757324,
      "steps": 96.0,
      "control_effort": 0.6759657027820746,
      "episode_duration": 3.2,
      "time_to_goal": 3.2
    },
    {
      "episode_return": 90.2556437360621,
      "success": 1.0,
      "collision": 0.0,
      "distance_to_goal": 1.099818468093872,
      "route_line_lateral_error": 0.049515191465616226,
      "route_progress_ratio": 0.3737867811298769,
      "min_obstacle_distance": 3.191178560256958,
      "min_clearance": 2.841178560256958,
      "path_length": 0.667050578926137,
      "start_to_goal_distance": 1.7545193433761597,
      "steps": 95.0,
      "control_effort": 0.6759652332255714,
      "episode_duration": 3.1666666666666665,
      "time_to_goal": 3.1666666666666665
    },
    {
      "episode_return": 78.50828507315583,
      "success": 1.0,
      "collision": 0.0,
      "distance_to_goal": 1.0986342430114746,
      "route_line_lateral_error": 0.02837616764008999,
      "route_progress_ratio": 0.19562299166334018,
      "min_obstacle_distance": 2.755730390548706,
      "min_clearance": 2.405730390548706,
      "path_length": 0.26972694663345465,
      "start_to_goal_distance": 1.3653645515441895,
      "steps": 38.0,
      "control_effort": 0.6759641766548157,
      "episode_duration": 1.2666666666666666,
      "time_to_goal": 1.2666666666666666
    },
    {
      "episode_return": 88.90554747887242,
      "success": 1.0,
      "collision": 0.0,
      "distance_to_goal": 1.099041223526001,
      "route_line_lateral_error": 0.0457829087972641,
      "route_progress_ratio": 0.3276292841774151,
      "min_obstacle_distance": 2.5406696796417236,
      "min_clearance": 2.1906696796417235,
      "path_length": 0.5464963433332741,
      "start_to_goal_distance": 1.6331573724746704,
      "steps": 74.0,
      "control_effort": 0.6759634871740599,
      "episode_duration": 2.466666666666667,
      "time_to_goal": 2.466666666666667
    },
    {
      "episode_return": 90.99230041094181,
      "success": 1.0,
      "collision": 0.0,
      "distance_to_goal": 1.099049687385559,
      "route_line_lateral_error": 0.02410474233329296,
      "route_progress_ratio": 0.3963447647548355,
      "min_obstacle_distance": 3.3488423824310303,
      "min_clearance": 2.99884238243103,
      "path_length": 0.7309922856293269,
      "start_to_goal_distance": 1.8202201128005981,
      "steps": 103.0,
      "control_effort": 0.6759654740685398,
      "episode_duration": 3.433333333333333,
      "time_to_goal": 3.433333333333333
    },
    {
      "episode_return": 90.42088187759548,
      "success": 1.0,
      "collision": 0.0,
      "distance_to_goal": 1.0944387912750244,
      "route_line_lateral_error": 0.04401477053761482,
      "route_progress_ratio": 0.38019770940325703,
      "min_obstacle_distance": 3.2959394454956055,
      "min_clearance": 2.9459394454956054,
      "path_length": 0.6825403913171613,
      "start_to_goal_distance": 1.7643582820892334,
      "steps": 90.0,
      "control_effort": 0.6759658661153581,
      "episode_duration": 3.0,
      "time_to_goal": 3.0
    },
    {
      "episode_return": 89.21779329853754,
      "success": 1.0,
      "collision": 0.0,
      "distance_to_goal": 1.0981616973876953,
      "route_line_lateral_error": 0.08290814608335495,
      "route_progress_ratio": 0.34008715448397375,
      "min_obstacle_distance": 3.4677011966705322,
      "min_clearance": 3.117701196670532,
      "path_length": 0.5794734726187016,
      "start_to_goal_distance": 1.6593517065048218,
      "steps": 75.0,
      "control_effort": 0.675967222849528,
      "episode_duration": 2.5,
      "time_to_goal": 2.5
    },
    {
      "episode_return": 94.89126204304723,
      "success": 1.0,
      "collision": 0.0,
      "distance_to_goal": 1.097839117050171,
      "route_line_lateral_error": 0.07520296424627304,