{
  "episode_return": -114.3103004888556,
  "success": 0.0,
  "collision": 0.0,
  "distance_to_goal": 2.891723394393921,
  "route_line_lateral_error": 2.0014960765838623,
  "route_progress_ratio": 0.46667495225127253,
  "min_obstacle_distance": 0.9804330468177795,
  "min_clearance": 0.6304330468177796,
  "path_length": 2.9057444934154866,
  "start_to_goal_distance": 3.913414478302002,
  "steps": 720.0,
  "control_effort": 0.8884963899023003,
  "episode_duration": 24.0,
  "time_to_goal": null
}