{
  "summary": {
    "train_episode": 1220,
    "stage_index": 8,
    "stage_name": "target_bypass_commit_v2",
    "stage_episode": 240,
    "stage_eval_index": 22,
    "stage_target_hit": 0.0,
    "stage_success_streak": 0,
    "stage_best_success_rate": 0.4166666567325592,
    "stage_best_collision_rate": 0.1666666716337204,
    "stage_best_avg_return": 10.393216133117676,
    "stage_bad_eval_streak": 12,
    "stage_regression_active": 1.0,
    "stage_regression_bad_eval": 1.0,
    "stage_regression_absolute_drop": 0.4166666567325592,
    "stage_regression_relative_drop": 1.0,
    "stage_regression_detected": 1.0,
    "stage_rollback_applied": 0.0,
    "stage_plateau_recovery_applied": 0.0,
    "num_episodes": 12,
    "success_rate": 0.0,
    "collision_rate": 0.1666666716337204,
    "avg_episode_return": -138.9318389892578,
    "avg_path_length": 2.6306240558624268,
    "avg_episode_duration": 20.84722137451172,
    "avg_time_to_goal": 0.0,
    "avg_distance_to_goal": 3.198322296142578,
    "avg_route_line_lateral_error": 1.300391674041748,
    "avg_min_obstacle_distance": 0.6383861899375916,
    "avg_min_clearance": 0.28838616609573364,
    "avg_control_effort": 0.6564995646476746,
    "avg_path_efficiency": 0.0,
    "avg_steps": 625.4166870117188,
    "best_distance_to_goal": 1.8955433368682861,
    "best_route_line_lateral_error": 0.044358860701322556,
    "best_episode_return": -31.144855499267578,
    "deterministic": 1.0,
    "seed_offset": 100000
  },
  "episodes": [
    {
      "episode_return": -157.10054425620154,
      "success": 0.0,
      "collision": 0.0,
      "distance_to_goal": 3.5728726387023926,
      "route_line_lateral_error": 1.5947494506835938,
      "route_progress_ratio": 0.16389641542963507,
      "min_obstacle_distance": 0.8300377726554871,
      "min_clearance": 0.4800377726554871,
      "path_length": 2.7930758992151823,
      "start_to_goal_distance": 3.8239474296569824,
      "steps": 720.0,
      "control_effort": 0.691353296654092,
      "episode_duration": 24.0,
      "time_to_goal": null
    },
    {
      "episode_return": -114.45057181136868,
      "success": 0.0,
      "collision": 0.0,
      "distance_to_goal": 2.4300320148468018,
      "route_line_lateral_error": 1.2785007953643799,
      "route_progress_ratio": 0.40151135748394423,
      "min_obstacle_distance": 0.5994913578033447,
      "min_clearance": 0.24949135780334475,
      "path_length": 2.8213618336012587,
      "start_to_goal_distance": 3.4528915882110596,
      "steps": 720.0,
      "control_effort": 0.6911378358801206,
      "episode_duration": 24.0,
      "time_to_goal": null
    },
    {
      "episode_return": -152.90455131339357,
      "success": 0.0,
      "collision": 0.0,
      "distance_to_goal": 3.324039936065674,
      "route_line_lateral_error": 1.5754948854446411,
      "route_progress_ratio": 0.19426663825238796,
      "min_obstacle_distance": 0.674676239490509,
      "min_clearance": 0.32467623949050906,
      "path_length": 2.684118537705217,
      "start_to_goal_distance": 3.632657766342163,
      "steps": 720.0,
      "control_effort": 0.6922236905329757,
      "episode_duration": 24.0,
      "time_to_goal": null
    },
    {
      "episode_return": -109.5080177558099,
      "success": 0.0,
      "collision": 0.0,
      "distance_to_goal": 1.8955433368682861,
      "route_line_lateral_error": 1.1359938383102417,
      "route_progress_ratio": 0.5562667422051444,
      "min_obstacle_distance": 0.49921107292175293,
      "min_clearance": 0.14921107292175295,
      "path_length": 3.1956098667433253,
      "start_to_goal_distance": 3.4196953773498535,
      "steps": 720.0,
      "control_effort": 0.6705637254234817,
      "episode_duration": 24.0,
      "time_to_goal": null
    },
    {
      "episode_return": -31.144854997199786,
      "success": 0.0,
      "collision": 1.0,
      "distance_to_goal": 2.789565324783325,
      "route_line_lateral_error": 0.044358860701322556,
      "route_progress_ratio": 0.2621541294069031,
      "min_obstacle_distance": 0.3448215126991272,
      "min_clearance": -0.0051784873008727805,
      "path_length": 1.0080135289899772,
      "start_to_goal_distance": 3.780210494995117,
      "steps": 148.0,
      "control_effort": 0.5797614753246307,
      "episode_duration": 4.933333333333334,
      "time_to_goal": null
    },
    {
      "episode_return": -37.47739685461271,
      "success": 0.0,
      "collision": 1.0,
      "distance_to_goal": 2.765377998352051,
      "route_line_lateral_error": 0.11416181921958923,
      "route_progress_ratio": 0.27619237665892826,
      "min_obstacle_distance": 0.3487347960472107,
      "min_clearance": -0.0012652039527892844,
      "path_length": 1.0948254622489912,
      "start_to_goal_distance": 3.8173413276672363,
      "steps": 157.0,
      "control_effort": 0.5783761212020923,
      "episode_duration": 5.233333333333333,
      "time_to_goal": null
    },
    {
      "episode_return": -216.5672340632459,
      "success": 0.0,
      "collision": 0.0,
      "distance_to_goal": 2.5208802223205566,
      "route_line_lateral_error": 1.274254560470581,
      "route_progress_ratio": 0.36660095983079516,
      "min_obstacle_distance": 0.36791345477104187,
      "min_clearance": 0.017913454771041892,
      "path_length": 2.9428671916539315,
      "start_to_goal_distance": 3.4340314865112305,
      "steps": 720.0,
      "control_effort": 0.6864703928844796,
      "episode_duration": 24.0,
      "time_to_goal": null
    },
    {
      "episode_return": -219.68519230057115,
      "success": 0.0,
      "collision": 0.0,
      "distance_to_goal": 4.633973121643066,
      "route_line_lateral_error": 2.0888731479644775,
      "route_progress_ratio": 0.0,
      "min_obstacle_distance": 1.0086138248443604,
      "min_clearance": 0.6586138248443604,
      "path_length": 2.8933316827751696,
      "start_to_goal_distance": 3.6986794471740723,
      "steps": 720.0,
      "control_effort": 0.645835594046447,
      "episode_duration": 24.0,
      "time_to_goal": null
    },
    {
      "episode_return": -210.1074010166582,
      "success": 0.0,
      "collision": 0.0,
      "distance_to_goal": 4.685741901397705,
      "route_line_lateral_error": 2.0637030601501465,
      "route_progress_ratio": 0.0,
      "min_obstacle_distance": 0.9451892971992493,
      "min_clearance": 0.5951892971992493,
      "path_length": 2.925759775331244,
      "start_to_goal_distance": 3.913414478302002,
      "steps": 720.0,
      "control_effort": 0.6728310760938458,
      "episode_duration": 24.0,
      "time_to_goal": null
    },
    {
      "episode_return": -125.80406749892731,
      "success": 0.0,
      "collision": 0.0,
      "distance_to_goal": 2.7034969329833984,
      "route_line_lateral_error": 1.2553550004959106,
      "route_progress_ratio": 0.3825420132455983,
      "min_obstacle_distance": 0.5034389495849609,
      "min_clearance": 0.15343894958496096,
      "path_length": 3.0214805606665323,
      "start_to_goal_distance": 3.8777763843536377,
      "steps": 720.0,
      "control_effort": 0.6729803000059392,
      "episode_duration": 24.0,
      "time_to_goal": null
    },
    {
      "episode_return": -128.53320577705645,
      "success": 0.0,
      "collision": 0.0,
      "distance_to_goal": 2.9106476306915283,
      "route_line_lateral_error": 1.408136010169983,
      "route_progress_ratio": 0.3214520377742752,
      "min_obstacle_distance": 0.8114046454429626,
      "min_clearance": 0.46140464544296267,
      "path_length": 2.9949357783189043,
      "start_to_goal_distance": 3.7541279792785645,
      "steps": 720.0,
      "control_effort": 0.6512590679029624,
      "episode_duration": 24.0,
      "time_to_goal": null
    },
    {
      "episode_return": -163.89899402377188,
      "success": 0.0,
      "collision": 0.0,
      "distance_to_goal": 4.147698402404785,
      "route_line_lateral_error": 1.7711191177368164,
      "route_progress_ratio": 0.13389453993877595,